CUSTOM_TITLES;CUSTOM_TITLES;CUSTOM_TITLES;CUSTOM_TITLES;;CUSTOM_TITLES;;;;;;;;;x;
lord;Лорд;;;;;;;;;;;;;x;
lady;Леди;;;;;;;;;;;;;x;
sir;Сэр;;;;;;;;;;;;;x;
dame;Дама;;;;;;;;;;;;;x
title_cardinal;Каноник;;;;;;;;;;;;;x
magus_general;Магус-Генерал;;;;;;;;;;;;;x
sybil;Сибил;;;;;;;;;;;;;x;
beckoner;Зовущий;;;;;;;;;;;;;x;
brander;Поджигатель;;;;;;;;;;;;;x;
title_genghis;Чингиз;;;;;;;;;;;;;x
hortator;Наставник;;;;;;;;;;;;;x
elder;Древний;;;;;;;;;;;;;x
archmagister_emeritus;Архимаг;;;;;;;;;;;;;x
hegemon;Гегемон;;;;;;;;;;;;;x;
primate;Примас;;;;;;;;;;;;;x;
ulema;Улема;;;;;;;;;;;;;x
alimah;Алимах;;;;;;;;;;;;;x
adept;Адепт;;;;;;;;;;;;;x
first_sword;Первый Клинок;;;;;;;;;;;;;x;
sister;Сестра;;;;;;;;;;;;;x
brother;Брат;;;;;;;;;;;;;x
mouth;Уста;;;;;;;;;;;;;x;
lawman;Законник;;;;;;;;;;;;;x;
lawwoman;Законница;;;;;;;;;;;;;x;
diener;Слуга;;;;;;;;;;;;;x;
forgotten_mane;Забытая Грива;;;;;;;;;;;;;x
clan_mother;Матерь Клана;;;;;;;;;;;;;x
envoy_scholar;Ученый-Посланник;;;;;;;;;;;;;x;
headsman;Палач;;;;;;;;;;;;;x;
hegemona;Гегемона;;;;;;;;;;;;;x;
chief;Атаман;;;;;;;;;;;;;x;
chieftess;Атаманша;;;;;;;;;;;;;x;
title_histmage;Маг Хиста;;;;;;;;;;;;;x
title_histmage_desc;Маги Хиста служат, чтобы оберегать местные Хисты. Хотя это и почётная, но, в основном, хорошо известная духовная должность, которая обычно предоставляется магам.;;;;;;;;;;;;;x
throne_keeper;Хранитель Трона;;;;;;;;;;;;;x;
exarch;Экзарх;;;;;;;;;;;;;x;
exarchess;Экзархесса;;;;;;;;;;;;;x;
lord_hegemon;Лорд Гегемон;;;;;;;;;;;;;x;
chairman;Председатель;;;;;;;;;;;;;x;
chairwoman;Председательница;;;;;;;;;;;;;x;
archprelate;Архипрелат;;;;;;;;;;;;;x
prelate;Прелат;;;;;;;;;;;;;x;
prophetess;Провидица;;;;;;;;;;;;;x;
prophet;Провидец;;;;;;;;;;;;;x;
high_invoker;Верховный Призыватель;;;;;;;;;;;;;x;
leader;Лидер;;;;;;;;;;;;;x;
champion;Чемпион;;;;;;;;;;;;;x;
steward;Стюард;;;;;;;;;;;;;x;
pirate_enterprise_of;Пиратская Организация;;;;;;;;;;;;;x;
captain;Капитан;;;;;;;;;;;;;x;
baron_captain;Барон-Капитан;;;;;;;;;;;;;x
ahoy_captain;Капитан на палубе;;;;;;;;;;;;;x;
chief_flagellant;Главный Бичеватель;;;;;;;;;;;;;x;
chieftess_flagellant;Главная Бичевательница;;;;;;;;;;;;;x;
grand_master;Грандмастер;;;;;;;;;;;;;x;
grand_mistress;Грандмистерсс;;;;;;;;;;;;;x;
high_chief;Верховный Вождь;;;;;;;;;;;;;x;
high_chiefess;Верховная Предводительница;;;;;;;;;;;;;x;
high_chieftain;Верховный Предводитель;;;;;;;;;;;;;x;
high_chieftess;Верховная Предводительница;;;;;;;;;;;;;x;
watchmaster;Дозорный-Предводитель;;;;;;;;;;;;;x;
watchmistress;Дозорная-Предводительница;;;;;;;;;;;;;x;
mufti;Муфтий;;;;;;;;;;;;;x;
anchorite;Анахорет;;;;;;;;;;;;;x;
high_fane;Духовный Лидер;;;;;;;;;;;;;x;
arch_priest;Верховный Жрец;;;;;;;;;;;;;x;
eventide_master;Мастер Сумерек;;;;;;;;;;;;;x;
arch_mage;Архимаг;;;;;;;;;;;;;x;
grandmaster;Грандмастер;;;;;;;;;;;;;x;
grandmistress;Грандмистресса;;;;;;;;;;;;;x;
keeper;Дозорный;;;;;;;;;;;;;x;
high_keeper;Верховный Дозорный;;;;;;;;;;;;;x;
mistress;Мистресс;;;;;;;;;;;;;x;
master;Мастер;;;;;;;;;;;;;x;
knight;Рыцарь;;;;;;;;;;;;;x
knight_commander;Рыцарь-Командор;;;;;;;;;;;;;x;
selective;Избранный;;;;;;;;;;;;;x;
swordsinger;Певец Меча;;;;;;;;;;;;;x;
knight_paladin;Рыцарь-Паладин;;;;;;;;;;;;;x;
chief_huntress;Главная Охотница;;;;;;;;;;;;;x;
chief_hunter;Главный Охотник;;;;;;;;;;;;;x;
grand_marshal;Грандмаршал;;;;;;;;;;;;;x;
farseer;Прорицатель;;;;;;;;;;;;;x;
arbitrator;Арбитр;;;;;;;;;;;;;x;
your_highness;Ваше Величество;;;;;;;;;;;;;x;
lord_high_king;Лорд Верховный Король;;;;;;;;;;;;;x;
high_king;Верховный Король;;;;;;;;;;;;;x;
high_queen;Верховная Королева;;;;;;;;;;;;;x;
governor;Губернатор;;;;;;;;;;;;;x;
high_kinlady;Верховная Кайнледи;;;;;;;;;;;;;x;
castellan;Кастелян;;;;;;;;;;;;;x;
master_wizard;Мастер-Волшебник;;;;;;;;;;;;;x;
mistress_wizard;Мистресс-Волшебница;;;;;;;;;;;;;x;
groundskeeper;Главный Садовник;;;;;;;;;;;;;x;
harbormaster;Начальник порта;;;;;;;;;;;;;x;
harbormistress;Начальница порта;;;;;;;;;;;;;x;
prefect;Префект;;;;;;;;;;;;;x;
lord_mayor;Лорд-Мэр;;;;;;;;;;;;;x;
lady_mayor;Леди-Мэр;;;;;;;;;;;;;x;
abbot;Аббат;;;;;;;;;;;;;x;;
abbess;Аббатиса;;;;;;;;;;;;;x;
herald;Вестник;;;;;;;;;;;;;x;
prior;Приор;;;;;;;;;;;;;x;
prioress;Приоресса;;;;;;;;;;;;;x;
jarl;Ярл;;;;;;;;;;;;;x;
rootwarden;Хранитель Корня;;;;;;;;;;;;;x;
rootwardess;Хранительница Корня;;;;;;;;;;;;;x;
overlord;Военачальник;;;;;;;;;;;;;x;
overlady;Военачальница;;;;;;;;;;;;;x;
nightmare;Насылающий Кошмары;;;;;;;;;;;;;x;
ordinator;Ординатор;;;;;;;;;;;;;x;
aureal;Аурил;;;;;;;;;;;;;x;
mazken;Мазкен;;;;;;;;;;;;;x;
hedonist;Гедонист;;;;;;;;;;;;;x;
plague_lord;Чумной Лорд;;;;;;;;;;;;;x;
plague_lady;Чумная Леди;;;;;;;;;;;;;x;
nightingale;Соловей;;;;;;;;;;;;;x;
beggar_prince;Принц Нищих;;;;;;;;;;;;;x;
beggar_queen;Королева Нищих;;;;;;;;;;;;;x;
harvester;Жнец;;;;;;;;;;;;;x;
auroran;Аврорианец;;;;;;;;;;;;;x;
webmaster;Мастер Паутины;;;;;;;;;;;;;x;
webmistress;Мастерица Паутины;;;;;;;;;;;;;x;
bringer;Вестник;;;;;;;;;;;;;x;
lord_of_the_hunt;Лорд Охоты;;;;;;;;;;;;;x;
lady_of_the_hunt;Леди Охоты;;;;;;;;;;;;;x;
chief_librarian;Главный Библиотекарь;;;;;;;;;;;;;x;
chiefess_librarian;Главная Библиотекарша;;;;;;;;;;;;;x;
contractor;Контрактор;;;;;;;;;;;;;x;
master_of_secrets;Мастер Тайн;;;;;;;;;;;;;x;
mistress_of_secrets;Мистресса Тайн;;;;;;;;;;;;;x;
gravekeeper;Могильщик;;;;;;;;;;;;;x;
warden;Надзиратель;;;;;;;;;;;;;x;
wardress;Надзирательница;;;;;;;;;;;;;x;
head_warden;Head-Warden;;;;;;;;;;;;;x;
head_wardress;Head-Wardress;;;;;;;;;;;;;x;
empress_regent;Императрица-регент;;;;;;;;;;;;;x;
nisswo;Ниссво;;;;;;;;;;;;;x;
CULT_LEADER;Лидер;;;;;;;;;;;;;x;
CULT_LEADER_FOA;Мой лидер;;;;;;;;;;;;;x;
NEDIC_GENERIC_TITLES;NEDIC_GENERIC_TITLES;NEDIC_GENERIC_TITLES;NEDIC_GENERIC_TITLES;;NEDIC_GENERIC_TITLES;;;;;;;;;x;
baron_nedic;Лорд;;;;;;;;;;;;;x;
baron_female_nedic;Леди;;;;;;;;;;;;;x;
barony_of_nedic;Владение;;;;;;;;;;;;;x;
count_nedic;Барон;;;;;;;;;;;;;x;
count_female_nedic;Баронесса;;;;;;;;;;;;;x;
county_of_nedic;Баронство;;;;;;;;;;;;;x;
duke_nedic;Граф;;;;;;;;;;;;;x;
duke_female_nedic;Графиня;;;;;;;;;;;;;x;
duchy_of_nedic;Графство;;;;;;;;;;;;;x;
king_nedic;Король;;;;;;;;;;;;;x;
king_female_nedic;Королева;;;;;;;;;;;;;x;
kingdom_of_nedic;Королевство;;;;;;;;;;;;;x;
emperor_nedic;Император;;;;;;;;;;;;;x;
emperor_female_nedic;Императрица;;;;;;;;;;;;;x;
empire_of_nedic;Империя;;;;;;;;;;;;;x;
city_baron_nedic;Мэр;;;;;;;;;;;;;x;
city_baron_female_nedic;Мэр;;;;;;;;;;;;;x;
city_barony_of_nedic;Город;;;;;;;;;;;;;x;
city_count_nedic;Лорд-мэр;;;;;;;;;;;;;x;
city_count_female_nedic;Леди-мэр;;;;;;;;;;;;;x;
city_county_of_nedic;Великий город;;;;;;;;;;;;;x;
city_duke_nedic;Губернатор;;;;;;;;;;;;;x;
city_duke_female_nedic;Губернатор;;;;;;;;;;;;;x;
city_duchy_of_nedic;Свободные провинции;;;;;;;;;;;;;x;
city_king_nedic;Лорд-протектор;;;;;;;;;;;;;x;
city_king_female_nedic;Леди-протектор;;;;;;;;;;;;;x;
city_kingdom_of_nedic;Республика;;;;;;;;;;;;;x;
city_emperor_nedic;Потентат;;;;;;;;;;;;;x;
city_emperor_female_nedic;Потентат;;;;;;;;;;;;;x;
city_empire_of_nedic;Суверенитет;;;;;;;;;;;;;x;
job_spiritual;Магистр;;;;;;;;;;;;;x;
BRETON_CULTURAL_TITLES;BRETON_CULTURAL_TITLES;BRETON_CULTURAL_TITLES;BRETON_CULTURAL_TITLES;;BRETON_CULTURAL_TITLES;;;;;;;;;x;
baron_breton;Лорд;;;;;;;;;;;;;x;
baron_female_breton;Леди;;;;;;;;;;;;;x;
barony_of_breton;Владение;;;;;;;;;;;;;x;
count_breton;Барон;;;;;;;;;;;;;x;
count_female_breton;Баронесса;;;;;;;;;;;;;x;
county_of_breton;Баронство;;;;;;;;;;;;;x;
duke_breton;Герцог;;;;;;;;;;;;;x;
duke_female_breton;Герцогиня;;;;;;;;;;;;;x;
duchy_of_breton;Герцогство;;;;;;;;;;;;;x;
king_breton;Король;;;;;;;;;;;;;x;
king_female_breton;Королева;;;;;;;;;;;;;x;
kingdom_of_breton;Королевство;;;;;;;;;;;;;x;
emperor_breton;Император;;;;;;;;;;;;;x;
emperor_female_breton;Императрица;;;;;;;;;;;;;x;
empire_of_breton;Империя;;;;;;;;;;;;;x;
city_baron_breton;Мэр;;;;;;;;;;;;;x;
city_baron_female_breton;Мэр;;;;;;;;;;;;;x;
city_barony_of_breton;Город;;;;;;;;;;;;;x;
city_count_breton;Лорд-мэр;;;;;;;;;;;;;x;
city_count_female_breton;Леди-мэр;;;;;;;;;;;;;x;
city_county_of_breton;Великий город;;;;;;;;;;;;;x;
city_duke_breton;Губернатор;;;;;;;;;;;;;x;
city_duke_female_breton;Губернатор;;;;;;;;;;;;;x;
city_duchy_of_breton;Свободные провинции;;;;;;;;;;;;;x;
city_king_breton;Король;;;;;;;;;;;;;x;
city_king_female_breton;Королева;;;;;;;;;;;;;x;
city_kingdom_of_breton;Королевство;;;;;;;;;;;;;x;
city_emperor_breton;Император;;;;;;;;;;;;;x;
city_emperor_female_breton;Императрица;;;;;;;;;;;;;x;
city_empire_of_breton;Империя;;;;;;;;;;;;;x;
family_palace_baron_breton;Торговый принц;;;;;;;;;;;;;x;
family_palace_baron_female_breton;Торговая принцесса;;;;;;;;;;;;;x;
family_palace_barony_of_breton;Поместье;;;;;;;;;;;;;x;
NORD_CULTURAL_TITLES;NORD_CULTURAL_TITLES;NORD_CULTURAL_TITLES;NORD_CULTURAL_TITLES;;NORD_CULTURAL_TITLES;;;;;;;;;x;
baron_nord;Лорд;;;;;;;;;;;;;x;
baron_female_nord;Леди;;;;;;;;;;;;;x;
barony_of_nord;Владение;;;;;;;;;;;;;x;
count_nord;Тан;;;;;;;;;;;;;x;
count_female_nord;Тан;;;;;;;;;;;;;x;
county_of_nord;Танство;;;;;;;;;;;;;x;
duke_nord;Ярл;;;;;;;;;;;;;x;
duke_female_nord;Ярл;;;;;;;;;;;;;x;
duchy_of_nord;Ярлство;;;;;;;;;;;;;x;
king_nord;Король;;;;;;;;;;;;;x;
king_female_nord;Королева;;;;;;;;;;;;;x;
kingdom_of_nord;Королевство;;;;;;;;;;;;;x;
emperor_nord;Император;;;;;;;;;;;;;x;
emperor_female_nord;Императрица;;;;;;;;;;;;;x;
empire_of_nord;Империя;;;;;;;;;;;;;x;
city_baron_nord;Мэр;;;;;;;;;;;;;x;
city_baron_female_nord;Мэр;;;;;;;;;;;;;x;
city_barony_of_nord;Город;;;;;;;;;;;;;x;
city_count_nord;Лорд-мэр;;;;;;;;;;;;;x;
city_count_female_nord;Леди-мэр;;;;;;;;;;;;;x;
city_county_of_nord;Великий город;;;;;;;;;;;;;x;
city_duke_nord;Протектор;;;;;;;;;;;;;x;
city_duke_female_nord;Протектор;;;;;;;;;;;;;x;
city_duchy_of_nord;Свободные владения;;;;;;;;;;;;;x;
city_king_nord;Протектор союза;;;;;;;;;;;;;x;
city_king_female_nord;Протектор союза;;;;;;;;;;;;;x;
city_kingdom_of_nord;Союз;;;;;;;;;;;;;x;
city_emperor_nord;Император-протектор;;;;;;;;;;;;;x;
city_emperor_female_nord;Императрица-протектор;;;;;;;;;;;;;x;
city_empire_of_nord;Имперский союз;;;;;;;;;;;;;x;
job_chancellor_nord;Тан Закона;;;;;;;;;;;;;x;
SKAAL_CULTURAL_TITLES;SKAAL_CULTURAL_TITLES;SKAAL_CULTURAL_TITLES;SKAAL_CULTURAL_TITLES;;SKAAL_CULTURAL_TITLES;;;;;;;;;x;
baron_skaal;Вождь;;;;;;;;;;;;;x;
baron_female_skaal;Вождь;;;;;;;;;;;;;x;
barony_of_skaal;Усадьба;;;;;;;;;;;;;x;
count_skaal;Тан;;;;;;;;;;;;;x;
count_female_skaal;Тан;;;;;;;;;;;;;x;
county_of_skaal;Танство;;;;;;;;;;;;;x;
duke_skaal;Ярл;;;;;;;;;;;;;x;
duke_female_skaal;Ярл;;;;;;;;;;;;;x;
duchy_of_skaal;Ярлство;;;;;;;;;;;;;x;
king_skaal;Король;;;;;;;;;;;;;x;
king_female_skaal;Королева;;;;;;;;;;;;;x;
kingdom_of_skaal;Королевство;;;;;;;;;;;;;x;
emperor_skaal;Император;;;;;;;;;;;;;x;
emperor_female_skaal;Императрица;;;;;;;;;;;;;x;
empire_of_skaal;Империя;;;;;;;;;;;;;x;
city_baron_skaal;Мэр;;;;;;;;;;;;;x;
city_baron_female_skaal;Мэр;;;;;;;;;;;;;x;
city_barony_of_skaal;Город;;;;;;;;;;;;;x;
city_count_skaal;Лорд-мэр;;;;;;;;;;;;;x;
city_count_female_skaal;Леди-мэр;;;;;;;;;;;;;x;
city_county_of_skaal;Великий город;;;;;;;;;;;;;x;
city_duke_skaal;Протектор;;;;;;;;;;;;;x;
city_duke_female_skaal;Протектор;;;;;;;;;;;;;x;
city_duchy_of_skaal;Свободные владения;;;;;;;;;;;;;x;
city_king_skaal;Протектор союза;;;;;;;;;;;;;x;
city_king_female_skaal;Протектор союза;;;;;;;;;;;;;x;
city_kingdom_of_skaal;Союз;;;;;;;;;;;;;x;
city_emperor_skaal;Император-протектор;;;;;;;;;;;;;x;
city_emperor_female_skaal;Императрица-протектор;;;;;;;;;;;;;x;
city_empire_of_skaal;Великий союз;;;;;;;;;;;;;x;
job_chancellor_skaal;Тан Закона;;;;;;;;;;;;;x;
job_marshal_skaal;Тан Войны;;;;;;;;;;;;;x;
job_treasurer_skaal;Костяной Тан;;;;;;;;;;;;;x;
job_spymaster_skaal;Теневой Тан;;;;;;;;;;;;;x;
job_spiritual_skaal;Хранитель Знаний;;;;;;;;;;;;;x;
REACHMEN_CULTURAL_TITLES;REACHMEN_CULTURAL_TITLES;REACHMEN_CULTURAL_TITLES;REACHMEN_CULTURAL_TITLES;;REACHMEN_CULTURAL_TITLES;;;;;;;;;x;
baron_reachmen;Вождь;;;;;;;;;;;;;x;
baron_female_reachmen;Вождь;;;;;;;;;;;;;x;
barony_of_reachmen;Оплот;;;;;;;;;;;;;x;
count_reachmen;Военный вождь;;;;;;;;;;;;;x;
count_female_reachmen;Военный вождь;;;;;;;;;;;;;x;
county_of_reachmen;Вождество;;;;;;;;;;;;;x;
duke_reachmen;Верховный вождь;;;;;;;;;;;;;x;
duke_female_reachmen;Верховный вождь;;;;;;;;;;;;;x;
duchy_of_reachmen;Верховное вождество;;;;;;;;;;;;;x;
king_reachmen;Король;;;;;;;;;;;;;x;
king_female_reachmen;Королева;;;;;;;;;;;;;x;
kingdom_of_reachmen;Королевство;;;;;;;;;;;;;x;
emperor_reachmen;Император;;;;;;;;;;;;;x;
emperor_female_reachmen;Императрица;;;;;;;;;;;;;x;
empire_of_reachmen;Империя;;;;;;;;;;;;;x;
city_baron_reachmen;Шериф;;;;;;;;;;;;;x;
city_baron_female_reachmen;Шериф;;;;;;;;;;;;;x;
city_barony_of_reachmen;Город;;;;;;;;;;;;;x;
city_count_reachmen;Великий мэр;;;;;;;;;;;;;x;
city_count_female_reachmen;Великий мэр;;;;;;;;;;;;;x;
city_county_of_reachmen;Великий город;;;;;;;;;;;;;x;
city_duke_reachmen;Губернатор;;;;;;;;;;;;;x;
city_duke_female_reachmen;Губернатор;;;;;;;;;;;;;x;
city_duchy_of_reachmen;Полис;;;;;;;;;;;;;x;
city_king_reachmen;Первый министр;;;;;;;;;;;;;x;
city_king_female_reachmen;Первый министр;;;;;;;;;;;;;x;
city_kingdom_of_reachmen;Республика;;;;;;;;;;;;;x;
city_emperor_reachmen;Властитель;;;;;;;;;;;;;x;
city_emperor_female_reachmen;Властительница;;;;;;;;;;;;;x;
city_empire_of_reachmen;Суверенитет;;;;;;;;;;;;;x;
job_marshal_reachmen;Военный Вождь;;;;;;;;;;;;;x;
job_spiritual_skaal;Ритуалист;;;;;;;;;;;;;x;
YOKUDAN_GENERIC_TITLES;YOKUDAN_GENERIC_TITLES;YOKUDAN_GENERIC_TITLES;YOKUDAN_GENERIC_TITLES;;YOKUDAN_GENERIC_TITLES;;;;;;;;;x;
baron_yokudan_group;Лорд;;;;;;;;;;;;;x;
baron_female_yokudan_group;Леди;;;;;;;;;;;;;x;
barony_of_yokudan_group;Владение;;;;;;;;;;;;;x;
count_yokudan_group;Барон;;;;;;;;;;;;;x;
count_female_yokudan_group;Баронесса;;;;;;;;;;;;;x;
county_of_yokudan_group;Баронство;;;;;;;;;;;;;x;
duke_yokudan_group;Гранд;;;;;;;;;;;;;x;
duke_female_yokudan_group;Грандесса;;;;;;;;;;;;;x;
duchy_of_yokudan_group;Грандство;;;;;;;;;;;;;x;
king_yokudan_group;Король;;;;;;;;;;;;;x;
king_female_yokudan_group;Королева;;;;;;;;;;;;;x;
kingdom_of_yokudan_group;Королевство;;;;;;;;;;;;;x;
emperor_yokudan_group;Император;;;;;;;;;;;;;x;
emperor_female_yokudan_group;Императрица;;;;;;;;;;;;;x;
empire_of_yokudan_group;Империя;;;;;;;;;;;;;x;
city_baron_yokudan_group;Мэр;;;;;;;;;;;;;x;
city_baron_female_yokudan_group;Мэр;;;;;;;;;;;;;x;
city_barony_of_yokudan_group;Город;;;;;;;;;;;;;x;
city_count_yokudan_group;Лорд-мэр;;;;;;;;;;;;;x;
city_count_female_yokudan_group;Леди-мэр;;;;;;;;;;;;;x;
city_county_of_yokudan_group;Великий город;;;;;;;;;;;;;x;
city_duke_yokudan_group;Губернатор;;;;;;;;;;;;;x;
city_duke_female_yokudan_group;Губернатор;;;;;;;;;;;;;x;
city_duchy_of_yokudan_group;Свободные провинции;;;;;;;;;;;;;x;
city_king_yokudan_group;Первый министр;;;;;;;;;;;;;x;
city_king_female_yokudan_group;Первый министр;;;;;;;;;;;;;x;
city_kingdom_of_yokudan_group;Республика;;;;;;;;;;;;;x;
city_emperor_yokudan_group;Властитель;;;;;;;;;;;;;x;
city_emperor_female_yokudan_group;Властительница;;;;;;;;;;;;;x;
city_empire_of_yokudan_group;Суверенитет;;;;;;;;;;;;;x;
job_spiritual_yokudan;Имам;;;;;;;;;;;;;x;
YOKUDAN_TITLES;YOKUDAN_TITLES;YOKUDAN_TITLES;YOKUDAN_TITLES;;YOKUDAN_TITLES;;;;;;;;;x;
king_yokudan_group;Йокеда;;;;;;;;;;;;;x;
king_female_yokudan_group;Йокеда;;;;;;;;;;;;;x;
emperor_yokudan;Старший Йокеда;;;;;;;;;;;;;x;
emperor_female_yokudan;Старший Йокеда;;;;;;;;;;;;;x;
ALDMERIS_GENERIC_TITLES;ALDMERIS_GENERIC_TITLES;ALDMERIS_GENERIC_TITLES;ALDMERIS_GENERIC_TITLES;;ALDMERIS_GENERIC_TITLES;;;;;;;;;x;
baron_aldmeris;Лорд;;;;;;;;;;;;;x;
baron_female_aldmeris;Леди;;;;;;;;;;;;;x;
barony_of_aldmeris;Владение;;;;;;;;;;;;;x;
count_aldmeris;Барон;;;;;;;;;;;;;x;
count_female_aldmeris;Баронесса;;;;;;;;;;;;;x;
county_of_aldmeris;Баронство;;;;;;;;;;;;;x;
duke_aldmeris;Принц;;;;;;;;;;;;;x;
duke_female_aldmeris;Принцесса;;;;;;;;;;;;;x;
duchy_of_aldmeris;Принципалити;;;;;;;;;;;;;x;
king_aldmeris;Король;;;;;;;;;;;;;x;
king_female_aldmeris;Королева;;;;;;;;;;;;;x;
kingdom_of_aldmeris;Королевство;;;;;;;;;;;;;x;
emperor_aldmeris;Император;;;;;;;;;;;;;x;
emperor_female_aldmeris;Императрица;;;;;;;;;;;;;x;
empire_of_aldmeris;Империя;;;;;;;;;;;;;x;
city_baron_aldmeris;Мэр;;;;;;;;;;;;;x;
city_baron_female_aldmeris;Мэр;;;;;;;;;;;;;x;
city_barony_of_aldmeris;Город;;;;;;;;;;;;;x;
city_count_aldmeris;Лорд-мэр;;;;;;;;;;;;;x;
city_count_female_aldmeris;Леди-мэр;;;;;;;;;;;;;x;
city_county_of_aldmeris;Великий город;;;;;;;;;;;;;x;
city_duke_aldmeris;Губернатор;;;;;;;;;;;;;x;
city_duke_female_aldmeris;Губернатор;;;;;;;;;;;;;x;
city_duchy_of_aldmeris;Полис;;;;;;;;;;;;;x;
city_king_aldmeris;Первый министр;;;;;;;;;;;;;x;
city_king_female_aldmeris;Первый министр;;;;;;;;;;;;;x;
city_kingdom_of_aldmeris;Республика;;;;;;;;;;;;;x;
city_emperor_aldmeris;Потентат;;;;;;;;;;;;;x;
city_emperor_female_aldmeris;Потентат;;;;;;;;;;;;;x;
city_empire_of_aldmeris;Суверенитет;;;;;;;;;;;;;x;
ALTMER_CULTURAL_TITLES;ALTMER_CULTURAL_TITLES;ALTMER_CULTURAL_TITLES;ALTMER_CULTURAL_TITLES;;ALTMER_CULTURAL_TITLES;;;;;;;;;x;
baron_altmer;Лорд;;;;;;;;;;;;;x;
baron_female_altmer;Леди;;;;;;;;;;;;;x;
barony_of_altmer;Владение;;;;;;;;;;;;;x;
count_altmer;Барон;;;;;;;;;;;;;x;
count_female_altmer;Баронесса;;;;;;;;;;;;;x;
county_of_altmer;Баронство;;;;;;;;;;;;;x;
duke_altmer;Кайнлорд;;;;;;;;;;;;;x;
duke_female_altmer;Кайнледи;;;;;;;;;;;;;x;
duchy_of_altmer;Кайнхолд;;;;;;;;;;;;;x;
king_altmer;Верховный Кайнлорд;;;;;;;;;;;;;x;
king_female_altmer;Верховная Кайнледи;;;;;;;;;;;;;x;
kingdom_of_altmer;Королевство;;;;;;;;;;;;;x;
emperor_altmer;Примарх;;;;;;;;;;;;;x;
emperor_female_altmer;Примарх;;;;;;;;;;;;;x;
empire_of_altmer;Доминион;;;;;;;;;;;;;x;
city_baron_altmer;Мэр;;;;;;;;;;;;;x;
city_baron_female_altmer;Мэр;;;;;;;;;;;;;x;
city_barony_of_altmer;Город;;;;;;;;;;;;;x;
city_count_altmer;Лорд-мэр;;;;;;;;;;;;;x;
city_count_female_altmer;Леди-мэр;;;;;;;;;;;;;x;
city_county_of_altmer;Великий город;;;;;;;;;;;;;x;
city_duke_altmer;Губернатор;;;;;;;;;;;;;x;
city_duke_female_altmer;Губернатор;;;;;;;;;;;;;x;
city_duchy_of_altmer;Полис;;;;;;;;;;;;;x;
city_king_altmer;Первый министр;;;;;;;;;;;;;x;
city_king_female_altmer;Первый министр;;;;;;;;;;;;;x;
city_kingdom_of_altmer;Республика;;;;;;;;;;;;;x;
city_emperor_altmer;Потентат;;;;;;;;;;;;;x;
city_emperor_female_altmer;Потентат;;;;;;;;;;;;;x;
city_empire_of_altmer;Суверенитет;;;;;;;;;;;;;x;
job_treasurer_altmer;Оптимат;;;;;;;;;;;;;x
job_chancellor_altmer;Наместник;;;;;;;;;;;;;x;
job_marshal_altmer;Главный Юстициар;;;;;;;;;;;;;x;
job_spymaster_altmer;Канварот;;;;;;;;;;;;;x
job_spiritual_altmer;Небесный Прокурор;;;;;;;;;;;;;x;
REGENT_altmer;Уполномоченный Правителем;;;;;;;;;;;;;x;
title_appointed_regent_altmer;Назначенный с согласия правителя;;;;;;;;;;;;;x;
AYLEID_CULTURAL_TITLES;AYLEID_CULTURAL_TITLES;AYLEID_CULTURAL_TITLES;AYLEID_CULTURAL_TITLES;;AYLEID_CULTURAL_TITLES;;;;;;;;;x;
baron_ayleid;Пелин;;;;;;;;;;;;;x;
baron_female_ayleid;Пелин;;;;;;;;;;;;;x;
barony_of_ayleid;Пелинсел;;;;;;;;;;;;;x;
count_ayleid;Арпен;;;;;;;;;;;;;x;
count_female_ayleid;Арпен;;;;;;;;;;;;;x;
county_of_ayleid;Арпенсел;;;;;;;;;;;;;x;
duke_ayleid;Маларпен;;;;;;;;;;;;;x;
duke_female_ayleid;Маларпен;;;;;;;;;;;;;x;
duchy_of_ayleid;Маларпенсел;;;;;;;;;;;;;x;
king_ayleid;Аран;;;;;;;;;;;;;x;
king_female_ayleid;Аран;;;;;;;;;;;;;x;
kingdom_of_ayleid;Арансел;;;;;;;;;;;;;x;
emperor_ayleid;Маларан;;;;;;;;;;;;;x;
emperor_female_ayleid;Маларан;;;;;;;;;;;;;x;
empire_of_ayleid;Маларансел;;;;;;;;;;;;;x;
temple_baron_ayleid;Адабуро;;;;;;;;;;;;;x;
temple_baron_female_ayleid;Адабуро;;;;;;;;;;;;;x;
temple_barony_of_ayleid;Адамас;;;;;;;;;;;;;x;
temple_count_ayleid;Дарпен;;;;;;;;;;;;;x;
temple_count_female_ayleid;Дарпен;;;;;;;;;;;;;x;
temple_county_of_ayleid;Атда;;;;;;;;;;;;;x;
temple_duke_ayleid;Маладарпен;;;;;;;;;;;;;x;
temple_duke_female_ayleid;Маладарпен;;;;;;;;;;;;;x;
temple_duchy_of_ayleid;Малада;;;;;;;;;;;;;x;
temple_king_ayleid;Адаран;;;;;;;;;;;;;x;
temple_king_female_ayleid;Адаран;;;;;;;;;;;;;x;
temple_kingdom_of_ayleid;Аранда;;;;;;;;;;;;;x;
temple_emperor_ayleid;Маладаран;;;;;;;;;;;;;x;
temple_emperor_female_ayleid;Маладаран;;;;;;;;;;;;;x;
temple_empire_of_ayleid;Маларанда;;;;;;;;;;;;;x;
BOSMER_CULTURAL_TITLES;BOSMER_CULTURAL_TITLES;BOSMER_CULTURAL_TITLES;BOSMER_CULTURAL_TITLES;;BOSMER_CULTURAL_TITLES;;;;;;;;;x;
baron_bosmer;Предводитель;;;;;;;;;;;;;x;
baron_female_bosmer;Предводительница;;;;;;;;;;;;;x;
barony_of_bosmer;Владение Клана;;;;;;;;;;;;;x;
count_bosmer;Вождь;;;;;;;;;;;;;x;
count_female_bosmer;Вождица;;;;;;;;;;;;;x;
county_of_bosmer;Вождество;;;;;;;;;;;;;x;
duke_bosmer;Древесный Тан;;;;;;;;;;;;;x;
duke_female_bosmer;Древесный Тан;;;;;;;;;;;;;x;
duchy_of_bosmer;Древесное Танство;;;;;;;;;;;;;x;
CHIMERIS_GENERIC_TITLES;CHIMERIS_GENERIC_TITLES;CHIMERIS_GENERIC_TITLES;CHIMERIS_GENERIC_TITLES;;CHIMERIS_GENERIC_TITLES;;;;;;;;;x;
baron_chimeris;Сэра;;;;;;;;;;;;;x;
baron_female_chimeris;Сэра;;;;;;;;;;;;;x;
barony_of_chimeris;Владение;;;;;;;;;;;;;x;
count_chimeris;Мутсэра;;;;;;;;;;;;;x;
count_female_chimeris;Мутсэра;;;;;;;;;;;;;x;
county_of_chimeris;Баронство;;;;;;;;;;;;;x;
duke_chimeris;Герцог;;;;;;;;;;;;;x;
duke_female_chimeris;Герцогиня;;;;;;;;;;;;;x;
duchy_of_chimeris;Герцогство;;;;;;;;;;;;;x;
king_chimeris;Король;;;;;;;;;;;;;x;
king_female_chimeris;Королева;;;;;;;;;;;;;x;
kingdom_of_chimeris;Королевство;;;;;;;;;;;;;x;
emperor_chimeris;Император;;;;;;;;;;;;;x;
emperor_female_chimeris;Императрица;;;;;;;;;;;;;x;
empire_of_chimeris;Империя;;;;;;;;;;;;;x;
city_baron_chimeris;Мэр;;;;;;;;;;;;;x;
city_baron_female_chimeris;Мэр;;;;;;;;;;;;;x;
city_barony_of_chimeris;Город;;;;;;;;;;;;;x;
city_count_chimeris;Лорд-мэр;;;;;;;;;;;;;x;
city_count_female_chimeris;Леди-мэр;;;;;;;;;;;;;x;
city_county_of_chimeris;Великий город;;;;;;;;;;;;;x;
city_duke_chimeris;Губернатор;;;;;;;;;;;;;x;
city_duke_female_chimeris;Губернатор;;;;;;;;;;;;;x;
city_duchy_of_chimeris;Полис;;;;;;;;;;;;;x;
city_king_chimeris;Первый министр;;;;;;;;;;;;;x;
city_king_female_chimeris;Первый министр;;;;;;;;;;;;;x;
city_kingdom_of_chimeris;Республика;;;;;;;;;;;;;x;
city_emperor_chimeris;Потентат;;;;;;;;;;;;;x;
city_emperor_female_chimeris;Потентат;;;;;;;;;;;;;x;
city_empire_of_chimeris;Суверенитет;;;;;;;;;;;;;x;
DUNMER_ARCHMAGISTER;Архимагистр;;;;;;;;;;;;;x ;
DUNMER_ARCHMAGISTER_FEMALE;Архимагистра;;;;;;;;;;;;;x ;
DUNMER_ARCHMAGISTER_FOA;Архимагистр;;;;;;;;;;;;;x;
DUNMER_ARCHMASTER;Архимастер;;;;;;;;;;;;;x;
DUNMER_ARCHMASTER_FEMALE;Архимистресса;;;;;;;;;;;;;x;
DUNMER_ARCHMASTER_FOA;Архимастер;;;;;;;;;;;;;x;
DUNMER_GRANDMASTER;Грандмастер;;;;;;;;;;;;;x;
DUNMER_GRANDMASTER_FEMALE;Грандмистресса;;;;;;;;;;;;;x;
DUNMER_GRANDMASTER_FOA;Грандмастер;;;;;;;;;;;;;x;
title_telvanni_magister;Магистр;;;;;;;;;;;;;x;
title_telvanni_magister_desc;Для членов Великого дома Телванни, Магистр - это необычайно опытный специалист в области магии и изворотливости. Магистры уступают только самому Архимагистру, но всё же действуют довольно независимо.;;;;;;;;;;;;;x;
ORSIMER_CULTURAL_TITLES;ORSIMER_CULTURAL_TITLES;ORSIMER_CULTURAL_TITLES;ORSIMER_CULTURAL_TITLES;;ORSIMER_CULTURAL_TITLES;;;;;;;;;x;
baron_orsimer;Вождь;;;;;;;;;;;;;x;
baron_female_orsimer;Вождь;;;;;;;;;;;;;x;
barony_of_orsimer;Усадьба;;;;;;;;;;;;;x;
count_orsimer;Военный вождь;;;;;;;;;;;;;x;
count_female_orsimer;Военный вождь;;;;;;;;;;;;;x;
county_of_orsimer;Вождество;;;;;;;;;;;;;x;
duke_orsimer;Великий вождь;;;;;;;;;;;;;x;
duke_female_orsimer;Великий вождь;;;;;;;;;;;;;x;
duchy_of_orsimer;Великое вождество;;;;;;;;;;;;;x;
king_orsimer;Король;;;;;;;;;;;;;x;
king_female_orsimer;Королева;;;;;;;;;;;;;x;
kingdom_of_orsimer;Королевство;;;;;;;;;;;;;x;
emperor_orsimer;Император;;;;;;;;;;;;;x;
emperor_female_orsimer;Императрица;;;;;;;;;;;;;x;
empire_of_orsimer;Империя;;;;;;;;;;;;;x;
city_baron_orsimer;Шериф;;;;;;;;;;;;;x;
city_baron_female_orsimer;Шериф;;;;;;;;;;;;;x;
city_barony_of_orsimer;Город;;;;;;;;;;;;;x;
city_count_orsimer;Великий мэр;;;;;;;;;;;;;x;
city_count_female_orsimer;Великий мэр;;;;;;;;;;;;;x;
city_county_of_orsimer;Великий город;;;;;;;;;;;;;x;
city_duke_orsimer;Губернатор;;;;;;;;;;;;;x;
city_duke_female_orsimer;Губернатор;;;;;;;;;;;;;x;
city_duchy_of_orsimer;Полис;;;;;;;;;;;;;x;
city_king_orsimer;Первый министр;;;;;;;;;;;;;x;
city_king_female_orsimer;Первый министр;;;;;;;;;;;;;x;
city_kingdom_of_orsimer;Республика;;;;;;;;;;;;;x;
city_emperor_orsimer;Властитель;;;;;;;;;;;;;x;
city_emperor_female_orsimer;Властительница;;;;;;;;;;;;;x;
city_empire_of_orsimer;Суверенитет;;;;;;;;;;;;;x;
job_marshal_orsimer;Военный Вождь;;;;;;;;;;;;;x;
job_spiritual_orsimer;Хранитель Знаний;;;;;;;;;;;;;x;
title_queen_mother_orsimer;Матерь-Кузни;;;;;;;;;;;;;x
ASHLANDER_CULTURAL_TITLES;ASHLANDER_CULTURAL_TITLES;ASHLANDER_CULTURAL_TITLES;ASHLANDER_CULTURAL_TITLES;;ASHLANDER_CULTURAL_TITLES;;;;;;;;;x;
baron_ashlander;Хан;;;;;;;;;;;;;x;
baron_female_ashlander;Хан;;;;;;;;;;;;;x;
barony_of_ashlander;Ханство;;;;;;;;;;;;;x;
count_ashlander;Гулахан;;;;;;;;;;;;;x;
count_female_ashlander;Гулахан;;;;;;;;;;;;;x;
county_of_ashlander;Гулаханство;;;;;;;;;;;;;x;
duke_ashlander;Ашхан;;;;;;;;;;;;;x;
duke_female_ashlander;Ашхан;;;;;;;;;;;;;x;
duchy_of_ashlander;Ашханство;;;;;;;;;;;;;x;
king_ashlander;Когохан;;;;;;;;;;;;;x;
king_female_ashlander;Когохан;;;;;;;;;;;;;x;
kingdom_of_ashlander;Когоханство;;;;;;;;;;;;;x;
emperor_ashlander;Гаххан;;;;;;;;;;;;;x;
emperor_female_ashlander;Гаххан;;;;;;;;;;;;;x;
empire_of_ashlander;Гахханство;;;;;;;;;;;;;x;
city_baron_ashlander;Старейшина;;;;;;;;;;;;;x;
city_baron_female_ashlander;Старейшина;;;;;;;;;;;;;x;
city_barony_of_ashlander;Деревня;;;;;;;;;;;;;x;
city_count_ashlander;Великий старейшина;;;;;;;;;;;;;x;
city_count_female_ashlander;Великая старейшина;;;;;;;;;;;;;x;
city_county_of_ashlander;Великая деревня;;;;;;;;;;;;;x;
city_duke_ashlander;Губернатор;;;;;;;;;;;;;x;
city_duke_female_ashlander;Губернатор;;;;;;;;;;;;;x;
city_duchy_of_ashlander;Полис;;;;;;;;;;;;;x;
city_king_ashlander;Первый министр;;;;;;;;;;;;;x;
city_king_female_ashlander;Первый министр;;;;;;;;;;;;;x;
city_kingdom_of_ashlander;Республика;;;;;;;;;;;;;x;
city_emperor_ashlander;Властитель;;;;;;;;;;;;;x;
city_emperor_female_ashlander;Властительница;;;;;;;;;;;;;x;
city_empire_of_ashlander;Суверенитет;;;;;;;;;;;;;x;
job_chancellor_ashlander;Говорящий;;;;;;;;;;;;;x;
job_marshal_ashlander;Военный Вождь;;;;;;;;;;;;;x;
job_treasurer_ashlander;Хранитель;;;;;;;;;;;;;x;
job_spymaster_ashlander;Разведчик;;;;;;;;;;;;;x;
job_spiritual_ashlander;Хранитель Знаний;;;;;;;;;;;;;x;
ARGONIAN_GENERIC_TITLES;ARGONIAN_GENERIC_TITLES;ARGONIAN_GENERIC_TITLES;ARGONIAN_GENERIC_TITLES;;ARGONIAN_GENERIC_TITLES;;;;;;;;;x;
baron_argonian;Вождь;;;;;;;;;;;;;x;
baron_female_argonian;Вождь;;;;;;;;;;;;;x;
barony_of_argonian;Родовое владение;;;;;;;;;;;;;x;
count_argonian;Военный вождь;;;;;;;;;;;;;x;
count_female_argonian;Военный вождь;;;;;;;;;;;;;x;
county_of_argonian;Вождество;;;;;;;;;;;;;x;
duke_argonian;Великий вождь;;;;;;;;;;;;;x;
duke_female_argonian;Великий вождь;;;;;;;;;;;;;x;
duchy_of_argonian;Племя;;;;;;;;;;;;;x;
king_argonian;Король;;;;;;;;;;;;;x;
king_female_argonian;Королева;;;;;;;;;;;;;x;
kingdom_of_argonian;Королевство;;;;;;;;;;;;;x;
emperor_argonian;Император;;;;;;;;;;;;;x;
emperor_female_argonian;Императрица;;;;;;;;;;;;;x;
empire_of_argonian;Империя;;;;;;;;;;;;;x;
city_baron_argonian;Мэр;;;;;;;;;;;;;x;
city_baron_female_argonian;Мэр;;;;;;;;;;;;;x;
city_barony_of_argonian;Община;;;;;;;;;;;;;x;
city_count_argonian;Великий мэр;;;;;;;;;;;;;x;
city_count_female_argonian;Великий мэр;;;;;;;;;;;;;x;
city_county_of_argonian;Великий город;;;;;;;;;;;;;x;
city_duke_argonian;Губернатор;;;;;;;;;;;;;x;
city_duke_female_argonian;Губернатор;;;;;;;;;;;;;x;
city_duchy_of_argonian;Полис;;;;;;;;;;;;;x;
city_king_argonian;Первый министр;;;;;;;;;;;;;x;
city_king_female_argonian;Первый министр;;;;;;;;;;;;;x;
city_kingdom_of_argonian;Республика;;;;;;;;;;;;;x;
city_emperor_argonian;Властитель;;;;;;;;;;;;;x;
city_emperor_female_argonian;Властитель;;;;;;;;;;;;;x;
city_empire_of_argonian;Суверенитет;;;;;;;;;;;;;x;
job_chancellor_argonian;Тсоко;;;;;;;;;;;;;x
job_treasurer_argonian;Нахиш;;;;;;;;;;;;;x
job_marshal_argonian;Военачальник;;;;;;;;;;;;;x;
job_spymaster_argonian;Чешуя-в-тени;;;;;;;;;;;;;x;
job_spiritual_argonian;Говорящий-с-хистом;;;;;;;;;;;;;x;
KHAJIIT_GENERIC_TITLES;KHAJIIT_GENERIC_TITLES;KHAJIIT_GENERIC_TITLES;KHAJIIT_GENERIC_TITLES;;KHAJIIT_GENERIC_TITLES;;;;;;;;;x;
baron_khajiit;Пелин;;;;;;;;;;;;;x;
baron_female_khajiit;Пелина;;;;;;;;;;;;;x;
barony_of_khajiit;Себти;;;;;;;;;;;;;x;
count_khajiit;Т'хар;;;;;;;;;;;;;x;
count_female_khajiit;Т'хара;;;;;;;;;;;;;x;
county_of_khajiit;Шапсу;;;;;;;;;;;;;x;
duke_khajiit;Джа'аран;;;;;;;;;;;;;x;
duke_female_khajiit;Джа'арана;;;;;;;;;;;;;x;
duchy_of_khajiit;Сепат;;;;;;;;;;;;;x;
king_khajiit;Аран;;;;;;;;;;;;;x;
king_female_khajiit;Арана;;;;;;;;;;;;;x;
kingdom_of_khajiit;Та;;;;;;;;;;;;;x;
emperor_khajiit;Рид-Т'ар;;;;;;;;;;;;;x;
emperor_female_khajiit;Рид-Т'ара;;;;;;;;;;;;;x;
empire_of_khajiit;Ур-Та;;;;;;;;;;;;;x;
city_baron_khajiit;Мэяр;;;;;;;;;;;;;x;
city_baron_female_khajiit;Мэяр;;;;;;;;;;;;;x;
city_barony_of_khajiit;Ниут;;;;;;;;;;;;;x;
city_count_khajiit;Ур-Хати;;;;;;;;;;;;;x;
city_count_female_khajiit;Ур-Хати;;;;;;;;;;;;;x;
city_county_of_khajiit;Ур-Ниут;;;;;;;;;;;;;x;
city_duke_khajiit;Сти;;;;;;;;;;;;;x;
city_duke_female_khajiit;Ста;;;;;;;;;;;;;x;
city_duchy_of_khajiit;Ченхан;;;;;;;;;;;;;x;
city_king_khajiit;Ур-Сти;;;;;;;;;;;;;x;
city_king_female_khajiit;Ур-Ста;;;;;;;;;;;;;x;
city_kingdom_of_khajiit;Ур-Ченхан;;;;;;;;;;;;;x;
city_emperor_khajiit;Шу-Неси;;;;;;;;;;;;;x;
city_emperor_female_khajiit;Шу-Неса;;;;;;;;;;;;;x;
city_empire_of_khajiit;Шу-Та;;;;;;;;;;;;;x;
job_marshal_khajiit;Коготь;;;;;;;;;;;;;x;
job_spymaster_khajiit;Ночной наездник;;;;;;;;;;;;;x;
job_spiritual_khajiit;Шир-Фадо;;;;;;;;;;;;;x;
TANGMO_TITLES;TANGMO_TITLES;TANGMO_TITLES;TANGMO_TITLES;;TANGMO_TITLES;;;;;;;;;x;
empire_of_tangmo;Самраджая опуа;;;;;;;;;;;;;x;
kingdom_of_tangmo;Раджая опуа;;;;;;;;;;;;;x;
duchy_of_tangmo;Кинжит опуа;;;;;;;;;;;;;x;
county_of_tangmo;Двипа опуа;;;;;;;;;;;;;x;
barony_of_tangmo;Гарх опуа;;;;;;;;;;;;;x;
city_barony_of_tangmo;Оре опуа;;;;;;;;;;;;;x;
city_empire_of_tangmo;Растрака опуа;;;;;;;;;;;;;x;
city_kingdom_of_tangmo;Маханатантра опуа;;;;;;;;;;;;;x;
city_duchy_of_tangmo;Ганатантра опуа;;;;;;;;;;;;;x;
city_county_of_tangmo;Бхавуа Оре опуа;;;;;;;;;;;;;x;
temple_barony_of_tangmo;Тамбула опуа;;;;;;;;;;;;;x;
baron_tangmo;Иза;;;;;;;;;;;;;x;
count_tangmo;Марка;;;;;;;;;;;;;x;
duke_tangmo;Бхахука;;;;;;;;;;;;;x;
king_tangmo;Бхуджа;;;;;;;;;;;;;x;
emperor_tangmo;Махабхуджа;;;;;;;;;;;;;x;
baron_female_tangmo;Извари;;;;;;;;;;;;;x;
count_female_tangmo;Маркани;;;;;;;;;;;;;x;
duke_female_tangmo;Бхахукани;;;;;;;;;;;;;x;
king_female_tangmo;Бхуджани;;;;;;;;;;;;;x;
emperor_female_tangmo;Махабхуджани;;;;;;;;;;;;;x;
job_chancellor_tangmo;Махамантри;;;;;;;;;;;;;x;
job_spymaster_tangmo;Мантри;;;;;;;;;;;;;x;
job_marshal_tangmo;Данда;;;;;;;;;;;;;x;
job_spiritual_tangmo;Сачин;;;;;;;;;;;;;x;
job_treasurer_tangmo;Майин;;;;;;;;;;;;;x;
job_chancellor_female_tangmo;Махамантрини;;;;;;;;;;;;;x;
job_spymaster_female_tangmo;Мантрини;;;;;;;;;;;;;x;
job_marshal_female_tangmo;Дандани;;;;;;;;;;;;;x;
job_spiritual_female_tangmo;Сачини;;;;;;;;;;;;;x;
job_treasurer_female_tangmo;Майини;;;;;;;;;;;;;x;
DREMORA_CULTURAL_TITLES;DREMORA_CULTURAL_TITLES;DREMORA_CULTURAL_TITLES;DREMORA_CULTURAL_TITLES;;DREMORA_CULTURAL_TITLES;;;;;;;;;x;
baron_dremora;Кинвал;;;;;;;;;;;;;x;
baron_female_dremora;Кинвал;;;;;;;;;;;;;x;
barony_of_dremora;Холл;;;;;;;;;;;;;x;
count_dremora;Кинрив;;;;;;;;;;;;;x;
count_female_dremora;Кинрив;;;;;;;;;;;;;x;
county_of_dremora;Вождество;;;;;;;;;;;;;x;
duke_dremora;Кинмаршер;;;;;;;;;;;;;x;
duke_female_dremora;Кинмаршер;;;;;;;;;;;;;x;
duchy_of_dremora;Верховный Вождь;;;;;;;;;;;;;x;
king_dremora;Маркиназ;;;;;;;;;;;;;x;
king_female_dremora;Маркиназ;;;;;;;;;;;;;x;
kingdom_of_dremora;Королевство;;;;;;;;;;;;;x;
emperor_dremora;Валкиназ;;;;;;;;;;;;;x;
emperor_female_dremora;Валкиназ;;;;;;;;;;;;;x;
empire_of_dremora;Империя;;;;;;;;;;;;;x;
HUMAN_PANTHEON_TITLES;HUMAN_PANTHEON_TITLES;HUMAN_PANTHEON_TITLES;HUMAN_PANTHEON_TITLES;;HUMAN_PANTHEON_TITLES;;;;;;;;;x;
temple_baron_human_pantheon;Приор;;;;;;;;;;;;;x;
temple_baron_female_human_pantheon;Приоресса;;;;;;;;;;;;;x;
temple_barony_of_human_pantheon;Приорат;;;;;;;;;;;;;x;
temple_count_human_pantheon;Священник;;;;;;;;;;;;;x;
temple_count_female_human_pantheon;Священник;;;;;;;;;;;;;x;
temple_county_of_human_pantheon;Храм;;;;;;;;;;;;;x;
temple_duke_human_pantheon;Епископ;;;;;;;;;;;;;x;
temple_duke_female_human_pantheon;Епископ;;;;;;;;;;;;;x;
temple_duchy_of_human_pantheon;Епархия;;;;;;;;;;;;;x;
temple_king_human_pantheon;Примас;;;;;;;;;;;;;x;
temple_king_female_human_pantheon;Примас;;;;;;;;;;;;;x;
temple_kingdom_of_human_pantheon;Теократия;;;;;;;;;;;;;x;
temple_emperor_human_pantheon;Архиепископ;;;;;;;;;;;;;x;
temple_emperor_female_human_pantheon;Архиепископ;;;;;;;;;;;;;x;
temple_empire_of_human_pantheon;Великая теократия;;;;;;;;;;;;;x;
YOKUDAN_PANTHEON_TITLES;YOKUDAN_PANTHEON_TITLES;YOKUDAN_PANTHEON_TITLES;YOKUDAN_PANTHEON_TITLES;;YOKUDAN_PANTHEON_TITLES;;;;;;;;;x;
temple_baron_yokudan_pantheon;Мулла;;;;;;;;;;;;;x;
temple_baron_female_yokudan_pantheon;Мулла;;;;;;;;;;;;;x;
temple_barony_of_yokudan_pantheon;Мечеть;;;;;;;;;;;;;x;
temple_count_yokudan_pantheon;Великий мулла;;;;;;;;;;;;;x;
temple_count_female_yokudan_pantheon;Великий мулла;;;;;;;;;;;;;x;
temple_county_of_yokudan_pantheon;Великий мулла;;;;;;;;;;;;;x;
temple_duke_yokudan_pantheon;Муфтий;;;;;;;;;;;;;x;
temple_duke_female_yokudan_pantheon;Муфтия;;;;;;;;;;;;;x;
temple_duchy_of_yokudan_pantheon;Медресе;;;;;;;;;;;;;x;
temple_king_yokudan_pantheon;Великий муфтий;;;;;;;;;;;;;x;
temple_king_female_yokudan_pantheon;Великая муфтия;;;;;;;;;;;;;x;
temple_kingdom_of_yokudan_pantheon;Теократия;;;;;;;;;;;;;x;
temple_emperor_yokudan_pantheon;Верховный муфтий;;;;;;;;;;;;;x;
temple_emperor_female_yokudan_pantheon;Верховная муфтия;;;;;;;;;;;;;x;
temple_empire_of_yokudan_pantheon;Великая теократия;;;;;;;;;;;;;x;
TRIBUNAL_TITLES;TRIBUNAL_TITLES;TRIBUNAL_TITLES;TRIBUNAL_TITLES;;TRIBUNAL_TITLES;;;;;;;;;x;
temple_baron_tribunal;Служитель;;;;;;;;;;;;;x;
temple_baron_female_tribunal;Служительница;;;;;;;;;;;;;x;
temple_barony_of_tribunal;Святилище;;;;;;;;;;;;;x;
temple_count_tribunal;Викарий;;;;;;;;;;;;;x;
temple_count_female_tribunal;Викарий;;;;;;;;;;;;;x;
temple_county_of_tribunal;Храм;;;;;;;;;;;;;x;
temple_duke_tribunal;Прорицатель;;;;;;;;;;;;;x;
temple_duke_female_tribunal;Прорицательница;;;;;;;;;;;;;x;
temple_duchy_of_tribunal;Великий храм;;;;;;;;;;;;;x;
temple_king_tribunal;Патриарх;;;;;;;;;;;;;x;
temple_king_female_tribunal;Матриарх;;;;;;;;;;;;;x;
temple_kingdom_of_tribunal;Теократия;;;;;;;;;;;;;x;
temple_emperor_tribunal;Архиканоник;;;;;;;;;;;;;x;
temple_emperor_female_tribunal;Архиканоник;;;;;;;;;;;;;x;
temple_empire_of_tribunal;Великая теократия;;;;;;;;;;;;;x;
MER_PANTHEON_TITLES;MER_PANTHEON_TITLES;MER_PANTHEON_TITLES;MER_PANTHEON_TITLES;;MER_PANTHEON_TITLES;;;;;;;;;x;
temple_baron_mer_pantheon;Служитель;;;;;;;;;;;;;x;
temple_baron_female_mer_pantheon;Служительница;;;;;;;;;;;;;x;
temple_barony_of_mer_pantheon;Святилище;;;;;;;;;;;;;x;
temple_count_mer_pantheon;Викарий;;;;;;;;;;;;;x;
temple_count_female_mer_pantheon;Викарий;;;;;;;;;;;;;x;
temple_county_of_mer_pantheon;Храм;;;;;;;;;;;;;x;
temple_duke_mer_pantheon;Прорицатель;;;;;;;;;;;;;x;
temple_duke_female_mer_pantheon;Прорицательница;;;;;;;;;;;;;x;
temple_duchy_of_mer_pantheon;Великий храм;;;;;;;;;;;;;x;
temple_king_mer_pantheon;Патриарх;;;;;;;;;;;;;x;
temple_king_female_mer_pantheon;Матриарх;;;;;;;;;;;;;x;
temple_kingdom_of_mer_pantheon;Теократия;;;;;;;;;;;;;x;
temple_emperor_mer_pantheon;Архивикарий;;;;;;;;;;;;;x;
temple_emperor_female_mer_pantheon;Архивикарий;;;;;;;;;;;;;x;
temple_empire_of_mer_pantheon;Великая теократия;;;;;;;;;;;;;x;
MAORMER_RELIGION_TITLES;MAORMER_RELIGION_TITLES;MAORMER_RELIGION_TITLES;MAORMER_RELIGION_TITLES;;MAORMER_RELIGION_TITLES;;;;;;;;;x;
temple_baron_maormer_religion;Служитель;;;;;;;;;;;;;x;
temple_baron_female_maormer_religion;Служительница;;;;;;;;;;;;;x;
temple_barony_of_maormer_religion;Святилище;;;;;;;;;;;;;x;
temple_count_maormer_religion;Храмовник;;;;;;;;;;;;;x;
temple_count_female_maormer_religion;Храмовница;;;;;;;;;;;;;x;
temple_county_of_maormer_religion;Храм;;;;;;;;;;;;;x;
temple_duke_maormer_religion;Прорицатель;;;;;;;;;;;;;x;
temple_duke_female_maormer_religion;Прорицательница;;;;;;;;;;;;;x;
temple_duchy_of_maormer_religion;Великий храм;;;;;;;;;;;;;x;
temple_king_maormer_religion;Патриарх;;;;;;;;;;;;;x;
temple_king_female_maormer_religion;Матриарх;;;;;;;;;;;;;x;
temple_kingdom_of_maormer_religion;Теократия;;;;;;;;;;;;;x;
temple_emperor_maormer_religion;Высший храмовник;;;;;;;;;;;;;x;
temple_emperor_female_maormer_religion;Высшая храмовница;;;;;;;;;;;;;x;
temple_empire_of_maormer_religion;Великая теократия;;;;;;;;;;;;;x;
GREEN_PACT_TITLES;GREEN_PACT_TITLES;GREEN_PACT_TITLES;GREEN_PACT_TITLES;;GREEN_PACT_TITLES;;;;;;;;;x;
temple_baron_green_pact;Служитель;;;;;;;;;;;;;x;
temple_baron_female_green_pact;Служительница;;;;;;;;;;;;;x;
temple_barony_of_green_pact;Священная роща;;;;;;;;;;;;;x;
temple_count_green_pact;Хранитель;;;;;;;;;;;;;x;
temple_count_female_green_pact;Хранительница;;;;;;;;;;;;;x;
temple_county_of_green_pact;Храм;;;;;;;;;;;;;x;
temple_duke_green_pact;Прорицатель;;;;;;;;;;;;;x;
temple_duke_female_green_pact;Прорицательница;;;;;;;;;;;;;x;
temple_duchy_of_green_pact;Великий храм;;;;;;;;;;;;;x;
temple_king_green_pact;Примас;;;;;;;;;;;;;x;
temple_king_female_green_pact;Примас;;;;;;;;;;;;;x;
temple_kingdom_of_green_pact;Теократия;;;;;;;;;;;;;x;
temple_emperor_green_pact;Высший хранитель;;;;;;;;;;;;;x;
temple_emperor_female_green_pact;Высшая хранительница;;;;;;;;;;;;;x;
temple_empire_of_green_pact;Великая теократия;;;;;;;;;;;;;x;
silvenar;Сильвенар;;;;;;;;;;;;;x;
green_lady;Зелёная Леди;;;;;;;;;;;;;x;
blacksap_silvenar;Хранитель Кодекса;;;;;;;;;;;;;x;
blacksap_green_lady;Хранительница Кодекса;;;;;;;;;;;;;x;
DAEDRA_TITLES;DAEDRA_TITLES;DAEDRA_TITLES;DAEDRA_TITLES;;DAEDRA_TITLES;;;;;;;;;x;
temple_baron_daedra;Прислужник;;;;;;;;;;;;;x;
temple_baron_female_daedra;Прислужница;;;;;;;;;;;;;x;
temple_barony_of_daedra;Святилище;;;;;;;;;;;;;x;
temple_count_daedra;Призыватель;;;;;;;;;;;;;x;
temple_count_female_daedra;Призывательница;;;;;;;;;;;;;x;
temple_county_of_daedra;Храм;;;;;;;;;;;;;x;
temple_duke_daedra;Фейдназ;;;;;;;;;;;;;x;
temple_duke_female_daedra;Фейдназ;;;;;;;;;;;;;x;
temple_duchy_of_daedra;Великий храм;;;;;;;;;;;;;x;
temple_king_daedra;Кингальд;;;;;;;;;;;;;x;
temple_king_female_daedra;Кингальд;;;;;;;;;;;;;x;
temple_kingdom_of_daedra;Государство;;;;;;;;;;;;;x;
temple_emperor_daedra;Наркиназ;;;;;;;;;;;;;x;
temple_emperor_female_daedra;Наркиназ;;;;;;;;;;;;;x;
temple_empire_of_daedra;Даэдрическое государство;;;;;;;;;;;;;x;
GLENMORIAL_TITLES;GLENMORIAL_TITLES;GLENMORIAL_TITLES;GLENMORIAL_TITLES;;GLENMORIAL_TITLES;;;;;;;;;x;
temple_baron_daedra_glenmorial;Поклонник;;;;;;;;;;;;;x;
temple_baron_female_daedra_glenmorial;Поклонница;;;;;;;;;;;;;x;
temple_barony_of_daedra_glenmorial;Святилище;;;;;;;;;;;;;x;
temple_count_daedra_glenmorial;Жрец;;;;;;;;;;;;;x;
temple_count_female_daedra_glenmorial;Жрица;;;;;;;;;;;;;x;
temple_county_of_daedra_glenmorial;Храм;;;;;;;;;;;;;x;
temple_duke_daedra_glenmorial;Шаман;;;;;;;;;;;;;x;
temple_duke_female_daedra_glenmorial;Шаманка;;;;;;;;;;;;;x;
temple_duchy_of_daedra_glenmorial;Великий храм;;;;;;;;;;;;;x;
temple_king_daedra_glenmorial;Великий жрец;;;;;;;;;;;;;x;
temple_king_female_daedra_glenmorial;Великая жрица;;;;;;;;;;;;;x;
temple_kingdom_of_daedra_glenmorial;Государство;;;;;;;;;;;;;x;
temple_emperor_daedra_glenmorial;Верховный жрец;;;;;;;;;;;;;x;
temple_emperor_female_daedra_glenmorial;Верховная жрица;;;;;;;;;;;;;x;
temple_empire_of_daedra_glenmorial;Великое государство;;;;;;;;;;;;;x;
KHAJIIT_PANTHEON_TITLES;KHAJIIT_PANTHEON_TITLES;KHAJIIT_PANTHEON_TITLES;KHAJIIT_PANTHEON_TITLES;;KHAJIIT_PANTHEON_TITLES;;;;;;;;;x
temple_baron_khajiit_pantheon;Чеми;;;;;;;;;;;;;x;
temple_baron_female_khajiit_pantheon;Чемна;;;;;;;;;;;;;x;
temple_barony_of_khajiit_pantheon;Хум;;;;;;;;;;;;;x;
temple_count_khajiit_pantheon;Ур-Чеми;;;;;;;;;;;;;x;
temple_count_female_khajiit_pantheon;Ур-Чемна;;;;;;;;;;;;;x;
temple_county_of_khajiit_pantheon;Ур-Хум;;;;;;;;;;;;;x;
temple_duke_khajiit_pantheon;Аби;;;;;;;;;;;;;x;
temple_duke_female_khajiit_pantheon;Аба;;;;;;;;;;;;;x;
temple_duchy_of_khajiit_pantheon;Чут;;;;;;;;;;;;;x;
temple_king_khajiit_pantheon;Ур-Аби;;;;;;;;;;;;;x;
temple_king_female_khajiit_pantheon;Ур-Аба;;;;;;;;;;;;;x;
temple_kingdom_of_khajiit_pantheon;Ур-Чут;;;;;;;;;;;;;x;
temple_emperor_khajiit_pantheon;Рид-Т'ар;;;;;;;;;;;;;x;
temple_emperor_female_khajiit_pantheon;Рид-Т'ара;;;;;;;;;;;;;x;
temple_empire_of_khajiit_pantheon;Унут;;;;;;;;;;;;;x;
job_spiritual_riddlethar;Шир-Фадо;;;;;;;;;;;;;x;
temple_baron_riddlethars;Чеми;;;;;;;;;;;;;x;
Realm_temple_baron_riddlethars;Чеми государства;;;;;;;;;;;;;x;
Realm_temple_baron_alkoshs;Чеми государства;;;;;;;;;;;;;x;
temple_baron_alkoshs;Чеми;;;;;;;;;;;;;x;
HIST_GROUP_TITLES;HIST_GROUP_TITLES;HIST_GROUP_TITLES;HIST_GROUP_TITLES;;HIST_GROUP_TITLES;;;;;;;;;x;
temple_baron_hist_group;Смотритель;;;;;;;;;;;;;x;
temple_baron_female_hist_group;Смотрительница;;;;;;;;;;;;;x;
temple_barony_of_hist_group;Священное дерево;;;;;;;;;;;;;x;
temple_count_hist_group;Хранитель;;;;;;;;;;;;;x;
temple_count_female_hist_group;Хранительница;;;;;;;;;;;;;x;
temple_county_of_hist_group;Храм;;;;;;;;;;;;;x;
temple_duke_hist_group;Шаман;;;;;;;;;;;;;x;
temple_duke_female_hist_group;Шаманка;;;;;;;;;;;;;x;
temple_duchy_of_hist_group;Великий храм;;;;;;;;;;;;;x;
temple_king_hist_group;Верховный шаман;;;;;;;;;;;;;x;
temple_king_female_hist_group;Великий храм;;;;;;;;;;;;;x;
temple_kingdom_of_hist_group;Теократия;;;;;;;;;;;;;x;
temple_emperor_hist_group;Высший хранитель;;;;;;;;;;;;;x;
temple_emperor_female_hist_group;Высшая хранительница;;;;;;;;;;;;;x;
temple_empire_of_hist_group;Великая теократия;;;;;;;;;;;;;x;
job_spiritual_hist;Говорящий-с-Хистом;;;;;;;;;;;;;x
REACH_FAITHS_TITLES;REACH_FAITHS_TITLES;REACH_FAITHS_TITLES;REACH_FAITHS_TITLES;;REACH_FAITHS_TITLES;;;;;;;;;x;
temple_baron_reach_faiths;Поклоняющийся;;;;;;;;;;;;;x;
temple_baron_female_reach_faiths;Поклоняющаяся;;;;;;;;;;;;;x;
temple_barony_of_reach_faiths;Святилище;;;;;;;;;;;;;x;
temple_count_reach_faiths;Жрец;;;;;;;;;;;;;x;
temple_count_female_reach_faiths;Жрица;;;;;;;;;;;;;x;
temple_county_of_reach_faiths;Храм;;;;;;;;;;;;;x;
temple_duke_reach_faiths;Шаман;;;;;;;;;;;;;x;
temple_duke_female_reach_faiths;Шаманка;;;;;;;;;;;;;x;
temple_duchy_of_reach_faiths;Великий храм;;;;;;;;;;;;;x;
temple_king_reach_faiths;Верховный шаман;;;;;;;;;;;;;x;
temple_king_female_reach_faiths;Верховная шаманка;;;;;;;;;;;;;x;
temple_kingdom_of_reach_faiths;Теократия;;;;;;;;;;;;;x;
temple_emperor_reach_faiths;Верховный жрец;;;;;;;;;;;;;x;
temple_emperor_female_reach_faiths;Верховная жрица;;;;;;;;;;;;;x;
temple_empire_of_reach_faiths;Великая теократия;;;;;;;;;;;;;x;
OLD_FAITH_TITLES;OLD_FAITH_TITLES;OLD_FAITH_TITLES;OLD_FAITH_TITLES;;OLD_FAITH_TITLES;;;;;;;;;x;
temple_baron_old_faith;Служитель;;;;;;;;;;;;;x;
temple_baron_female_old_faith;Служительница;;;;;;;;;;;;;x;
temple_barony_of_old_faith;Святилище;;;;;;;;;;;;;x;
temple_count_old_faith;Призыватель;;;;;;;;;;;;;x;
temple_count_female_old_faith;Призывательница;;;;;;;;;;;;;x;
temple_county_of_old_faith;Храм;;;;;;;;;;;;;x;
temple_duke_old_faith;Прорицатель;;;;;;;;;;;;;x;
temple_duke_female_old_faith;Прорицательница;;;;;;;;;;;;;x;
temple_duchy_of_old_faith;Великий храм;;;;;;;;;;;;;x;
temple_king_old_faith;Верховный прорицатель;;;;;;;;;;;;;x;
temple_king_female_old_faith;Верховная прорицательница;;;;;;;;;;;;;x;
temple_kingdom_of_old_faith;Теократия;;;;;;;;;;;;;x;
temple_emperor_old_faith;Верховный призыватель;;;;;;;;;;;;;x;
temple_emperor_female_old_faith;Верховная призывательница;;;;;;;;;;;;;x;
temple_empire_of_old_faith;Великая теократия;;;;;;;;;;;;;x;
VOID_RELIGIONS_TITLES;VOID_RELIGIONS_TITLES;VOID_RELIGIONS_TITLES;VOID_RELIGIONS_TITLES;;VOID_RELIGIONS_TITLES;;;;;;;;;x;
temple_baron_void_religions;Палач;;;;;;;;;;;;;x;
temple_baron_female_void_religions;Палач;;;;;;;;;;;;;x;
temple_barony_of_void_religions;Святилище;;;;;;;;;;;;;x;
temple_count_void_religions;Душитель;;;;;;;;;;;;;x;
temple_count_female_void_religions;Душительница;;;;;;;;;;;;;x;
temple_county_of_void_religions;Местное отделение;;;;;;;;;;;;;x;
temple_duke_void_religions;Уведомитель;;;;;;;;;;;;;x;
temple_duke_female_void_religions;Уведомительница;;;;;;;;;;;;;x;
temple_duchy_of_void_religions;Большое отделение;;;;;;;;;;;;;x;
temple_king_void_religions;Слышащий;;;;;;;;;;;;;x;
temple_king_female_void_religions;Слышащая;;;;;;;;;;;;;x;
temple_kingdom_of_void_religions;Государство;;;;;;;;;;;;;x;
temple_emperor_void_religions;Отец Ночи;;;;;;;;;;;;;x;
temple_emperor_female_void_religions;Мать Ночи;;;;;;;;;;;;;x;
temple_empire_of_void_religions;Тёмное государство;;;;;;;;;;;;;x;
ANUIC_RELIGIONS_TITLES;ANUIC_RELIGIONS_TITLES;ANUIC_RELIGIONS_TITLES;ANUIC_RELIGIONS_TITLES;;ANUIC_RELIGIONS_TITLES;;;;;;;;;x;
temple_baron_anuic_religions;Служитель;;;;;;;;;;;;;x;
temple_baron_female_anuic_religions;Служительница;;;;;;;;;;;;;x;
temple_barony_of_anuic_religions;Святилище;;;;;;;;;;;;;x;
temple_count_anuic_religions;Призыватель;;;;;;;;;;;;;x;
temple_count_female_anuic_religions;Призывательница;;;;;;;;;;;;;x;
temple_county_of_anuic_religions;Храм;;;;;;;;;;;;;x;
temple_duke_anuic_religions;Прорицатель;;;;;;;;;;;;;x;
temple_duke_female_anuic_religions;Прорицательница;;;;;;;;;;;;;x;
temple_duchy_of_anuic_religions;Великий храм;;;;;;;;;;;;;x;
temple_king_anuic_religions;Верховый прорицатель;;;;;;;;;;;;;x;
temple_king_female_anuic_religions;Верховная прорицательница;;;;;;;;;;;;;x;
temple_kingdom_of_anuic_religions;Теократия;;;;;;;;;;;;;x;
temple_emperor_anuic_religions;Верховный призыватель;;;;;;;;;;;;;x;
temple_emperor_female_anuic_religions;Верховная призывательница;;;;;;;;;;;;;x;
temple_empire_of_anuic_religions;Великая теократия;;;;;;;;;;;;;x;
CELESTIAL_CULTS_TITLES;CELESTIAL_CULTS_TITLES;CELESTIAL_CULTS_TITLES;CELESTIAL_CULTS_TITLES;;CELESTIAL_CULTS_TITLES;;;;;;;;;x;
temple_baron_celestial_cults;Служитель;;;;;;;;;;;;;x;
temple_baron_female_celestial_cults;Служительница;;;;;;;;;;;;;x;
temple_barony_of_celestial_cults;Святилище;;;;;;;;;;;;;x;
temple_count_celestial_cults;Жрец;;;;;;;;;;;;;x;
temple_count_female_celestial_cults;Жрица;;;;;;;;;;;;;x;
temple_county_of_celestial_cults;Храм;;;;;;;;;;;;;x;
temple_duke_celestial_cults;Верховный жрец;;;;;;;;;;;;;x;
temple_duke_female_celestial_cults;Верховная жрица;;;;;;;;;;;;;x;
temple_duchy_of_celestial_cults;Великий храм;;;;;;;;;;;;;x;
temple_king_celestial_cults;Король-жрец;;;;;;;;;;;;;x;
temple_king_female_celestial_cults;Королева-жрица;;;;;;;;;;;;;x;
temple_kingdom_of_celestial_cults;Теократия;;;;;;;;;;;;;x;
temple_emperor_celestial_cults;Император-жрец;;;;;;;;;;;;;x;
temple_emperor_female_celestial_cults;Императрица-жрица;;;;;;;;;;;;;x;
temple_empire_of_celestial_cults;Великая теократия;;;;;;;;;;;;;x;
HERO_CULTS_TITLES;HERO_CULTS_TITLES;HERO_CULTS_TITLES;HERO_CULTS_TITLES;;HERO_CULTS_TITLES;;;;;;;;;x;
temple_baron_hero_cults;Служитель;;;;;;;;;;;;;x;
temple_baron_female_hero_cults;Служительница;;;;;;;;;;;;;x;
temple_barony_of_hero_cults;Святилище;;;;;;;;;;;;;x;
temple_count_hero_cults;Жрец;;;;;;;;;;;;;x;
temple_count_female_hero_cults;Жрица;;;;;;;;;;;;;x;
temple_county_of_hero_cults;Храм;;;;;;;;;;;;;x;
temple_duke_hero_cults;Верховный жрец;;;;;;;;;;;;;x;
temple_duke_female_hero_cults;Верховная жрица;;;;;;;;;;;;;x;
temple_duchy_of_hero_cults;Великий храм;;;;;;;;;;;;;x;
temple_king_hero_cults;Король-жрец;;;;;;;;;;;;;x;
temple_king_female_hero_cults;Королева-жрица;;;;;;;;;;;;;x;
temple_kingdom_of_hero_cults;Теократия;;;;;;;;;;;;;x;
temple_emperor_hero_cults;Император-жрец;;;;;;;;;;;;;x;x
temple_emperor_female_hero_cults;Императрица-жрица;;;;;;;;;;;;;;
temple_empire_of_hero_cults;Великая теократия;;;;;;;;;;;;;x;
ATMORAN_PANTHEON_TITLES;ATMORAN_PANTHEON_TITLES;ATMORAN_PANTHEON_TITLES;ATMORAN_PANTHEON_TITLES;;ATMORAN_PANTHEON_TITLES;;;;;;;;;x;
temple_baron_atmoran_pantheon;Волчий жрец;;;;;;;;;;;;;x;
temple_baron_female_atmoran_pantheon;Волчья жрица;;;;;;;;;;;;;x;
temple_barony_of_atmoran_pantheon;Святилище;;;;;;;;;;;;;x;
temple_count_atmoran_pantheon;Медвежий жрец;;;;;;;;;;;;;x;
temple_count_female_atmoran_pantheon;Медвежья жрица;;;;;;;;;;;;;x;
temple_county_of_atmoran_pantheon;Храм;;;;;;;;;;;;;x;
temple_duke_atmoran_pantheon;Драконий жрец;;;;;;;;;;;;;x;
temple_duke_female_atmoran_pantheon;Драконья жрица;;;;;;;;;;;;;x;
temple_duchy_of_atmoran_pantheon;Великий храм;;;;;;;;;;;;;x;
temple_king_atmoran_pantheon;Жрец кита;;;;;;;;;;;;;x;
temple_king_female_atmoran_pantheon;Жрица кита;;;;;;;;;;;;;x;
temple_kingdom_of_atmoran_pantheon;Теократия;;;;;;;;;;;;;x;
temple_emperor_atmoran_pantheon;Жрец мотылька;;;;;;;;;;;;;x;
temple_emperor_female_atmoran_pantheon;Жрица мотылька;;;;;;;;;;;;;x;
temple_empire_of_atmoran_pantheon;Великая теократия;;;;;;;;;;;;;x;
DRAGON_CULT_TITLES;DRAGON_CULT_TITLES;DRAGON_CULT_TITLES;DRAGON_CULT_TITLES;;DRAGON_CULT_TITLES;;;;;;;;;x;
temple_baron_dragon_cult;Служитель;;;;;;;;;;;;;x;
temple_baron_female_dragon_cult;Служительница;;;;;;;;;;;;;x;
temple_barony_of_dragon_cult;Святилище;;;;;;;;;;;;;x;
temple_count_dragon_cult;Жрец;;;;;;;;;;;;;x;
temple_count_female_dragon_cult;Жрица;;;;;;;;;;;;;x;
temple_county_of_dragon_cult;Храм;;;;;;;;;;;;;x;
temple_duke_dragon_cult;Драконий жрец;;;;;;;;;;;;;x;
temple_duke_female_dragon_cult;Драконья жрица;;;;;;;;;;;;;x;
temple_duchy_of_dragon_cult;Великий храм;;;;;;;;;;;;;x;
temple_king_dragon_cult;Драконий король;;;;;;;;;;;;;x;
temple_king_female_dragon_cult;Драконья королева;;;;;;;;;;;;;x;
temple_kingdom_of_dragon_cult;Теократия;;;;;;;;;;;;;x;
temple_emperor_dragon_cult;Драконий император;;;;;;;;;;;;;x;
temple_emperor_female_dragon_cult;Драконья императрица;;;;;;;;;;;;;x;
temple_empire_of_dragon_cult;Великая теократия;;;;;;;;;;;;;x;
AURIEL_RELIGIONS_TITLES;AURIEL_RELIGIONS_TITLES;AURIEL_RELIGIONS_TITLES;AURIEL_RELIGIONS_TITLES;;AURIEL_RELIGIONS_TITLES;;;;;;;;;x
temple_baron_auriel_religions;Монах;;;;;;;;;;;;;x
temple_baron_female_auriel_religions;Монахиня;;;;;;;;;;;;;x
temple_barony_of_auriel_religions;Монастырь;;;;;;;;;;;;;x
temple_count_auriel_religions;Алдарч;;;;;;;;;;;;;x
temple_count_female_auriel_religions;Алдарч;;;;;;;;;;;;;x
temple_county_of_auriel_religions;Храм;;;;;;;;;;;;;x
temple_duke_auriel_religions;Арчалдарч;;;;;;;;;;;;;x
temple_duke_female_auriel_religions;Арчалдарч;;;;;;;;;;;;;x
temple_duchy_of_auriel_religions;Великий Храм;;;;;;;;;;;;;x
temple_king_auriel_religions;Викарий;;;;;;;;;;;;;x
temple_king_female_auriel_religions;Викарий;;;;;;;;;;;;;x
temple_kingdom_of_auriel_religions;Храм;;;;;;;;;;;;;x
temple_emperor_auriel_religions;Сапиарх;;;;;;;;;;;;;x
temple_emperor_female_auriel_religions;Сапиарх;;;;;;;;;;;;;x
temple_empire_of_auriel_religions;Храм;;;;;;;;;;;;;x