DEATH_EXECUTION_ELEPHANTS;был(а) до смерти затоптан(а) мамонтами по приказу $KILLER$;;;;;;;;;x
DEATH_EXECUTION_ELEPHANTS_NO_KILLER;был(а) до смерти затоптан(а) мамонтами;;;;;;;;;x
DEATH_EXECUTION_SHARKS;был(а) заживо съеден(а) бешенными акулами по приказу $KILLER$;;;;;;;;;x
DEATH_EXECUTION_SHARKS_NO_KILLER;был(а) заживо съеден(а) бешенными акулами;;;;;;;;;x
DEATH_EXECUTION_WAMASU;был(а) скормлен(а) вамасу по приказу $KILLER$;;;;;;;;;x
DEATH_EXECUTION_WAMASU_NO_KILLER;был(а) скормлен(а) вамасу;;;;;;;;;x
DEATH_EXECUTION_BLOOD_DRAIN;была выкачана вся кровь по приказу $KILLER$;;;;;;;;;x
DEATH_EXECUTION_BLOOD_DRAIN_NO_KILLER;была выкачана вся кровь;;;;;;;;;x
DEATH_EXECUTION_SEA_SERPENTS;был(а) заживо съеден(а) хищными морскими змеями по приказу $KILLER$;;;;;;;;;x
DEATH_EXECUTION_SEA_SERPENTS_NO_KILLER;был(а) заживо съеден(а) хищными морскими змеями;;;;;;;;;x
DEATH_EXECUTION_SHOUTED_FALL;был(а) сброшен(а) с высокого утёса криком $KILLER$;;;;;;;;;x
DEATH_EXECUTION_SHOUTED_FALL_NO_KILLER;был(а) сброшен(а) с высокого утёса криком;;;;;;;;;x
DEATH_EXECUTION_SHOUTED_TO_PIECES;разорван(а) на куски криком $KILLER$;;;;;;;;;x
DEATH_EXECUTION_SHOUTED_TO_PIECES_NO_KILLER;разорван(а) на куски криком;;;;;;;;;x
DEATH_MURDER_VAMPIRE;стал(а) пищей для вампира, $KILLER$;;;;;;;;;x
DEATH_MURDER_VAMPIRE_UNKNOWN;стал(а) пищей для вампира;;;;;;;;;x
DEATH_MURDER_LYCAN;был(а) растерзан(а) и убит(а) оборотнем, $KILLER$;;;;;;;;;x
DEATH_MURDER_LYCAN_UNKNOWN;был(а) растерзан(а) и убит(а) оборотнем;;;;;;;;;x
DEATH_MURDER_LYCAN_UNKNOWN_NO_KILLER;был(а) растерзан(а) и убит(а) оборотнем;;;;;;;;;x
DEATH_BASKING_SHARK;был(а) раздавлен(а) гигантской акулой;;;;;;;;;x
DEATH_BASKING_SHARK_NO_KILLER;был(а) раздавлен(а) гигантской акулой;;;;;;;;;x
DEATH_HORNETS;был(а) ужален(а) до смерти шершнями;;;;;;;;;x
DEATH_HORNETS_NO_KILLER;был(а) ужален(а) до смерти шершнями;;;;;;;;;x
DEATH_EXECUTION_DRAGONFIRE;был(а) сожжен(а) драконьим огнём по приказу $KILLER$;;;;;;;;;x
DEATH_EXECUTION_DRAGONFIRE_NO_KILLER;был(а) сожжен(а) драконьим огнём;;;;;;;;;x
DEATH_VANISH_DUNGEON;сгинул(а) в подземелье;;;;;;;;;x
DEATH_VANISH_DUNGEON_NO_KILLER;сгинул(а) в подземелье;;;;;;;;;x
DEATH_VANISH_DUNGEON;сгинул(а) в подземелье;;;;;;;;;x
DEATH_VANISH_DUNGEON_NO_KILLER;сгинул(а) в подземелье;;;;;;;;;x
DEATH_VANISH_WILDERNESS;сгинул(а) в глуши;;;;;;;;;x
DEATH_VANISH_WILDERNESS_NO_KILLER;сгинул(а) в глуши;;;;;;;;;x
DEATH_STARVED_WILDERNESS;от голода в глуши;;;;;;;;;x
DEATH_STARVED_WILDERNESS_NO_KILLER;от голода в глуши;;;;;;;;;x
DEATH_STARVED_DUNGEON;от голода в подземелье;;;;;;;;;x
DEATH_STARVED_DUNGEON_NO_KILLER;от голода в подземелье;;;;;;;;;x
DEATH_EDGY;получил(а) режущую рану;;;;;;;;;x
DEATH_EDGY_NO_KILLER;получил(а) режущую рану;;;;;;;;;x
DEATH_VAMPIRE_SUNLIGHT;сгорел(а) до тла от света Этериуса;;;;;;;;;x
DEATH_VAMPIRE_SUNLIGHT_NO_KILLER;сгорел(а) до тла от света Этериуса;;;;;;;;;x
DEATH_VAMPIRE_MALNUTRITION;умер(ла) от голода без крови;;;;;;;;;x
DEATH_VAMPIRE_MALNUTRITION_NO_KILLER;умер(ла) от голода без крови;;;;;;;;;x
DEATH_SHIVERING_ISLES;отправлен(а) на Дрожащие Острова;;;;;;;;;x
gambler_death;в захудалом игровом притоне;;;;;;;;;x
hedonist_death;в пьяном разгуле;;;;;;;;;x
slovenly_death;в [GetHerHis] грязи;;;;;;;;;x
former_slave_death;от побоев, как раб;;;;;;;;;x
p_hermamora_death;во время магического эксперимента;;;;;;;;;x
p_syrabane_death;во время магического эксперимента;;;;;;;;;x
p_psyrabane_death;во время магического эксперимента;;;;;;;;;x
hospital;Святилище;;;;;;;;;x
PV_HOSPITAL;Святилище;;;;;;;;;x
HOSPITAL_PROV;Святилище в $PROV$;;;;;;;;;x
ANY_HOSPITAL_STARTS;Любое Святилище;;;;;;;;;x
HOSPITAL_NOT_YET_AVAILABLE;Доступна технология для строительства Святилища;;;;;;;;;x
HOSPITAL_TAX_MODIFIER;Налог со Святилища;;;;;;;;;x
HOSPITAL_LEVY_SIZE;Ополчение Святилища;;;;;;;;;x
HOSPITAL_LEVEL;Уровень Святилища;;;;;;;;;;x
PROVINCE_NO_HOSPITAL_LEVEL;В этом округе §Rнет Святилища§!;;;;;;;;;x
PROVINCE_NO_HOSPITAL_LEVEL_DESC;Не имея §YСвятилища§!, этот округ не может защищаться от эпидемий и мора. Святилища могут быть построены через расширенное меню округа.;;;;;;;;;x
PROVINCE_HOSPITAL_ICON_LEVEL;§YСвятилище $LEVEL$ уровня§!;;;;;;;;;x
PROVINCE_HOSPITAL_ICON_LEVEL_DESC;Местное §YСвятилище§! даёт $DISEASE_RESISTANCE$ защиты от эпидемий и $DEPOPULATION_PROTECTION$.;;;;;;;;;x
PROVINCE_HOSPITAL_VIEW_DISEASE_DESC;Защита от эпидемий: $VALUE$;;;;;;;;;x
PROVINCE_HOSPITAL_VIEW_DEPOP_DESC;Защита от мора: $VALUE|Y$;;;;;;;;;x
BUILD_HOSPITAL_DESC;Святилища могут быть построены в любом контролируемом Вами округе, и это обойдётся Вам в §Y$COST$§!¤. Они повышают §Yзащиту от эпидемий§! в том округе, где находятся, что снижает вероятность вспышек заболеваний, а также их распространения по стране. Кроме того, святилища, облегчают §Yмор§!.;;;;;;;;;x
BUILD_PRESTIGE_OR_PIETY_HOSPITAL_DESC;Святилища могут быть построены во всех округах, контролируемых Вами, если известна необходимая технология. Они уменьшают шанс вспышек эпидемий и смягчают последствия мора. Строительство святилища обойдётся в §Y$COST$§! золотых.;;;;;;;;;x
HOSPITAL_LEVEL_LESSTHAN;§YУровень Святилища§! в округе меньше чем $VALUE|Y$;;;;;;;;;x
HOSPITAL_LEVEL_ATLEAST;§YУровень Святилища§! в округе НЕ меньше чем $VALUE|Y$;;;;;;;;;x
PROVINCE_HOSPITAL_LEVEL;§YУровень святилища§! - $VALUE|G$;;;;;;;;;x
prisoner_torture_desc;§Y[Root.GetTitledName]§! - Ваш[Root.GetEndA] заключённ[Root.GetAyaYy], и Вы можете пытать [Root.GetHersHis], если отдадите соответствующий приказ. Используя наказания вы можете пытать [Root.GetHerHim], дабы принудить [Root.GetHerHis] отказаться от претензий на ваши титулы, если это необходимо. Однако, есть шанс, что ваши усилия будут тщетны, и [Root.GetHerHis] не станет отказываться от своих претензий.;;;;;;;;;x
EVTDESC6010;Каждую ночь, я пытаюсь заснуть, но продолжаю бодрствовать в течение нескольких часов. Моё тело чувствует онемение во всех своих частях, но я ощущаю, как что-то гложет меня.;;;;;;;;;x
EVTOPTA6010;Я думаю, что подхватил(а) Бурую гниль...;;;;;;;;;x
EVTNAME_RIP_10002;Bести об эпидемии;;;;;;;;;x
EVTDESC_RIP_10002;Мы получили расплывчатые известия об эпидемии, которая началась в [plague_outbreak_location.Realm.GetName]. Информация весьма невнятная, однако, уже сейчас понятно, что эта болезнь крайне тяжела и, вероятно, неизлечима. Люди мрут словно мухи, а страх и паника распространяются быстрее, чем сама зараза. При отсутствии явных причин начала эпидемии, одни люди стали обращаться к богам, а другие начали искать виновных среди окружающих. Многие считают эту болезнь похожей на грипп, только гораздо хуже...;;;;;;;;;x
EVTDESC_RIP_10003;Мы получили извести о страшной эпидемии, начавшейся в области [plague_outbreak_location.GetName], что находится в землях [plague_outbreak_location.Realm.GetName]. Сначала все слухи о ней казались преувеличением, но с тех пор в наши земли прибыло огромное количество беженцев. Мы больше не можем игнорировать эти вести. Отправленные нами гонцы принесли вести о симптомах:  красная сыпь по всему телу, постоянный кашель, кровь из глаз, носа, и рта. Ужас распространяется по обитаемым землям, обгоняя саму болезнь. До сих пор не было никаких вестей о случаях выздоровления... только массовые захоронения растут, словно грибы после дождя. Неужели [Root.Religion.GetHighGodName] мог(ла) послать нам эту кару?;;;;;;;;;x
EVTDESC_RIP_10001;Наши люди, живущие в землях [plague_outbreak_location.GetName] стали жертвами новой пугающей болезни. Те, кто болен ею, страдают от ярко-красной сыпи по всему телу и высокой температуры, у них течёт кровь из глаз, рта, и носа, после этого они умирают прямо посреди улиц. Болезнь быстро прогрессирует, и те, кто заболел пару дней назад сегодня могут быть уже мертвы. Эпидемия распространяется вглубь нашей страны, а врачеватели беспомощно разводят руками, не в силах найти нужное лекарство. Причина болезни неизвестна и потому каждый пытается спастись по-своему. Вокруг высятся охваченные гниением горы трупов, покрытых красной сыпью... Кнахатенский грипп уже на пороге.;;;;;;;;;x
EVTOPTA_RIP_10002;Бедные люди.;;;;;;;;;x
EVTOPTB_RIP_10002;Мы должны подготовиться.;;;;;;;;;x
EVTOPTC_RIP_10002;[Root.Religion.GetRandomGodName] заставит всех язычников страдать.;;;;;;;;;x
EVTOPTD_RIP_10002;Если я могу помочь - я помогу.;;;;;;;;;x
EVTOPTE_RIP_10002;Кнахатенский грипп сразит только слабых!;;;;;;;;;x
EVTOPTF_RIP_10002;Я знал(а), что это случится!;;;;;;;;;x
EVTOPTA_RIP_10003;[plague_outbreak_location.GetName] не так уж и далеко.;;;;;;;;;x
EVTNAME_RIP_10001;Cтрашная напасть;;;;;;;;;x
EVTOPTA_RIP_10001;[Root.Religion.GetRandomGodName] помоги нам!.;;;;;;;;;x
EVTNAME_RIP_10006;Cпасайтесь! Кнахатенский грипп!;;;;;;;;;x
EVTDESC_RIP_10006;Толпы беженцев прибывают в землю [bordering_province.GetName]. Большинство из них пришло из земли [infected_province.GetName], что сейчас охвачена эпидемией Кнахатенского гриппа. Некоторые из них потеряли свои семьи, некоторые спасаются от болезни вместе со своими родными, а кто-то ушёл с насиженных мест, едва услышав о заразе. Все эти люди несут на своих лицах печать ужасов, которые им пришлось повидать. Они мало говорят о том, что видели, а если и говорят - то лишь шёпотом. Они призывают местных прятаться, либо бежать от приближающегося ужаса.;;;;;;;;;x
EVTOPTA_RIP_10006;Мы должны пережить это.;;;;;;;;;x
EVTOPTB_RIP_10006;Наши целители должны неустанно трудиться, чтобы защитить страну.;;;;;;;;;x
EVTOPTC_RIP_10006;Это грязные язычники распространяют Кнахатенский грипп!;;;;;;;;;x
EVTOPTD_RIP_10006;Я надеюсь, мы можем верить этим людям.;;;;;;;;;x
EVTOPTE_RIP_10006;Пусть Кнахатенский грипп приходит.;;;;;;;;;x
EVTOPTF_RIP_10006;Кнахатенский грип идёт, чтобы забрать меня!;;;;;;;;;x
EVTNAME_RIP_10015;Аргония поражена чумой;;;;;;;;;x
EVTOPTA_RIP_10015;Когда же это закончится?;;;;;;;;;x
EVTNAME_RIP_10016;B Эльсвейре свирепствует Кнахатенский грипп;;;;;;;;;x
EVTNAME_RIP_10017;Морровинд разорён Кнахатенским гриппом;;;;;;;;;x
EVTNAME_RIP_10018;Сиродиил страдает от Кнахатенского гриппа;;;;;;;;;x
EVTNAME_RIP_10019;Скайрим разорён Кнахатенским гриппом;;;;;;;;;x
EVTNAME_RIP_10020;Хай Рок поражён Кнахатенским гриппом;;;;;;;;;x
EVTNAME_RIP_10021;B Хаммерфелл пришёл Кнахатенский грипп;;;;;;;;;x
EVTNAME_RIP_10022;Валенвуд поражён Кнахатенским гриппом;;;;;;;;;x
EVTNAME_RIP_10023;Алинор заражён Кнахатенским гриппом;;;;;;;;;x
EVTNAME_RIP_10024;Пиандонея во власти Кнахатенского гриппа;;;;;;;;;x
EKRip75Title;Цаэски поражены Кнахатенским гриппом;;;;;;;;;x
EKRip76Title;Камаль поражены Кнахатенским гриппом;;;;;;;;;x
EKRip77Title;Танг Мо поражены Кнахатенским гриппом;;;;;;;;;x
EKRip78Title;Ка По'Тун поражены Кнахатенским гриппом;;;;;;;;;x
EKRip79Title;Острова поражены Кнахатенским гриппом;;;;;;;;;x
EKRip80Title;Атмора поражена Кнахатенским гриппом;;;;;;;;;x
EKRip81Title;Роскреа поражена Кнахатенским гриппом;;;;;;;;;x
EKRip82Title;Йокуда поражена Кнахатенским гриппом;;;;;;;;;x
EVTDESC_RIP_4032_GREAT_1;[physician.GetTitledFirstName] опубликовал(а) [physician.GetHerHis] работу по магии Восстановления. [physician.GetHerHisCap] изложил(а) идеи о способах кастования заклинаний и увеличения  их эффективности, которые были хорошо приняты даже самыми выдающимися магами!;;;;;;;;;x
EVTDESC_RIP_4032_GREAT_2;[physician.GetTitledFirstName] опубликовал(а) [physician.GetHerHis] работу по алхимии. Этот трактат перечисляет многие алхимические реагенты и их эффекты, а также указывает, где они находятся, и как их собрать. Как новички, так и опытные алхимики считают данный трактат бесценным ресурсом!;;;;;;;;;x
EVTDESC_RIP_4032_GREAT_3;[Physician.GetTitledFirstName] опубликовал(а) [physician.GetHerHis] работу по хирургии. [Physician.GetHerHisCap] изложил(а) знания о том, как излечить телесные повреждения, без применения зелий или заклинаний. Солдаты, военные врачи и авантюристы одобряют этот трактат, как жизненно важный источник информации!;;;;;;;;;x
EVTDESC_RIP_4032_GOOD;[physician.GetTitledFirstName] опубликовал(а) результаты [physician.GetHerHis] медицинского исследования. Книга не получила какого-либо заметного внимания, но по крайней мере [physician.GetFirstName] улучшил(а) [physician.GetHerHis] врачебные навыки.;;;;;;;;;x
EVTDESC_RIP_4032_MEH;[physician.GetTitledFirstName] опубликовал(а) результаты [physician.GetHerHis] медицинского исследования. Книга не получила какого-либо заметного внимания. Она просто пылилась в моей библиотеке...;;;;;;;;;x
EVTDESC_RIP_4032_BAD;[physician.GetTitledFirstName] опубликовал(а) [physician.GetHerHis] новую теорию, и похоже, он(а) стал(а) посмешищем для всего медицинского сообщества! И теперь, ученые по всей стране читают её для развлечения...;;;;;;;;;x
EVTDESC_RIP_4033_GREAT_1;Я опубликовал(а) свою работу по магии Восстановления. Мои представления о способах кастования заклинаний, повышающие эффективность волшебства,  были хорошо приняты даже наиболее выдающимися магами-целителями!;;;;;;;;;x
EVTDESC_RIP_4033_GREAT_2;Я опубликовал(в) свою работу по алхимии. Мой трактат перечисляет многие алхимические реагенты и их эффекты, а также указывает, где они находятся, и как их собрать. Как новички, так и опытные алхимики считают данный трактат бесценным ресурсом!;;;;;;;;;x
EVTDESC_RIP_4033_GREAT_3;Я опубликовал(а) свою работу по хирургии.  В ней перечислены мои знания о том, как излечить телесные повреждения, без применения зелий или заклинаний. Солдаты, военные врачи и авантюристы одобряют этот трактат, как жизненно важный источник информации.;;;;;;;;;x
EVTDESC_RIP_4033_GOOD;Я опубликовал(а) результаты своих медицинских исследований. К сожалению, книга не получила заметного внимания, но я знаю, что оно того стоило. В любом случае, эта работа научила меня некоторым ценным навыкам.;;;;;;;;;x
EVTDESC_RIP_4033_MEH;После нескольких месяцев разочарований, денежные средства, предоставленные моим покровителем [FromFrom.GetTitledFirstName], закончились. Но я обещал(а) доделать и сдержал(а) своё слово. Книга получила внимание, близкое к нулю, и просто пылиться в библиотеке в [FromFrom.GetFirstName]...;;;;;;;;;x
EVTDESC_RIP_4033_BAD;Наконец-то я опубликовал(а) книгу о моих новых теориях, мой подарок для мира медицины, но другие ученые просто рассмеялись мне в лицо! Они говорят, что люди по всей стране читают эту книгу для развлечения...;;;;;;;;;x
EVTDESC_RIP_4041_BOOKS;Мой придворный врач [physician.GetTitledFirstName] предложил(а) мне купить для [physician.GetHerHim] несколько книг по алхимии и магии Восстановления, чтобы [physician.GetSheHe] помог(ла) улучшить навыки [physician.GetHerHis].;;;;;;;;;x
EVTDESC_RIP_4042_BOOKS;Мой повелитель [From.GetTitledFirstName] купил мне несколько книг по Восстановлению и алхимии. Прочитав их, я приобрел(а) новые знания, и мой разум полон идей. Мне не терпится воплотить их в жизнь!;;;;;;;;;x
EVTDESC_RIP_4043_BOOKS;Мой придворный врач [From.GetTitledFirstName] сообщил(а) мне, что новые книги, купленные мною для [From.GetHerHim] были очень полезны, и что у [From.GetSheHe] уже есть множество новых идей, которые [From.GetSheHe] хочет реализовать.;;;;;;;;;x
EVTDESC_RIP_4044_BOOKS;Мой сюзерен [From.GetTitledFirstName] купил(а) для меня несколько книг по восстановлению и алхимии. Прочитав их, меня осенили некоторые новые идеи, которые, как я думаю, могут быть полезны.;;;;;;;;;x
EVTDESC_RIP_4045_BOOKS;Мой придворный врач [From.GetTitledFirstName] сообщил(а) мне, что новые книги, купленные мною для [From.GetHerHim] были очень полезны, и что у [From.GetSheHe] уже есть несколько новых идей, которые [From.GetSheHe] хочет реализовать.;;;;;;;;;x
EVTDESC_RIP_4046_BOOKS;Мой сюзерен [From.GetTitledFirstName] считал(а), что будет хорошей идеей  купить для меня несколько книг по Восстановлению и алхимии, однако те тома, которые я получил(а) оказались слишком старыми! Я уже знаком(а) с большей частью этого материала, а остальное кажется абсурдным...;;;;;;;;;x
EVTDESC_RIP_4047_BOOKS;Мой придворный врач [From.GetTitledFirstName] неохотно объяснил(а) мне, что новые книги, купленные мною для [From.GetHerHim] оказались устаревшими, и не содержат ничего ценного. По-видимому, некоторые из методов, описанных в этих книгах, приводят к смертельным исходам!;;;;;;;;;x
EVTDESC_RIP_4100;К вам привели закованного в кандалы мага, который якобы прежде был священником в [origin_realm_of_missionary_physician_target.Realm.GetName] и проповедовал еретическое учение среди вашего народа! Священник утверждает, что выполнял миссию [missionary_physician_target.Religion.GetHighGodName], и ухаживал за больными в близлежащих деревнях. Что из этого является недопустимым для [missionary_physician_target.Religion.GetName]?;;;;;;;;;x
EVTOPTA_RIP_4100;Целитель? [Missionary_physician_target.GetSheHeCap] будет служить лично мне.;;;;;;;;;x
EVTOPTB_RIP_4100;Мы не можем позволить [missionary_physician_target.Religion.GetName] действовать в наших владениях, сжечь [missionary_physician_target.GetHerHim]!;;;;;;;;;x
EVTDESC_RIP_4101;Недели проходят, и ваш [missionary_physician_target.Religion.GetName] придворный врач продолжает говорить о вере, утверждая, что [missionary_physician_target.Religion.GetRandomGodName] может даровать вам здоровье и долголетие! Очевидно, это звучит слишком хорошо, чтобы быть правдой...;;;;;;;;;x
EVTDESCRIP.5011;Сухой кашель делает вас слабым, и красная сыпь покрывает ваше тело. Вы заболели Кнахатенским гриппом.;;;;;;;;;x
EVTDESC_EKRIP_520;Сыпь прошла, и я снова чувствую себя нормально. Мне удалось победить Кнахатенский грипп!;;;;;;;;;x
EVTOPTA_EKRIP_520;Замечательно!;;;;;;;;;x
EVTDESCRIP.5031;Вы страдаете от высокой температура и покраснения, сыпь постепенно распространяется по всему вашему телу. Вы заболели Кровавой чумой.;;;;;;;;;x
EVTDESCRIP.5040;Ваш разум затуманен и тускло-красная сыпь распространяется по всему вашему телу. Вы чувствуете жар, и боль в суставах. Вы заболели Разжижением мозга.;;;;;;;;;x
EVTDESCEKRIP.511;Вы истощены. Ваше тело болит, глаза слезятся, и красная сыпь покрывает ваше тело. Вы заразились Кнахатенским гриппом.;;;;;;;;;x
EVTDSC_RIP_5060_TYPHUS;Эти тёмные дни. Мой(я) [GetFromRelation], [From.GetTitledFirstName], был(а) подвержен(а) симптомам бреда и магической слабости в течение последних нескольких недель. Меня только что проинформировали, сообщив что недуг [From.GetHerHis] - это и правда Разжижение мозга.;;;;;;;x
EVTDSC_RIP_5060_MEASLES;Эти тёмные дни. Мой(я) [GetFromRelation], [From.GetTitledFirstName], страдает от красной сыпи и высокой температуры. Мне только что сообщили, о том что [From.GetHerHis] болезнь - это на самом деле Кровавая чума.;;;;;;;x
EVTDSC_RIP_5060_KNAHATEN_FLU;Эти тёмные дни. Когда мой(я) [GetFromRelation], [From.GetTitledFirstName], стал(а) покрываться ярко-красной сыпью и напряженно кашлять, мы боялись худшего. Теперь подозрения подтвердились. Болезнь [From.GetHerHisCap] - это и правда ужасный Кнахатенский грипп.;;;;;;;x
EVTDSC_RIP_5060_SWAMP_ROT;Эти тёмные дни. Мой(я) [GetFromRelation], [From.GetTitledFirstName], чувствует себя, с каждым днём, всё слабее и взволнованнее. Мне только что сообщили, что заболевание [From.GetHerHis] это и правда Болотная гниль.;;;;;;;x
EVTDSC_RIP_5060_CHOLERA;В последние несколько дней, мой(я) [GetFromRelation], [From.GetTitledFirstName], не выходит из уборной, по причине, кажется, бесконечного цикла диареи и рвоты. Я только что узнал(а), что причиной плохого самочувствия [From.GetHerHis] является холера.;;;;;;;x
EVTDSC_RIP_5060_DAMPWORM;Недавно, мой(я) [GetFromRelation], [From.GetTitledFirstName], стал(а) страдать от постоянных мышечных спазмов и судорог. По-видимому, [From.GetSheHe] заболел(а) Мокрым червём.;;;;;;;x
EVTDSC_RIP_5060_WITCHES_POX;В течение небольшого промежутка времени, мой(я) [GetFromRelation], [From.GetTitledFirstName], покрылся(-лась) волдырями и чувствует себя заметно слабее. Я только что узнал(а), что [From.GetSheHe] инфицирован(а) Ведьминой сыпью.;;;;;;;x
EVTDSC_RIP_5060_GREENSPORE;В последнее время, мой(я) [GetFromRelation], [From.GetTitledFirstName], бросает сердитые взгляды, когда подходит. Орёт на нас всякий раз, когда [From.GetSheHe] чувствует себя даже немного раздражённо, то есть большую часть времени. Очевидно, что причиной такого состояния  [From.GetHerHis] являются Зелёные споры.;;;;;;;x
EVTDSC_RIP_5060_ROCKJOINT;В последние несколько дней, мой(я) [GetFromRelation], [от.GetTitledFirstName], стал(а) жаловаться на боль и отёки в суставах, что делает жизнь [From.GetHerHim] весьма болезненной, и мешает продуктивной деятельности. Видимо, [From.GetSheHe] страдает от Каменной подагры.;;;;;;;x
EVTDSC_RIP_5060_STOMACH_ROT;Недавно, мой(я) [GetFromRelation], [From.GetTitledFirstName], стал(а) страдать от сильной боли в животе, которая затрудняет пищеварение [From.GetHerHim]. Предположительно, причиной недомогания [From.GetHerHis] является Желудочная гниль.;;;;;;;x
EVTDSC_RIP_5060_CHRONDIASIS;В последние несколько дней, мой(я) [GetFromRelation], [From.GetTitledFirstName], страдает от почти парализующей головной боли и тяжелого кашля. Теперь я узнал(а), что [From.GetSheHe] болеет Ипохондрией.;;;;;;;x
EVTDESC_RIP_10015;Кнахатенский грипп распространился по всей Аргонии, уничтожая не-аргонианское население во всём регионе. Так люди, меры, звери умирают тысячами, а их тела падают в близлежащие зловонные болота и водоёмы. Аргониане пытаются осмыслить окружающую их смерть. Не-аргонианские поселения на болотах превратились в города-призраки, некоторые из них лишены  даже одного-единственного жителя.;;;;;;;;;x
EVTDESC_RIP_10016;Торговые пути через Тамриэль вдруг потеряли большую часть своей прибыли, и причина этому известна. Говорят, по крупным городам  Эльсвейра прокатилась волна Кнахатенского гриппа. И окровавленные трупы заполняют некогда оживлённые улицы каджитских городов. Испуганные чиновники приказывают сносить целые кварталы, пытаясь остановить  распространение болезни.;;;;;;;;;x
EVTDESC_RIP_10017;Зловещая тень нависла над Морровиндом, ибо Кнахатенский грипп оставляет за собой лишь опустошение и трагедии. Даже самые крупные и древние данмерские семьи Морровинда едва цепляются за существование  и понесли большие жертвы. Верующие в [Root.Religion.GetHighGodName] собираются в храмах, ища исцеления, и спрашивая, почему становится так страшно, когда что-то случается.;;;;;;;;;x
EVTDESC_RIP_10018;Смерть пришла в Сиродиил, землю имперцев. Густо населённые города, некогда считавшиеся центрами цивилизации, покрыты трупами. Озеро Румаре, река Нибен и другие водоемы забиты кораблями, полными беженцев, стремящихся сбежать от эпидемии, и дороги усеяны вещами, которые бросили впавшие в панику путешественники.;;;;;;;;;x
EVTDESC_RIP_10019;Скайрим - земля, известная как дом гордых и выносливых нордов, впала в отчаяние, так как мучительные последствия Кнахатенского гриппа распространились по всей стране. Свежий горный воздух, пронизанный запахом полевых цветов, теперь воняет разлагающимися трупами, которыми покрыты оба берега Белой Реки и Реки Карт.;;;;;;;;;x
EVTDESC_RIP_10020;Смерть приходит ко всем, и для жителей Хай Рока это стало абсолютной истиной, так как земля их охвачена страшным Кнахатенским гриппом. Простолюдины и дворяне погибают в рекордных количествах, и когда-то богатый Илиак теперь полон судов, забитых беженцами, спасающихся от болезни. Даже величайшие герои региона- искатели приключений и бретонские крестоносцы,  не знают, как облегчить страдания своего народа.;;;;;;;;;x
EVTDESC_RIP_10021;По улицам городов, мерцающих красным от крови, в страхе бегут редгарды и другие жители, отступая в наспех разбитые лагеря, расположенные в горах и песках пустыни, в надежде переждать там эпидемию, избежав её гнева. Время покажет, сработают ли эти планы, но есть сведения, что многие в этих лагерях всё равно становятся жертвами Кнахатенского гриппа.;;;;;;;;;x
EVTDESC_RIP_10022;Крики гремят в лесах Валенвуда. Стебли Кнахатенского гриппа ползут с низу и забираются на ветви самых высоких деревьев, словно неизбежный хищник с ненасытным аппетитом. Независимо от того, на какие деревья забираются босмеры, имга и другие беженцы, разрушительный эффект Кнахатенского гриппа следует за ними и подлесок окрашивается кровью трупов.;;;;;;;;;x
EVTDESC_RIP_10023;Даже Альтмеры - сторонники изоляционистского пути не могут защитить свои острова от Кнахатенского гриппа и спасти заболевшее население, но их усилия, похоже, напрасны, так как многие из них сами заражаются.;;;;;;;;;x
EVTDESC_RIP_10024;Никто не застрахован от Кнахатенского гриппа, который пожинает свои жертвы в Пиандонее. Храмы [Root.Religion.GetHighGodName] заполнены корчащимися богомольцами, многие из которых страдают болезненным кровотечением. Они взывают к священникам, пытающимся найти исцеление. Быстрая гибель Маормерских Змеиных Магов, привела к тому что Эльфы потеряли контроль над своими некогда верными Морскими Змеями, многие из которых сейчас бродят по джунглям и водным путям, охотясь на неосторожных беженцев.;;;;;;;;;x
EKRip75Desc;От долины реки Мератсиес до устья Топары, Кнахатенский грипп терроризирует народ Цаэски. Кровь течёт из их глаз, носов и ртов. Пьющие кровь цаэски полагают, что их источники питания были отравлены. Теории заговора привели к тому, что многие мясные магазины и кухни, в которых готовят кровь для общественного потребления, были сожжены, но от этого было мало толку, и эпидемия не прекратилась.;;;;;;;;;x
EKRip76Desc;Даже разрушительные ветра камальской тундры не могут остановить безжалостный марш Кнахатенского гриппа. Клубящийся дым можно увидеть поднимающимся из-за горизонта, с любой стороны. Это бесчисленные погребальные костры, разожженные, чтобы уничтожить трупы несчастных жертв. Та небольшая торговля, что раньше велась здесь, нынче полностью прекращена, так как напуганные выжившие обыватели прячутся в отдаленных домиках и в крепостях, покрытых льдом.;;;;;;;;;x
EKRip77Desc;Острова тысячи обезьян, полные когда-то шумных городов, славящихся оживленными фестивалями, впали в панику и отчаяние. Приморские деревни и их порты были закрыты, в надежде замедлить распространение болезни, в результате чего многие из горожан Танг Мо остались на тех островах, на которых Кнахатенский грипп уничтожил почти всё, к чему прикасался.;;;;;;;;;x
EKRip78Desc;Облако смерти нависло над песчаной родиной По Тун. Несмотря на таланты лучших лекарей и волшебников, тысячи жителей По Тун погибли от Кнахатенского гриппа. Их труппы быстро заполонили улицы и запеклись под палящим солнцем. В результате этого зловоние пронизывает каждый город, высеченный в скалах, и толпы беженцев едут в негостеприимные пустыни и дикие земли.;;;;;;;;;x
EKRip79Desc;Кнахатенский грипп беспощадно опустошает острова Квей. Корабли, полные трупов лениво дрейфуют в его заливах и портах, приветствуя горожан обещанием заражения и почти неминуемой гибели. Островитяне-квей не могут определить точную причину эпидемии и способы излечения, многие из них лишились своих жизней в море или отступили вглубь лесистых холмов, где по их мнению, вероятность заболевания ниже.;;;;;;;;;x
EKRip80Desc;Холодная рука смерти, даже более холодная, чем самые промерзлые земли Атморы, охватила северный континент. Целые деревни атморцев погибли от Кнахатенского гриппа, а их окровавленные тела были быстро погребены под бесконечными снежными бурями. Крупнейшие населённые пункты объявили карантин, а стонущие мужчины, женщины и дети уходят в глушь, чтобы умереть, погибнув от воздействия стихии, в надежде защитить свои семьи от инфекции.;;;;;;;;;x
EKRip81Desc;Бодрый воздух Роскреа, когда-то наполненный запахом освежеванных китовых туш, теперь воняет многочисленными жертвами Кнахатенского гриппа. Китобои и рыбаки ищут убежища в своих кораблях, и даже в небольших лодках, и отправляются в море с мыслью,  что они могут переждать эпидемию. Тем, кто остался на суше - повезло меньше, и число погибших резко растёт с каждым днем.;;;;;;;;;x
EKRip82Desc;Беда пришла на Йокуду - осколки затонувшего континента. Кнахатенский грипп достиг берегов её островов, и некогда оживленные торговые порты теперь бездействуют, поскольку толпы йокуданских купцов, моряков и горожан собрались в многочисленных храмах в отчаянной надежде найти исцеление. Местные священники, несмотря на все свои усилия, мало что могут сделать, чтобы остановить волну Кнахатенского гриппа.;;;;;;;;;x
EKRip205Desc;Вы чувствуете себя слабее с каждым днем, и ваши мышцы часто сводит. Вы заболели Болотной гнилью.;;;;;;;;;x
EKRip300Desc;Сила, наконец-то, возвращается к вам, и теперь у вас есть энергия, чтобы вернуться к своему прежнему распорядок дня. Вы пережили Болотную гниль.;;;;;;;;;x
EKRip215Desc;Вы проводите так много времени в уборной, что вас мало кто видит.  Вы чувствуете усталость, жажду, и постоянно страдаете от жидкого стула. Вы заболели холерой.;;;;;;;;;x
EKRip310Desc;Казалось бы, неутолимое чувство жажды, наконец, стихли, как ваши походы в нужник. Вы пережили Холеру.;;;;;;;;;x
EKRip225Desc;Мышцы по всему вашему телу непрерывно дергаются, и даже просто ходить из одного места в другое становится тяжело. Вы заболели Мокрым червём.;;;;;;;;;x
EKRip320Desc;Мышечные спазмы ушли, и вы чувствуете себя гораздо более ловким в ногах. Вы исцелились от Мокрого червя.;;;;;;;;;x
EKRip235Desc;Вы чувствуете себя чрезвычайно слабым, и маленькие волдыри теперь покрывают всё ваше тело. Вы заразились Ведьминой сыпью.;;;;;;;;;x
EKRip330Desc;Волдыри стали постепенно рассасываться, и ваша сила вернулась в нормальное состояние. Вы пережили Ведьмину сыпь.;;;;;;;;;x
EKRip245Desc;Вы чувствуете себя раздражительным и злым, и выходите из себя при малейшем поводе - но Вы не можете понять, почему так поступаете. Вы подхватили Зелёные споры.;;;;;;;;;x
EKRip340Desc;Эмоциональные всплески прекратились, и вы, наконец-то чувствуете себя снова спокойным. Вы выжили после Зелёных спор.;;;;;;;;;x
EKRip255Desc;Практически каждый сустав в вашем теле опух и стал жестким, это делает сам процесс движения болезненном и неуклюжим. Вы заболели Каменной подагрой.;;;;;;;;;x
EKRip350Desc;Скованность и отеки исчезли, а ваша ловкость вернулась. Вы выжили после Каменной подагры.;;;;;;;;;x
EKRip265Desc;Ваш живот терзает усиливающаяся боль, а еду и питье становится очень трудно удержать внутри. Вы заболели Желудочной гнилью.;;;;;;;;;x
EKRip360Desc;Боли в желудке исчезли, и теперь вы можете возобновить свой обычный режим питания, как будто ничего плохого и не было. Вы выжили после Желудочной гнили.;;;;;;;;;x
EKRip275Desc;Головная боль обострилась, и вам становится трудно сосредоточиться на чем-либо. Вы кашляете настолько часто, что болит грудь и вам стало труднее дышать. Вы заболели Ипохондрией.;;;;;;;;;x
EKRip370Desc;Мучительная головная боль прошла, и приступы кашля прекратились. Вы пережили Ипохондрию.;;;;;;;;;x
EVTDESC_RIP_11026;Энергия возвращается к вам, тело все ещё ноет, но болезнь покидает ваше тело. Вы пережили Разжижение мозга.;;;;;;;;;x
EVTDESC_RIP_11027;Вы не знаете, как это произошло, но ваши приступы кашля прекратились, и сыпь прошла. Кажется, вы выжили после Кнахатенского гриппа.;;;;;;;;;x
EVTDESC_RIP_11028;Лихорадочное состояние, в котором вы в последнее время находились, теперь заменяется новой энергией. Постепенно сыпь исчезает. Кровавая чума оказалась не такой уж смертоносной.;;;;;;;;;x
EVTOPTA_RIP_11035;Заклинание Исцеления Болезней.;;;;;;;;;x
EVTOPTA_RIP_11035_TOOLTIP;§Y[From.GetBestName]§! будет использовано целебное заклинание школы Восстановления для  лечения вашего недуга. Этот вариант не стоит каких-либо денег, но его шансы на успех полностью зависят от квалификации врача. Неподходящее заклинание может привести к катастрофическому результату, но грамотно использованная магия Восстановления будет иметь невероятные последствия.;;;;;;;;;x
EVTOPTB_RIP_11035;Зачарованный свиток Исцеления Болезней.;;;;;;;;;x
EVTOPTB_RIP_11035_TOOLTIP;§Y[From.GetBestName]§! купит свиток исцеления для лечения вашего заболевания. Волшебные свитки стоят дорого, но почти никогда не отказывают, не требуя каких-либо особых навыков от врача, кроме элементарной грамотности.;;;;;;;;;x
EVTOPTC_RIP_11035;Зелье Лечения Болезней.;;;;;;;;;x
EVTOPTC_RIP_11035_TOOLTIP;§Y[From.GetBestName]§! сварит зелье Излечения Болезней, чтобы вылечить ваш недуг. Это недорогое решение, которое имеет умеренные шансы на успех для всех, кроме наименее квалифицированных врачей. Это решение умеренно влияет на здоровье и дееспособность [From.GetFirstName].;;;;;;;;;x
EVTOPTD_RIP_11035;Эти процедуры жутко звучат.;;;;;;;;;x
EVTDESC_RIP_11040_1;[FromFrom.GetBestName] стоял(а) примерно в метре перед вами, с обеими поднятыми руками. [FromFrom.GetSheHeCap] использовал(а) на вас целебное заклинание, но не заметил(а) каких-либо эффектов, [FromFrom.GetFirstName] нахмурился и использовал(а) на вас различные заклинания. "Исцеление болезни не удалось", [FromFrom.GetSheHe] говорил(а), "Но я могу укрепить ваше здоровье, что может иметь почти такой же эффект".;;;;;;;;;x
EVTDESC_RIP_11040_2;[FromFrom.GetBestName] стоял(а) примерно в метре перед вами, с обеими поднятыми руками. [FromFrom.GetSheHeCap] использовал(а) на вас целебное заклинание, но не заметил(а) каких-либо эффектов, [FromFrom.GetFirstName] нахмурился и использовал(а) на вас различные заклинания, но похоже безрезультатно. После нескольких часов попыток, [FromFrom.GetSheHe] сказал(а), "Я не понимаю, что пошло не так ", [FromFrom.GetHerHis] повесил(а) голову от стыда.;;;;;;;;;x
EVTDESC_RIP_11040_3;[FromFrom.GetBestName] стоял(а) примерно в метре перед вами, с обеими поднятыми руками. [FromFrom.GetSheHeCap] использовал(а) на вас целебное заклинание,  потом улыбнулся. "Вы чувствуете себя лучше?" - спросил(а) [FromFrom.GetFirstName]. Вы ответили, что да, и [FromFrom.GetSheHe] кивнул(а) в знак одобрения, прежде чем сказать:  "Оказывается, что Излечение Болезни работает отлично".;;;;;;;;;x
EVTDESC_RIP_11040_4;[FromFrom.GetBestName] стоял(а) примерно в метре перед вами, с обеими поднятыми руками. [FromFrom.GetSheHeCap] использовал(а) на вас целебное заклинание ,  потом улыбнулся. "Вы чувствуете себя лучше?" - спросил(а) [FromFrom.GetFirstName]. Через несколько секунд, вы почувствовали себя ещё более больным и стали выглядеть хилым и бледным. "Мне правда очень жаль" -  сказал(а) [FromFrom.GetFirstName]. "Я, кажется, забыл(а), как кастовать Исцеление Болезни и по ошибке использовал(а) Высасывание Выносливости"!;;;;;;;;;x
EVTOPTA_RIP_11040;Спасибо вам, [FromFrom.GetFirstName].;;;;;;;;;x
EVTOPTB_RIP_11040;Я полагаю, что могло быть и хуже...;;;;;;;;;x
EVTOPTC_RIP_11040;Отличная работа, [FromFrom.GetFirstName]!;;;;;;;;;x
EVTOPTD_RIP_11040;По крайней мере, я все ещё существую как личность.;;;;;;;;;x
EVTDESC_RIP_11041_1;[FromFrom.GetBestName] встала(а) перед вами и развернул(а) свиток, покрытый мистическими заклинаниями. [FromFrom.GetSheHeCap] прочитал(а) его вслух и скастовал(а) на вас заклинание. Вам сразу же стало значительно лучше и благодаря целебной силе [FromFrom.GetHerHim] вам даже удалось встать на ноги. "Ах, вы видите? Свиток Исцеления Болезни никогда не терпит неудачу!" сказал(а) [FromFrom.GetFirstName] с улыбкой. "Ну, обычно".;;;;;;;;;x
EVTDESC_RIP_11041_2;[FromFrom.GetBestName] встала(а) перед вами и развернул(а) свиток, покрытый мистическими заклинаниями. [FromFrom.GetSheHeCap] прочитал(а) его вслух и скастовал(а) заклинание, которое призвало гнилую нежить, запах которой вызывал у вас тошноту. Когда вы оба смотрели на эту мерзость, [FromFrom.GetFirstName] пожал(а) плечами "Ох, это был свиток Призыва Ужасного Зомби", сказал(а) [FromFrom.GetSheHe]. "Мне, наверное надо было читать первую страницу ...";;;;;;;;;x
EVTOPTA_RIP_11041;Спасибо за помощь, [FromFrom.GetFirstName]!;;;;;;;;;x
EVTOPTB_RIP_11041;Вы мне отвратительны, [FromFrom.GetFirstName].;;;;;;;;;x
EVTDESC_RIP_11042_1;[FromFrom.GetBestName] передал(а) вам пузырящееся зелье. "Одну болезнь оно вылечит, свежезаваренное и готовое к употреблению!" сказал(а) [FromFrom.GetSheHe]. Вы поднесли бутылку к губам и выпили отвар, сразу почувствовав себя немного лучше. Когда вы поблагодарили [FromFrom.GetHerHim], [FromFrom.GetSheHe] сказал(а) "Пройдёт ещё некоторое время, прежде чем зелье заработает в полную силу, но рано или поздно, вам должно стать лучше".;;;;;;;;;x
EVTDESC_RIP_11042_2;[FromFrom.GetBestName] передал(а) вам пузырящееся зелье. "Одну болезнь оно вылечит, свежезаваренное и готовое к употреблению!" сказал(а) [FromFrom.GetSheHe]. Вы поднесли бутылку к губам и выпили отвар, но не почувствовали никаких изменений. Когда вы спросили у [FromFrom.GetHerHim] почему так произошло, то [FromFrom.GetSheHe] застонал(а) и ответил(а) "Это потому, что я использовал(а) ступку и пестик новичка для такого жизненно важного зелья!";;;;;;;;;x
EVTOPTA_RIP_11042;Моя благодарность, [FromFrom.GetFirstName]!;;;;;;;;;x
EVTOPTB_RIP_11042;Всё могло быть и хуже...;;;;;;;;;x
EVTDESC_RIP_11045_has_typhus;[From.GetTitledName] справедливо считает, что у вас развивается Разжижение мозга. [From.GetSheHeCap] настаивает на том, чтобы вы следовали инструкциям [From.GetHerHis].;;;;;;;;;x
EVTDESC_RIP_11045_has_typhus_certain;[From.GetTitledName] утверждает, что [From.GetHerHis] большой врачебный опыт привёл [From.GetHerHim] к явному выводу, о том что у вас развивается Разжижение мозга. [From.GetSheHeCap] настаивает, чтобы вы следовали инструкциям [From.GetHerHis].;;;;;;;;;x
EVTDESC_RIP_11045_has_typhus_sure;[From.GetTitledName] уверен(а), что у вас развивается Разжижение мозга. [From.GetSheHeCap] настаивает, чтобы вы следовали инструкциям [From.GetHerHis].;;;;;;;;;x
EVTDESC_RIP_11045_has_typhus_uncertain;[From.GetTitledName] неуверенно предполагает, что у вас, вероятно развивается Разжижение мозга, или, возможно, просто слабоумие. [From.GetSheHeCap] настаивает, чтобы вы следовали инструкциям [From.GetHerHis].;;;;;;;;;x
EVTDESC_RIP_11045_has_knahaten_flu;[From.GetTitledName] опасается, что вы можете быть инфицированы Кнахатенским гриппом. [From.GetSheHeCap] настаивает, чтобы вы следовали инструкциям [From.GetHerHis].;;;;;;;;;x
EVTDESC_RIP_11045_has_knahaten_flu_certain;[From.GetTitledName] утверждает, что [From.GetHerHis] большой врачебный опыт привёл [From.GetHerHim] к явному выводу, о том что вы заражены Кнахатенским гриппом. [From.GetSheHeCap] настаивает, чтобы вы следовали инструкциям [From.GetHerHis].;;;;;;;;;x
EVTDESC_RIP_11045_has_knahaten_flu_sure;[From.GetTitledName] обеспокоен(а) тем, что вы можете быть инфицированы Кнахатенским гриппом. [From.GetSheHeCap] настаивает, чтобы вы следовали инструкциям [From.GetHerHis].;;;;;;;;;x
EVTDESC_RIP_11045_has_knahaten_flu_uncertain;[From.GetTitledName] нерешительно предполагает, что вы, вероятно, заражены Кнахатенским гриппом. [From.GetSheHeCap] настаивает, чтобы вы следовали инструкциям [From.GetHerHis].;;;;;;;;;x
EVTDESC_RIP_11045_has_measles;[From.GetTitledName] совершенно уверен(а), что вы заболели Кровавой чумой. [From.GetSheHeCap] настаивает, чтобы вы следовали инструкциям[From.GetHerHis].;;;;;;;;;x
EVTDESC_RIP_11045_has_measles_certain;[From.GetTitledName] утверждает, что [From.GetHerHis] большой врачебный опыт привёл [From.GetHerHim] к явному выводу, о том что вы заражены Кровавой чумой. [From.GetSheHeCap] настаивает, чтобы вы следовали инструкциям [From.GetHerHis].;;;;;;;;;x
EVTDESC_RIP_11045_has_measles_sure;[From.GetTitledName] уверен(а), что вы заболели Кровавой чумой. [From.GetSheHeCap] настаивает, чтобы вы следовали инструкциям [From.GetHerHis].;;;;;;;;;x
EVTDESC_RIP_11045_has_measles_uncertain;[From.GetTitledName] нерешительно предполагает, что вы, вероятно, заражены Кровавой чумой. [From.GetSheHeCap] настаивает, чтобы вы следовали инструкциям [From.GetHerHis].;;;;;;;;;x
EVTDESC_RIP_11045_has_swamp_rot;[From.GetTitledName] совершенно уверен(а), что вы заболели Болотной гнилью. [From.GetSheHeCap] настаивает, чтобы вы следовали инструкциям [From.GetHerHis].;;;;;;;;;x
EVTDESC_RIP_11045_has_swamp_rot_certain;[From.GetTitledName] утверждает, что [From.GetHerHis] большой врачебный опыт привёл [From.GetHerHim] к явному выводу, о том что вы заболели Болотной гнилью. [From.GetSheHeCap] настаивает, чтобы вы следовали инструкциям [From.GetHerHis].;;;;;;;;;x
EVTDESC_RIP_11045_has_swamp_rot_sure;[From.GetTitledName] уверен(а), что вы подхватили Болотную гниль. [From.GetSheHeCap] настаивает, чтобы вы следовали инструкциям [From.GetHerHis].;;;;;;;;;x
EVTDESC_RIP_11045_has_swamp_rot_uncertain;[From.GetTitledName] нерешительно предполагает,  что вы, вероятно заражены болотной гнилью, но это не точный диагноз. [From.GetSheHeCap] настаивает, чтобы вы следовали инструкциям [From.GetHerHis].;;;;;;;;;x
EVTDESC_RIP_11045_cholera;[From.GetTitledName] совершенно уверен(а), что вы заболели Холерой. [From.GetSheHeCap] настаивает, чтобы вы следовали инструкциям [From.GetHerHis].;;;;;;;;;x
EVTDESC_RIP_11045_cholera_certain;[From.GetTitledName] утверждает, что [From.GetHerHis] большой врачебный опыт привёл [From.GetHerHim] к явному выводу, о том что вы больны Холерой. [From.GetSheHeCap] настаивает, чтобы вы следовали инструкциям [From.GetHerHis].;;;;;;;;;x
EVTDESC_RIP_11045_cholera_sure;[From.GetTitledName] уверен(а), что вы заболели Холерой. [From.GetSheHeCap] настаивает, чтобы вы следовали инструкциям [From.GetHerHis].;;;;;;;;;x
EVTDESC_RIP_11045_cholera_uncertain;[From.GetTitledName] нерешительно предполагает, что вы, вероятно, заражены Холерой. [From.GetSheHeCap] настаивает, чтобы вы следовали инструкциям [From.GetHerHis].;;;;;;;;;x
EVTDESC_RIP_11045_dampworm; [From.GetTitledName] совершенно уверен(а), что вы заболели Мокрым червём. [From.GetSheHeCap] настаивает, чтобы вы следовали инструкциям [From.GetHerHis].;;;;;;;;;x
EVTDESC_RIP_11045_dampworm_certain;[From.GetTitledName] утверждает, что [From.GetHerHis] большой врачебный опыт привёл [From.GetHerHim] к явному выводу, о том что вы заражены Мокрым червём. [From.GetSheHeCap] настаивает, чтобы вы следовали инструкциям [From.GetHerHis].;;;;;;;;;x
EVTDESC_RIP_11045_dampworm_sure;[From.GetTitledName] уверен(а), что вы заболели Мокрым червём. [From.GetSheHeCap] настаивает, чтобы вы следовали инструкциям [From.GetHerHis].;;;;;;;;;x
EVTDESC_RIP_11045_dampworm_uncertain;[From.GetTitledName] нерешительно предполагает, что вы, вероятно, заражены Мокрым червём. [From.GetSheHeCap] настаивает, чтобы вы следовали инструкциям [From.GetHerHis].;;;;;;;;;x
EVTDESC_RIP_11045_witches_pox;[From.GetTitledName] совершенно уверен(а), что вы заболели Ведьминой сыпью. [From.GetSheHeCap] настаивает, чтобы вы следовали инструкциям [From.GetHerHis].;;;;;;;;;x
EVTDESC_RIP_11045_witches_pox_certain;[From.GetTitledName] утверждает, что [From.GetHerHis] большой врачебный опыт привёл [From.GetHerHim] к явному выводу, о том что вы заражены Ведьминой сыпью. [From.GetSheHeCap] настаивает, чтобы вы следовали инструкциям [From.GetHerHis].;;;;;;;;;x
EVTDESC_RIP_11045_witches_pox_sure;[From.GetTitledName] уверен(а), что вы заболели Ведьминой сыпью. [From.GetSheHeCap] настаивает, чтобы вы следовали инструкциям [From.GetHerHis].;;;;;;;;;x
EVTDESC_RIP_11045_witches_pox_uncertain;[From.GetTitledName] нерешительно предполагает, что вы, вероятно, заражены Ведьминой сыпью. [From.GetSheHeCap] настаивает, чтобы вы следовали инструкциям [From.GetHerHis].;;;;;;;;;x
EVTDESC_RIP_11045_greenspore;[From.GetTitledName] совершенно уверен(а), что вы заразились Зелёными спорами. [From.GetSheHeCap] настаивает, чтобы вы следовали инструкциям [From.GetHerHis].;;;;;;;;;x
EVTDESC_RIP_11045_greenspore_certain;[From.GetTitledName] утверждает, что [From.GetHerHis] большой врачебный опыт привёл [From.GetHerHim] к явному выводу, о том что вы заражены Зелёными спорами. [From.GetSheHeCap] настаивает, чтобы вы следовали инструкциям [From.GetHerHis].;;;;;;;;;x
EVTDESC_RIP_11045_greenspore_sure;[From.GetTitledName] уверен(а), что вы заражены Зелёными спорами. [From.GetSheHeCap] настаивает, чтобы вы следовали инструкциям [From.GetHerHis].;;;;;;;;;x
EVTDESC_RIP_11045_greenspore_uncertain;[From.GetTitledName] нерешительно предполагает, что вы, вероятно, заражены Зелёными спорами. [From.GetSheHeCap] настаивает, чтобы вы следовали инструкциям [From.GetHerHis].;;;;;;;;;x
EVTDESC_RIP_11045_rockjoint;[From.GetTitledName] совершенно уверен(а), что вы заболели Каменной подагрой. [From.GetSheHeCap] настаивает, чтобы вы следовали инструкциям [From.GetHerHis].;;;;;;;;;x
EVTDESC_RIP_11045_rockjoint_certain;[From.GetTitledName] утверждает, что [From.GetHerHis] большой врачебный опыт привёл [From.GetHerHim] к явному выводу, о том что вы заражены Каменной подагрой. [From.GetSheHeCap] настаивает, чтобы вы следовали инструкциям [From.GetHerHis].;;;;;;;;;x
EVTDESC_RIP_11045_rockjoint_sure;[From.GetTitledName] уверен(а), что вы заболели Каменной подагрой. [From.GetSheHeCap] настаивает, чтобы вы следовали инструкциям [From.GetHerHis].;;;;;;;;;x
EVTDESC_RIP_11045_rockjoint_uncertain;[From.GetTitledName] нерешительно предполагает, что вы, вероятно, заражены Каменной подагрой. [From.GetSheHeCap] настаивает, чтобы вы следовали инструкциям [From.GetHerHis].;;;;;;;;;x
EVTDESC_RIP_11045_stomach_rot;[From.GetTitledName] совершенно уверен(а), что вы заболели Желудочной гнилью. [From.GetSheHeCap] настаивает, чтобы вы следовали инструкциям [From.GetHerHis].;;;;;;;;;x
EVTDESC_RIP_11045_stomach_rot_certain;[From.GetTitledName] утверждает, что [From.GetHerHis] большой врачебный опыт привёл [From.GetHerHim] к явному выводу, о том что вы заражены Желудочной гнилью. [From.GetSheHeCap] настаивает, чтобы вы следовали инструкциям [From.GetHerHis].;;;;;;;;;x
EVTDESC_RIP_11045_stomach_rot_sure;[From.GetTitledName] уверен(а), что вы заболели Желудочной гнилью. [From.GetSheHeCap] настаивает, чтобы вы следовали инструкциям [From.GetHerHis].;;;;;;;;;x
EVTDESC_RIP_11045_stomach_rot_uncertain;[From.GetTitledName] нерешительно предполагает, что вы, вероятно, заболели Желудочной гнилью. [From.GetSheHeCap] настаивает, чтобы вы следовали инструкциям [From.GetHerHis].;;;;;;;;;x
EVTDESC_RIP_11045_chrondiasis;[From.GetTitledName] совершенно уверен(а), что вы заболели Ипохондрией. [From.GetSheHeCap] настаивает, чтобы вы следовали инструкциям [From.GetHerHis].;;;;;;;;;x
EVTDESC_RIP_11045_chrondiasis_certain;[From.GetTitledName] утверждает, что [From.GetHerHis] большой врачебный опыт привёл [From.GetHerHim] к явному выводу, о том что вы заражены Ипохондрией. [From.GetSheHeCap] настаивает, чтобы вы следовали инструкциям [From.GetHerHis].;;;;;;;;;x
EVTDESC_RIP_11045_chrondiasis_sure;[From.GetTitledName] уверен(а), что вы заболели Ипохондрией. [From.GetSheHeCap] настаивает, чтобы вы следовали инструкциям [From.GetHerHis].;;;;;;;;;x
EVTDESC_RIP_11045_chrondiasis_uncertain;[From.GetTitledName] нерешительно предполагает, что вы, вероятно, заражены Ипохондрией. [From.GetSheHeCap] настаивает, чтобы вы следовали инструкциям [From.GetHerHis].;;;;;;;;;x
EVTDESC_RIP_11046_COUGH_1;[FromFrom.GetTitledFirstName] принес(ла) вам чайник с очень горячим травяным чаем, и поручил(а) вам пить не менее пяти чашек этого напитка в день, для лечения кашля.;;;;;;;;;x
EVTDESC_RIP_11046_DIARRHEA_1;[FromFrom.GetTitledFirstName] рекомендует вам: чтобы минимизировать последствия диареи, вы должны съесть много фруктов и свежеиспеченного хлеба.;;;;;;;;;x
EVTDESC_RIP_11046_FATIGUE_1;Чтобы побороть вашу усталость, [FromFrom.GetTitledFirstName] назначил(а) диету, богатую мясом и другими вкусными, и ароматными продуктами питания.;;;;;;;;;x
EVTDESC_RIP_11046_HEADACHE_1;[FromFrom.GetTitledFirstName] предположил(а), что ваша головная боль пройдет, если вы будете спать в полной темноте, пить много воды, избегать громких звуков и плохо сыгранной музыки.;;;;;;;;;x
EVTDESC_RIP_11046_CHESTPAIN_1;Дабы уменьшить вашу боль в груди, [FromFrom.GetTitledFirstName] сказал(а), что будет лучше свести к минимуму стресс, по-возможности не повышать голос и свести к минимуму физические нагрузки.;;;;;;;;;x
EVTDESC_RIP_11046_RASH_1;[FromFrom.GetTitledFirstName] объяснил(а), что для избавления от сыпи будет целесообразно купаться два раза в день, и следить за тем, чтобы никогда повторно не использовать один и тот же кусок мыла. [FromFrom.GetSheHeCap] также указал(а) что нужно каждый день менять одежду на чистую.;;;;;;;;;x
EVTDESC_RIP_11046_ABDOMINALPAIN_1;[FromFrom.GetTitledFirstName], чтобы уменьшить вашу боль в животе, вам следует позаботиться о смене рациона питания и перейти на мягкие, легко усваиваемые продукты и употреблять их неделю, пока боль не утихнет.;;;;;;;;;x
EVTDESC_RIP_11046_VOMITING_1;[FromFrom.GetTitledFirstName] принес(ла) вам стакан кипятка и повелел(а) выпить."Каждый раз, когда вы чувствуете жажду или голод," [FromFrom.GetSheHe] сказал(а), "Вы должны пить кипяченую воду, и только кипяченую воду. Вам также нужно выпивать полный стакан каждый раз, когда вас рвёт.";;;;;;;;;x
EVTDESC_RIP_11046_MALAISE_1;[FromFrom.GetTitledFirstName] посоветовал(а) вам делать зарядку в течение часа, по утрам, перед обедом и вечером, до тех пор, пока ваше недомогание не пройдёт.;;;;;;;;;x
EVTDESC_RIP_11046_CRAMPS_1;В качестве средства борьбы со спазмами, [FromFrom.GetTitledFirstName] рекомендует каждый день массировать затронутые спазмами части тела, до тех пор, пока неприятные ощущения не прекратятся.;;;;;;;;;x
EVTDESC_RIP_11046_FEVER_1;Чтобы снизить температуру, [FromFrom.GetTitledFirstName] закутал(а) вас в тёплый плед и положил(а) на ваш лоб  холодную, мокрую тряпку. [FromFrom.GetSheHe] поручил(а) слуге менять тряпку и воду не реже одного раза в час.;;;;;;;;;x
EVTDESC_RIP_11046_GENERAL_1;[FromFrom.GetTitledFirstName] принес(ла) вам миску грибного супа." Обязательно съешьте всё это," [FromFrom.GetSheHe] сказал(а)." Грибы, использованные в этом супе должны помочь противостоять болезни, как и измельчённый жемчуг, который я посыпал(а) в бульон.";;;;;;;;;x
EVTDESC_RIP_11046_GENERAL_2;[FromFrom.GetTitledFirstName] привел(а) вас к горячей дымящейся ванне, и сказал(а), чтобы вы залезли в ванну. "Погрузитесь в воду до шеи, вытянув вперёд носки и пальцы ног," [FromFrom.GetSheHe] сказал(а) "Принимайте такую ванну трижды в день, до тех пор, пока не пройдут симптомы болезни".;;;;;;;;;x
EVTDESC_RIP_11046_GENERAL_3;[FromFrom.GetTitledFirstName] передал(а) вам сильно изношенный,  отполированный амулет из серебра."Вы можете использовать этот старый Амулет Сопротивления Болезням, который я одолжил(а) у своего друга," [FromFrom.GetSheHe] сказал(а). "Если кто-нибудь спросит об этом, скажите, что получили его не от меня".;;;;;;;;;x
EVTDESC_RIP_11046_GENERAL_4;Чтобы облегчить ваш недуг, [FromFrom.GetTitledFirstName] дал(а) вам горсть перьев ястреба и поручил(а) вам разжевывать их по одному до еды и после каждого приема пищи. "Сырые перья мертвой птицы являются одним из лучших методов лечения болезней," [FromFrom.GetSheHe] заметил(а). "Иронично, не правда ли?";;;;;;;;;x
EVTDESC_RIP_11046_GENERAL_5;Чтобы излечить симптомы, [FromFrom.GetTitledFirstName] принес(ла) вам свежеиспеченный пирог. "Это старый местный рецепт," [FromFrom.GetSheHe] сказал(а)."Пастухи,во время долгой ходьбы, берут его для предотвращения болезней.";;;;;;;;;x
EVTDESC_RIP_11046_GENERAL_6;[FromFrom.GetTitledFirstName] предоставил(а) вам миску крабового супа. "Мне жаль, если выглядит не вкусно," [FromFrom.GetSheHe] прокряхтел(а). "Бульон, смешанный с хитином творит чудеса, но мне не удалось найти какой-либо мягкий панцирь у краба.";;;;;;;;;x
EVTDESC_RIP_11046_GENERAL_7;[FromFrom.GetTitledFirstName] сказал(а), что для борьбы с вашим недугом, вы должны каждый день соблюдать постельный режим. Для этой цели, [FromFrom.GetSheHe] положил(а) вам под голову очень удобную подушку.;;;;;;;;;x
EVTDESC_RIP_11046_GENERAL_8;Чтобы излечить болезнь, [FromFrom.GetTitledFirstName] принес(а) вам пузырящееся зелье и поручил(а) и его выпить. " Это зелье Сопротивления Болезням", которое  изготовил(а) [FromFrom.GetSheHe]. "Оно должно сработать, но пожалуйста, сообщите мне, если вы по-прежнему будете плохо себя чувствовать.";;;;;;;;;x
EVTDESC_RIP_11053_VILLAGE_DRUNKARD;Ваши гонцы сообщают о целителе по имени [recruited_physician_target.GetFullName] из соседней деревни. Несмотря на то, что у [recruited_physician_target.GetSheHe] нет должного образования, но, вероятно, есть проблемы с выпивкой, жители деревни уверяют, что [recruited_physician_target.GetSheHe] может вылечить любую хворь. Несомненно, не будет никаких проблем уговорить целителя присоединиться к вашему двору.;;;;;;;;;x
EVTOPTB_RIP_11053;Нужно рискнуть.;;;;;;;;;x
EVTDESC_RIP_11053_SHIPS_PHYSICIAN;Вам доложили о корабле "Гроза [recruited_physician_target.Religion.GetRandomGodNameCap]", пришвартовавшемся в порту [physician_port_target.GetName]. Капитану корабля служит известный врач [recruited_physician_target.GetFirstNameWithNick]. Если вы предложите золото, [recruited_physician_target.GetSheHe], несомненно, покинет своего нанимателя и будет служить вам!;;;;;;;;;x
EVTOPTC_RIP_11053;Я заплачу любую цену за настоящую помощь.;;;;;;;;;x
EVTDESC_RIP_11053_WISE_DWARF;Ваши гонцы сообщают о блестящем целителе, что живет глубоко в лесах [physician_forest_target.GetName]. Целитель, карлик по имени [recruited_physician_target.GetFirstName], выходит из лесу только в том случае, если в соседних деревушках кому-либо из ребятишек нужна врачебная помощь. Методом кнута и пряника вы можете убедить лекаря перебраться ко двору.;;;;;;;;;x
EVTOPTD_RIP_11053;Этот карлик [recruited_physician_target.GetManWoman], немного странный, но весьма опытный в своем деле!  Приведите [recruited_physician_target.GetHerHis] к моему двору.;;;;;;;;;x
EVTDESC_RIP_11053_JEWISH_EXILE;Вскоре после того, как вы разослали гонцов на поиски врача, к вашему двору явилась мудрая орчиха. Она представилась как [recruited_physician_target.GetFullName] и рассказала, что раньше служила придворным лекарем многим правителям и готова предложить вам свои услуги за достойное вознаграждение.;;;;;;;;;x
EVTOPTE_RIP_11053;Я принимаю ваше великодушное предложение!;;;;;;;;;x
EVTDESC_RIP_11053_CONDEMNED_SORCERER;Ваш [Root.GetSpymasterName], [Root.job_spymaster.GetTitledFirstName], сообщает, что разбойник-некромант был пойман и заключен в тюрьму в городе [sorcerer_city_target.GetName]. Этот маг, по-видимому, исцелил различные недуги, от которых страдали другие заключенные. Хотя [recruited_physician_target.GetHerHis] казнь назначена на полдень, вы могли бы простить [recruited_physician_target.GetHerHis] и принять [recruited_physician_target.GetHerHis] на вашу службу.;;;;;;;;;;x
EVTOPTF_RIP_11053;Звучит не слишком приятно, но мне нужен врач!;;;;;;;;;x
EVTDESC_RIP_11053_CYNICAL_CLERGYMAN;Вскоре после того, как вы объявили о поиске придворного врача, один [Root.Religion.GetPriestTitle] из [clergyman_temple_target.GetName] прибыл к вашему двору. Циничный [Root.Religion.GetPriestTitle] представился как [recruited_physician_target.GetFirstNameWithNick] и выразил желание служить вам. Но принимая во внимание, что этого человека сторонится большинство представителей духовенства, религиозные власти вряд ли это одобрят...;;;;;;;;;;x  
EVTOPTG_RIP_11053;Оставьте свои пыльные старые книги и присоединяйтесь к моему двору!;;;;;;;;;;x 
EVTDESC_RIP_11053_CHINESE_DOCTOR;Во время разорения торгового поста в [chinese_silk_road_target.GetName] на Великом Торговом пути, ваши разведчики натолкнулись на кимерского путешественника. Этот путешественник, зовущийся [recruited_physician_target.GetFirstName], утверждает, что он аптекарь, известный своим мастерством, однако разведчикам не удалось это проверить. [recruited_physician_target.GetSheHeCap] предложил присоединиться к вашему двору в обмен за адекватную компенсацию его трудов.;;;;;;;;;x
EVTOPTH_RIP_11053;Аптекарь - это то, что мне нужно!;;;;;;;;;x
EVTDESC_RIP_11053_ARAB_SCHOLAR;До вас дошли новости об аргонианине-мистике, который только что прибыл в [Root.Capital.GetName]. Бродячий маг, именующий себя [recruited_physician_target.GetFullName], по слухам, талантливый в магии школы Восстановления, ищет хорошо оплачиваемую работу, это делает [recruited_physician_target.GetHerHim] возможным кандидатом на должность врача.;;;;;;;;;x
EVTOPTI_RIP_11053;Приведите [recruited_physician_target.GetHerHis] ко мне!;;;;;;;;;x
EVTDESC_RIP_11053_BELOVED_WISE_MAN;Вас достигла весть о том, что в соседней деревне живёт уважаемый альтмер по имени [recruited_physician_target.GetFirstName]. Старый [recruited_physician_target.GetManWoman] якобы бывший наемник и боевой маг,  который проводит свои дни, помогая сельским жителям с различными медицинскими проблемами, такими как приготовления травяных лечебных настоев и исцеление с помощью магии Восстановления. [recruited_physician_target.GetSheHeCap] согласится поселиться при вашем дворе, если вы пожертвуете деревне большую сумму золотом.;;;;;;;;;x
EVTOPTJ_RIP_11053;Справедливый обмен!;;;;;;;;;x
EVTDESC_RIP_11053_WANDERING_GENIUS;Ваши разведчики сообщают, что в [Root.Capital.GetName] живет [recruited_physician_target.GetManWoman] без глаза. Простолюдины зовут [recruited_physician_target.GetHerHis] [recruited_physician_target.GetFirstNameWithNick]. Они полагают, что [recruited_physician_target.GetFirstNameWithNick] обладает безграничной мудростью. Вы можете предложить [recruited_physician_target.GetHerHim] золото, и [recruited_physician_target.GetSheHe] будет служить вам!;;;;;;;;;x
EVTOPTK_RIP_11053;Сделайте [recruited_physician_target.GetHerHim] щедрое предложение.;;;;;;;;;x
EVTDESC_RIP_11053_ERUDITE_HERBALIST;Ваши разведчики сообщают об способном травнике по имени [recruited_physician_target.GetFirstName], что живет в хижине на окраине соседнего города. [recruited_physician_target.GetFirstName], похоже, желает принять ваше предложение присоединиться ко двору. В этом случае, [recruited_physician_target.GetSheHe] также захватит с собой большую коллекцию ранее заготовленных трав.;;;;;;;;;x
EVTOPTL_RIP_11053;Ах да, лекарственные травы. Хорошо. Доставьте [recruited_physician_target.GetHerHis] ко двору!;;;;;;;;;x
EVTDESC_RIP_11053_PAGAN_MYSTIC;Вам сообщают об акавирском целителе по имени [recruited_physician_target.GetFirstName], что живет неподалеку от ваших земель. Несмотря на то, что [recruited_physician_target.GetSheHe] использует иглоукалывание для лечения заболеваний, местные жители уважают [recruited_physician_target.GetHerHis] и обращаются за помощью. Ходят слухи, что [recruited_physician_target.GetFirstName] может исцелять не только от болезней, но и от ядов. За небольшую плату целитель может работать на вас.;;;;;;;;;x
EVTOPTM_RIP_11053;[recruited_physician_target.GetSheHeCap] отлично подойдет!;;;;;;;;;x
EVTDESC_RIP_11053_INSANE_ZEALOT;Вам приносят известие из [zealot_temple_target.GetName]. Сообщают, что [Root.Religion.GetPriestTitle] из тех мест по имени [recruited_physician_target.GetFirstName] обладает врачебными навыками и служил в нескольких целительских организациях. Нужно признать, что [recruited_physician_target.GetFirstName], хоть и страдает безумием, весьма усердно занимается врачеванием.;;;;;;;;;x
EVTOPTN_RIP_11053;Разве это самое худшее, что может случиться?;;;;;;;;;x
EVTDESC_RIP_11053_WELL_TRAVELLED_PILGRIM;Один из ваших гонцов сообщает о паломнике по имени [recruited_physician_target.GetFirstName], что только-что прибыл в [Root.Capital.GetName]. Паломник посетил все святые места своей веры и собирается осесть в [Root.Capital.GetName]. Во время странствий паломник познал многие медицинские тайны и теперь стремится использовать свои знания во благо людям.;;;;;;;;;x
EVTOPTO_RIP_11053;Я возьму на работу этого паломника!;;;;;;;;;x
EVTDESC_RIP_11053_STUDENT_OF_MEDICINE;Из города [student_city_target.GetName] прибыл гонец. Он сообщает о враче-студиозусе по имени [recruited_physician_target.GetFirstName]. Недавно [recruited_physician_target.GetHerHim] удалось спасти жизнь одной из дочерей местного важного торговца и та во время лечения потеряла только один глаз! Убедить [recruited_physician_target.GetHerHis] поступить к вам на службу будет очень легко.;;;;;;;;;x 
EVTOPTP_RIP_11053;Молодой, но опытный! Приведите [recruited_physician_target.GetHerHim] ко двору!;;;;;;;;;x
EVTDESC_RIP_11053_BLIND_MIRACLE_WORKER;Разведчики принесли весть о слепом мистике, что может творить чудеса! [recruited_physician_target.GetSheHeCap] появляется возле деревень и излечивает недужных крестьян. Ходят слухи, что [recruited_physician_target.GetHerHim] удалось заставить хромого снова ходить! Простонародье зовет [recruited_physician_target.GetHerHis] [recruited_physician_target.GetFirstNameWithNick]. Подношение золотом убедит [recruited_physician_target.GetHerHis] явиться к вашему двору.;;;;;;;;;x
EVTOPTQ_RIP_11053;При моем дворе [recruited_physician_target.GetSheHe] будет творить чудеса!;;;;;;;;;x
EVTDESC_RIP_11053_FIELD_SURGEON;Ваши посланники рассказывают об отряде наемников, который только что прибыл в [Root.Capital.GetName]. Их полевой хирург [recruited_physician_target.GetFirstName] ампутировал не одну пораженную конечность и тем самым спас множество воинов. Несмотря на репутацию жадных наемников, нанять хирурга стоит сравнительно дешево!;;;;;;;;;x
EVTOPTR_RIP_11053;Идеально, [recruited_physician_target.GetSheHe] хорошо мне послужит!;;;;;;;;;x
EVTDESC_RIP_11053_SCHOOLED_EUNUCH;Один из разведчиков сообщает о хитром евнухе, который поселился по соседству в таверне. Евнух тратит свое время на вино, еду и сплетни с гостями. Видимо, он хорошо обучен и имеет обширные знания о лекарственных микстурах. Предложение крова и пищи несомненно убедит его поработать на вас!;;;;;;;;;x
EVTOPTS_RIP_11053;Набейте погреба сыром и вином!;;;;;;;;;x
EVTDESC_RIP_11053_PUS_SUCKING_NUN;Один из ваших посланников вернулся с новостями о странном [recruited_physician_target.GetManWoman], обучающем студентов навыкам исцеления в
EVTOPTT_RIP_11053;Удивительный человек. Я сделаю это пожертвование!;;;;;;;;;x
EVTDESC_RIP_11053_WITCH;Ваши разведчики сообщают о подозрительной ведьме, живущей на окраине страны. Они не могут доказать, что женщина преследует зловещие цели, хотя местные жители ей не доверяют. Она готова использовать свои навыки приготовления зелий и предлагает стать вашим целителем в обмен на сущий пустяк: всего лишь Сердце Даэдра. Очень странное предложение.;;;;;;;;;x
EVTOPTU_RIP_11053;Скользкое Сердце Даэдра? Что в этом плохого?!;;;;;;;;;x
EVTDESC_RIP_11053_HORSE_MD;Вы уже погружаетесь в сон, но перестук копыт из внутреннего двора будит вас. Вы спускаетесь во двор. Спешившийся всадник-каджит [recruited_physician_target.GetHerHim] вдруг замечает вас и улыбается. 'Он в одиночку путешествовал по земле, чтобы служить вам.' - сказал странник. 'Каджит обладает целебными навыками...если у вас есть монета'.;;;;;;;;;x
EVTOPTV_RIP_11053;Ваши усы великолепны! Присоединяйтесь к моему двору!;;;;;;;;;x
EVTDESC_RIP_11053_TRAVELLING_NESTORIAN;Ваши разведчики докладывают о маге-путешественнике, недавно прибывшем в провинцию [Root.Capital.GetName]. Маг по имени [recruited_physician_target.GetFirstName], только что вернулся после долгой миссии в далёких землях. Местные говорят, что [recruited_physician_target.GetSheHe] привез из своих странствий много знаний о лекарствах. [recruited_physician_target.GetSheHeCap] определённо будет ценным дополнением к вашему двору!;;;;;;;;;x
EVTOPTW_RIP_11053;Звучит многообещающе! Навыки Алхимика - бесценный талант.;;;;;;;;;x
EVTDESC_RIP_11053_MAZDAN_DOCTOR;Вам рассказали о нелюдимом страннике, живущем в маленькой деревеньке неподалёку. Этот [recruited_physician_target.GetManWoman] остался бы незамеченным, если бы местные крестьяне не стали свидетелями, как [recruited_physician_target.GetHerHim] вылечил раны бедного паломника, атакованного бандитами, а потом  [recruited_physician_target.GetHerHis] погнался за этими бандитами и убил их собственноручно!  С помощью небольшой платы, мы можем уговорить этого странного путешественника выйти из тени и присоединится к нашему двору.;;;;;;;;;x
EVTOPTX_RIP_11053;Хороший кандидат, заплатите [recruited_physician_target.GetHerHim] и приведите [recruited_physician_target.GetHerHim] ко двору!;;;;;;;;;x
EVTDESC_RIP_11053_MANICHEAN_MERCHANT;Недавно в провинцию [Root.Capital.GetName] прибыл весьма своеобразный целитель. Ваша стража докладывает, что [recruited_physician_target.GetSheHe] благодаря благословению Клавикуса Вайла, получил способности целителя, превышающие самые смелые мечты. [recruited_physician_target.GetSheHe] утверждает, что не проходил никакого официального обучения на целителя, но будет рад продемонстрировать свои способности, если вы наймете его  в качестве придворного лекаря.;;;;;;;;;x
EVTOPTY_RIP_11053;Необычный целитель? Мне стоит это увидеть!;;;;;;;;;x
EVTDESC_RIP_11053_CHICKEN;Местные маги распускают слухи о заклинателе, особо одаренном в искусстве Восстановления. Правда, есть одна загвоздка. Целитель по имени [recruited_physician_target.GetFirstName], по всем отчетам является курицей! Неизвестно, когда произошло это превращение, и неясно, когда [recruited_physician_target.GetSheHe] сможет вернуть [recruited_physician_target.GetHerHis] истинную форму! До тех пор, [recruited_physician_target.GetFirstName] можно уговорить присоединится к нашему двору щедрым подарком - мешком с кормом для домашней птицы.;;;;;;;;;x
EVTOPTCHICKEN_RIP_11053;С таким талантом, [recruited_physician_target.GetSheHe] сможет достичь вершин карьерной лестницы!;;;;;;;;x
RIP.11062.d;[From.GetTitledName] сообщил(а), что мое недавнее недомогание - это на самом деле Бурая гниль. [From.GetSheHeCap] очень сожалеет, но [From.GetSheHe] ничего не может сделать.;;;;;;;;;x
EVTDESC_RIP_13001;Молва говорит, что вместе с эпидемией в землях [capital.GetName] появились крупные кошки. Люди считают, что это эти кошки - на самом деле каджитские шпионы,  распространяющие болезнь.;;;;;;;;;x
EVTOPTA_RIP_13001;Поймайте несколько кошек для проверки.;;;;;;;;;x
EVTOPTA_RIP_13001_TOOLTIP;Заплатить кому-нибудь снаружи, чтобы доставили кошек.\n;;;;;;;;;x
EVTOPTB_RIP_13001;Нет, кошки не шпионы!;;;;;;;;;x
EVTDESC_RIP_13002;[cat_examiner.GetFirstName] сообщает, что пойманные кошки совершенно не реагируют на вопросы [cat_examiner.GetHerHis]. Дальнейшие исследования, проводившееся с целью выявления у них разума, подтвердили, что это просто обычные домашние кошки.;;;;;;;;;x
EVTOPTA_RIP_13002;Значит кошки не виноваты. Отпустите их.;;;;;;;;;x
EVTOPTB_RIP_13002;Оставьте парочку для наблюдений.;;;;;;;;;x
EVTDESC_RIP_13003;Жалобы на кошек не прекращаются. Разъяренные люди заявляют, что некоторые из кошек являются каджитскими агентами, и что у них есть доказательства. Горожанин показывает несколько кусочков лунного сахара, найденных в том же переулке, где находился один из предполагаемых шпионов.;;;;;;;;;x
EVTOPTA_RIP_13003;Убить 'шпиона'.;;;;;;;;;x
EVTOPTA_RIP_13003_TOOLTIP;Вы находите предполагаемого 'шпиона' и публично казните его.;;;;;;;;;x
EVTOPTB_RIP_13003;Это просто кошки. Обычные кошки.;;;;;;;;;x
EVTOPTB_RIP_13003_TOOLTIP;Вы попробуете успокоить толпу своей речью.;;;;;;;;;x
EVTOPTC_RIP_13003;Кто-нибудь вообще встречал Каджитских шпионов?;;;;;;;;;x
EVTOPTC_RIP_13003_TOOLTIP;Вы попробуете объяснить ситуацию с кошками.;;;;;;;;;x
EVTOPTD_RIP_13003;Избавьтесь ото всех кошек!;;;;;;;;;x
EVTOPTE_RIP_13003;Это абсурд, пойду-ка я домой.;;;;;;;;;x
EVTDESC_RIP_13004;[worried_courtier.GetFirstName] получил(а) известие о моем решении уничтожить всех кошек. [worried_courtier.GetSheHe] выглядит крайне недовольно: "Мои кошки не могут быть шпионами, я точно это знаю! Как Вы позволили подобное варварство?".;;;;;;;;;x
EVTOPTA_RIP_13004;Мне жаль, [worried_courtier.GetFirstName]. Но они могут угрожать нашему будущему.;;;;;;;;;x
EVTOPTB_RIP_13004;Оставим это между нами. Вы будете должны мне.;;;;;;;;;x
EVTDESC_RIP_13005;[worried_courtier.GetFirstName] следовало позаботиться о том, чтобы спрятать [worried_courtier.GetHerHis] кошачьих друзей. Однако, другие люди заметили их вместе и теперь раздражены тем, что вы держите это в секрете.;;;;;;;;;x
EVTOPTA_RIP_13005;Даэдра тебя подери, [worried_courtier.GetFirstName]!;;;;;;;;;x
EVTDESC_RIP_13006;Кажется, одна из тех кошек, что вы брали для экспертизы, привязалась к вам. Она мяукает каждый раз, когда вы проходите мимо и начинает мурлыкать, если вы приближаетесь.;;;;;;;;;x
EVTOPTA_RIP_13006;Я буду звать её "Усиком", мою новую любимицу.;;;;;;;;;x
EVTOPTB_RIP_13006;Я буду звать её "Рукавицей", мою новую любимицу.;;;;;;;;;x
EVTOPTC_RIP_13006;Я буду звать её "Сапожком", мою новую любимицу.;;;;;;;;;x
EVTOPTD_RIP_13006;Народ не одобрит.;;;;;;;;;x
EVTDESC_RIP_13007;Все коты на землях [From.GetTitledName] должны быть казнены за шпионаж, согласно приказу правителя. Вы проводите свое время с кошками, это недопустимо.;;;;;;;;;x
EVTOPTA_RIP_13007;Я буду просить об исключении.;;;;;;;;;x
EVTOPTB_RIP_13007;Я не могу спорить с сюзереном.;;;;;;;;;x
EVTDESC_RIP_13008;[From.GetTitledName] отказался сделать исключение.;;;;;;;;;x
EVTOPTA_RIP_13008;Это [GetRootFromInsult]!;;;;;;;;;x
EVTDESC_RIP_13009;[From.GetTitledName] разрешил мне держать кошек, взамен я должен буду ему услугу.;;;;;;;;;x
EVTOPTA_RIP_13009;Какое облегчение.;;;;;;;;;x
EVTDSC_RIP_13200;Ваш [Root.GetLordSpiritualName] [From.GetFirstName] принес вам кое-какие тревожные новости. Распространяются слухи, что сборище магов, поклоняющихся [Root.Religion.GetRandomEvilGodName] является причиной страшной эпидемии, опустошающей вашу страну. [From.GetTitledFirstName] просит вас рассмотреть эти слухи.;;;;;;;;;x
EVTOPTA_RIP_13200;В самом деле, ужасная новость! Расследуйте это для меня, [From.GetFirstName].;;;;;;;;;x
EVTOPTA_RIP_13200_TOOLTIP;Пусть [Root.GetLordSpiritualName] расследует слухи о волшебниках-культистах .\n\nЛичные земли получат модификатор §YКрестьянские волнения§! на 10 лет, что даст следующие эффекты:\nМестный риск восстаний: §R+10.0%§!\nМестный сбор налогов: §R-50.0%§!\n\n;;;;;;;;;x
EVTOPTC_RIP_13200;Бред какой-то! У нас нет никаких магов-культистов!;;;;;;;;;x
EVTOPTC_RIP_13200_TOOLTIP;Проигнорировать слухи и беспокойства, которые выражает [Root.GetLordSpiritualName].\n\nЛичные земли получат модификатор §YКрестьянский кризис§! на 10 лет, что даст следующие эффекты:\nМестный риск восстаний: §R+15.0%§!\nМестный сбор налогов: §R-75.0%§!\n\n;;;;;;;;;x
EVTDSC_RIP_13201;[FromFrom.GetTitledFirstName] сообщает о тревожном количество людей, которые утверждают, что видели странные огни и слышали звуки, исходящие из пещеры. Если верить им, последователи культа [Root.Religion.GetRandomEvilGodName] многочисленны и представляют собой большую угрозу для вашей области.;;;;;;;;;x
EVTOPTA_RIP_13201;[FromFrom.GetFirstName], вы должны найти этих магов, пока не стало слишком поздно!;;;;;;;;;x
EVTOPTA_RIP_13201_TOOLTIP;Пусть [Root.GetLordSpiritualName] поищет этих и культистов и магов среди Вашего двора.\n;;;;;;;;;x
EVTOPTB_RIP_13201;Предупредить придворных - все должны оставаться бдительными!;;;;;;;;;x
EVTOPTB_RIP_13201_TOOLTIP;Убедиться, что все Ваши придворные следят за признаками тёмного колдовства.\n;;;;;;;;;x
EVTOPTC_RIP_13201;На самом деле, у меня уже есть кое-какие подозрения...;;;;;;;;;x
EVTOPTC_RIP_13201_TOOLTIP;Воспользоваться возможностью и объявить того, кто Вам не нравится членом тёмного культа.\n;;;;;;;;;x
EVTOPTD_RIP_13201;Эти истории смешны. Перестаньте тратить мое время!;;;;;;;;;x
EVTOPTD_RIP_13201_TOOLTIP;Вы игнорируете показания свидетелей, найденных [Root.GetLordSpiritualName].\n;;;;;;;;;x
EVTDSC_RIP_13203_crazy_spiritual;После тщательного изучения, [From.GetTitledFirstName] пришел к выводу, что [bg_likely_witch.GetTitledFirstName], скорее всего, [bg_likely_witch.GetWarlockWitch] при вашем дворе. [Bg_likely_witch.GetSheHeCap] был замечен говорящим сам с собой на странных языках и несколько бедолаг даже подверглись нападению со стороны [bg_likely_witch.GetHerHim].;;;;;;;;;x
EVTDSC_RIP_13203_sinful_spiritual;После тщательного изучения, [From.GetTitledFirstName] пришел к выводу, что [bg_likely_witch.GetTitledFirstName], скорее всего, культист при вашем дворе. Всем известно, что [bg_likely_witch.GetFirstName], чтобы был самым грешным [bg_likely_witch.GetManWoman] и в качестве такового [bg_likely_witch.GetSheHe] должен был общаться с божеством [Root.Religion.GetRandomEvilGodName].;;;;;;;;;x
EVTDSC_RIP_13203_infidel_spiritual;После тщательного изучения, [From.GetTitledFirstName] пришел к выводу, что [bg_likely_witch.GetTitledFirstName], скорее всего, культист при вашем дворе. [From.GetFirstName] утверждает, что нашел тексты, осуждающие Писание в комнате [bg_likely_witch.GetFirstName], предполагая, что [bg_likely_witch.GetSheHe] не является истинным слугой церкви [Root.Religion.GetHighGodName].;;;;;;;;;x
EVTDSC_RIP_13203_crazy_courtier;[From.GetTitledFirstName] принес вам некоторые тревожные новости - [From.GetSheHe] уверен, что [bg_likely_witch.GetTitledFirstName] является культистом! [From.GetSheHeCap] утверждает, что видел, как [bg_likely_witch.GetFirstName] говорил с [bg_likely_witch.GetHerselfHimself] на чужом языке, а также информирует вас о ряде инцидентов, где [bg_likely_witch.GetSheHe] посягал на жизнь других придворных.;;;;;;;;;x
EVTDSC_RIP_13203_sinful_courtier;[From.GetTitledFirstName] приближается к вам с самым серьезным обвинением - [From.GetSheHe] считает, что [bg_likely_witch.GetTitledFirstName] является культистом! [From.GetSheHeCap] говорит, что все знают, что [bg_likely_witch.GetFirstName] - закоренелый грешник среди [bg_likely_witch.GetManWoman] и в качестве такового [bg_likely_witch.GetSheHe] общается с божеством [Root.Religion.GetRandomEvilGodName].;;;;;;;;;x
EVTDSC_RIP_13203_infidel_courtier;[From.GetTitledFirstName] сообщает вам нечто весьма тревожное. По-видимому, у него есть основания полагать, что [bg_likely_witch.GetTitledFirstName] является культистом! [From.GetSheHeCap] утверждает, что нашел осуждающие Писание тексты в комнате [bg_likely_witch.GetFirstName], предполагая, что [bg_likely_witch.GetSheHe] не является истинным слугой церкви [Root.Religion.GetHighGodName].;;;;;;;;;x
EVTOPTA_RIP_13203;Вы правы, [From.GetFirstName]! Я желаю бросить [bg_likely_witch.GetHerHim] в темницу!;;;;;;;;;x
EVTOPTA_RIP_13203_TOOLTIP;§Y[bg_likely_witch.GetTitledFirstName]§! отправится в темницу в ожидании суда.\n\nЛичные земли получат модификатор §YКрестьяне довольны охотой на ведьм§! на 60 дней, что даст следующие эффекты:\nМестный риск восстаний: §G-10.0%§!\n\n;;;;;;;;;x
EVTOPTB_RIP_13203;Эти обвинения нелепы! [Bg_likely_witch.GetFirstName] - верный слуга бога [Root.Religion.GetHighGodName]!;;;;;;;;;x
EVTOPTB_RIP_13203_TOOLTIP;Игнорировать результаты расследования, которые §Y[From.GetTitledFirstName]§! даёт Вам.\n;;;;;;;;;x
EVTDSC_RIP_13204;[Bg_rival_1.GetTitledFirstName] и [bg_rival_2.GetTitledFirstName] ворвались в ваш тронный зал, безумно крича. Видимо, у каждого из них есть основания полагать, что другой является членом тёмного культа. В то же время, у вас нет никаких доказательств для того, чтобы выдвинуть такие серьезные обвинения. Вам остается полагаться только на собственное чутье.;;;;;;;;;x
EVTOPTA_RIP_13204;[bg_rival_1.GetTitledFirstName] является культистом!;;;;;;;;;x
EVTOPTA_RIP_13204_TOOLTIP;§Y[bg_rival_1.GetTitledFirstName]§! отправится в темницу в ожидании суда.\n;;;;;;;;;x
EVTOPTB_RIP_13204;Здесь есть только один культист, и это - [bg_rival_2.GetTitledFirstName]!;;;;;;;;;x
EVTOPTB_RIP_13204_TOOLTIP;§Y[bg_rival_2.GetTitledFirstName]§! отправится в темницу в ожидании суда.\n\nЛичные земли получат модификатор §YКрестьяне довольны охотой на ведьм§! на 60 дней, что даст следующие эффекты:\nМестный риск восстаний: §G-10.0%§!\n\n;;;;;;;;;x
EVTOPTC_RIP_13204;Я не дурак! Вы оба служите культу [Root.Religion.GetRandomEvilGodName]!;;;;;;;;;x
EVTOPTC_RIP_13204_TOOLTIP;§Y[bg_rival_1.GetTitledFirstName]§! and §Y[bg_rival_2.GetTitledFirstName]§! отправятся в темницу в ожидании суда.\n\nЛичные земли получат модификатор §YКрестьяне довольны охотой на ведьм§! на 60 дней, что даст следующие эффекты:\nМестный риск восстаний: §G-10.0%§!\n\n;;;;;;;;;x
EVTOPTD_RIP_13204;Это абсурд! Прочь с глаз моих!;;;;;;;;;x
EVTOPTD_RIP_13204_TOOLTIP;§Y[bg_rival_1.GetTitledFirstName]§! и §Y[bg_rival_2.GetTitledFirstName]§! могут быть свободны.\n;;;;;;;;;x
EVTDSC_RIP_13207;Ваш придворный [From.GetTitledFirstName] сказал вам несколько довольно неприятных вещей о [bg_spouse.GetTitledFirstName]. [From.GetSheHeCap] утверждает, что последний имел дело с божеством [Root.Religion.GetRandomEvilGodName] и должен быть остановлен ради всеобщего блага, особенно [bg_spouse.GetHerHis] бедной [bg_lover.GetHusbandWife] [bg_lover.GetTitledFirstName].;;;;;;;;;x
EVTOPTA_RIP_13207;Я буду защищать [bg_lover.GetHerHim] от этого злого культиста!;;;;;;;;;x
EVTOPTA_RIP_13207_TOOLTIP;§Y[bg_spouse.GetTitledFirstName]§! отправится в темницу в ожидании суда.\n\nЛичные земли получат модификатор §YКрестьяне довольны охотой на ведьм§! на 60 дней, что даст следующие эффекты:\nМестный риск восстаний: §G-10.0%§!\n\n;;;;;;;;;x
EVTOPTB_RIP_13207;Не суйте свой нос в чужие дела!;;;;;;;;;x
EVTOPTB_RIP_13207_TOOLTIP;Игнорировать результаты расследование, которые §Y[From.GetTitledFirstName]§! даёт Вам.\n;;;;;;;;;x
EVTDSC_RIP_13208;У вас есть какое-то время, чтобы рассмотреть ваши цели. Кого из придворных вы могли бы обвинить в принадлежности к тёмному культу и разделаться с ним? Теперь вы наконец-то считаете, что у вас есть несколько хороших вариантов. Ни у кого не должно возникнуть вопросов...;;;;;;;;;x
EVTOPTA_RIP_13208;[bg_dislike_1.GetTitledFirstName] культист!;;;;;;;;;x
EVTOPTA_RIP_13208_TOOLTIP;§Y[bg_dislike_1.GetTitledFirstName]§! отправится в темницу в ожидании суда.\n\nЛичные земли получат модификатор §YКрестьяне довольны охотой на ведьм§! на 60 дней, что даст следующие эффекты:\nМестный риск восстаний: §G-10.0%§!\n\n;;;;;;;;;x
EVTOPTB_RIP_13208;Заточить еретика [bg_dislike_2.GetTitledFirstName]!;;;;;;;;;x
EVTOPTB_RIP_13208_TOOLTIP;§Y[bg_dislike_2.GetTitledFirstName]§! отправится в темницу в ожидании суда.\n\nЛичные земли получат модификатор §YКрестьяне довольны охотой на ведьм§! на 60 дней, что даст следующие эффекты:\nМестный риск восстаний: §G-10.0%§!\n\n;;;;;;;;;x
EVTOPTC_RIP_13208;[bg_dislike_3.GetTitledFirstName] виноват в бедствии!;;;;;;;;;x
EVTOPTC_RIP_13208_TOOLTIP;§Y[bg_dislike_3.GetTitledFirstName]§! отправится в темницу в ожидании суда.\n\nЛичные земли получат модификатор §YКрестьяне довольны охотой на ведьм§! на 60 дней, что даст следующие эффекты:\nМестный риск восстаний: §G-10.0%§!\n\n;;;;;;;;;x
EVTOPTD_RIP_13208;Я буду милостив и никого не обвиню.;;;;;;;;;x
EVTDSC_RIP_13230;На следующий день начался суд! Настало время, чтобы разобраться с теми, кто сошёлся с [Root.Religion.GetRandomFilEName] и поставил под угрозу ваши владения. Что вы будете делать?;;;;;;;;;x
EVTOPTA_RIP_13230;На костёр!;;;;;;;;;x
EVTOPTA_RIP_13230_TOOLTIP;Модификатор §YКрестьянские волнения§! будет снят со всех личных земель.\n\n;;;;;;;;;x
EVTOPTB_RIP_13230;Пусть заключённые сгниют в подземелье.;;;;;;;;;x
EVTOPTB_RIP_13230_TOOLTIP;Пусть заключённые сгниют в подземелье.;;;;;;;;;x
EVTOPTC_RIP_13230;Научите их истинной вере [Root.Religion.GetHighGodName].;;;;;;;;;x
EVTDSC_RIP_13235_A;Сегодня вы нашли [bg_relative_witch.GetFirstName] зарезанным в [bg_relative_witch.GetHerHis] покоях. Вы видели, как придворные перешептывались, когда [bg_relative_witch.GetSheHe] проходил мимо них в коридорах, но вы никогда ничего не предпринимали в связи с этим. Теперь ненависть и паранойя, которые вы помогли разжечь, лишили вас [bg_relative_witch.GetHerHim].;;;;;;;;;x
EVTDSC_RIP_13235_B;Сегодня вы нашли [bg_relative_witch.GetFirstName] зарезанным в [bg_relative_witch.GetHerHis] покоях. Вы видели, как придворные перешептывались, когда [bg_relative_witch.GetSheHe] проходил мимо них в коридорах, но вы никогда ничего не предпринимали в связи с этим. Теперь из-за вашей неспособности найти культиста, вы лишились [bg_relative_witch.GetHerHim].;;;;;;;;;x
EVTOPTA_RIP_13235;Мой(я) [bg_relative_witch.GetFirstName]...;;;;;;;;;x
EVTOPTA_RIP_13235_TOOLTIP;[bg_relative_witch.GetTitledFirstName] погиб[bg_relative_witch.GetNonE] от рук толпы, верящей, что [bg_relative_witch.GetSheHe] - является культистом.\n;;;;;;;;;x
EVTDSC_RIP_13232;Похоже, что меры предосторожности, которые вы предприняли, оправдались. В течение последних недель было очень мало разговоров о культистах и обошлось без каких-либо обвинений. В то время как вы никогда не будете знать наверняка, были ли обвиняемые виноваты в эпидемии, по крайней мере, все остальные, кажется, вздохнули с облегчением...;;;;;;;;;x
EVTOPTA_RIP_13232;Я сделал то, что необходимо было сделать.;;;;;;;;;x
EVTDSC_RIP_13233;Прошло много месяцев с тех пор, как крестьяне и придворные начали охоту на культистов. Несмотря на все усилия, вы не нашли никого, кто, по вашему мнению, мог быть настоящим последователем божества [Root.Religion.GetRandomEvilGodName]. В настоящее время они отказались от надежды, что вы когда-либо сможете найти виновных неверных.;;;;;;;;;x
EVTOPTA_RIP_13233;Я молюсь, чтобы это закончилось.;;;;;;;;;x
RIP.13400.d;Крестьяне, живущие в моих владениях, убеждены, в том, что за недавней эпидемией стоят аргониане. Я нахожусь под сильным давлением как тех, кто предлагает осудить их, так и тех, кто защищает аргониан.;;;;;;;;;x
RIP.13400.a;Нужно что-то сделать !;;;;;;;;;x
RIP.13400.b;...но меня это не волнует...;;;;;;;;;x
RIP.13401.d;Беспорядки в [From.PrimaryTitle.GetFullName] переросли в широкомасштабный бунт, когда простолюдины вооружились, требуя наказать аргониан за разгул эпидемии. Если ничего не предпринять, они утверждают, что начнут сами убивать их.;;;;;;;;;x
RIP.13401.a;[Root.Religion.GetRandomEvilGodName] обдурил(а) вас!;;;;;;;;;x
RIP.13401.b;Аргониане виновны, [Root.Religion.GetHighGodName] сказал(а) мне!;;;;;;;;;x
RIP.13404.d;[Root.GetTitledFirstName],\nМы, [From.GetTitledFirstName], в своей мудрости и милости, просим проследить, чтобы во время [Root.PrimaryTitle.GetAdjective]ских народных волнений ни в чём не повинные аргониане никоим образом не пострадали.;;;;;;;;;x
RIP.13405.d;[Root.GetTitledFirstName],\nМы слышали о [Root.PrimaryTitle.GetAdjective]ских выступлениях и считаем, что будет лучше, если [Root.PrimaryTitle.GetFOA] поддержит свой народ - можете изгнать аргониан или казнить их, не важно, главное - сделайте это.\n [From.GetTitledFirstName].;;;;;;;;;x
RIP.13402.d1;[Root.RelHead.GetTitledFirstName] ясно дал[Root.RelHead.GetEndA] понять, что не считает аргониан причиной болезней, но не все [Root.RelHead.GetHersHis] слушают. Мне нужно принять решение.;;;;;;;;;x
RIP.13402.d2;Несмотря на то, что [Root.RelHead.GetTitledFirstName] присоединился к обвинениям против аргониан, я не уверен[Root.GetEndA], что это правильно. Я здесь [Root.GetTitle] в конце концов.;;;;;;;;;x
RIP.13402.d3;Несмотря на широкое осуждение аргониан, я все еще не уверен(а), что они правда виноваты в недавней эпидемии. Однако, будучи [Root.GetTitle], я обязан(а) принять решение.;;;;;;;;;x
RIP.13402.a;Они не виноваты.;;;;;;;;;x
RIP.13402.b;Пора изгнать их!;;;;;;;;;x
RIP.13403.d1;Ходят слухи о погромах в городе [pogrom_city_target.GetName], несмотря на мой указ, снимающий любые обвинения в распространении эпидемии с аргонианского населения.;;;;;;;;;x
RIP.13403.d2;Ходят слухи о погромах в соседней деревушке, несмотря на мой указ, снимающий любые обвинения в распространении эпидемии с аргонианского населения.;;;;;;;;;x
RIP.13403.a;Послать туда войска.;;;;;;;;;x
RIP.13403.b;Позволить им делать это.;;;;;;;;;x
EVTDSC_RIP_29601_B2;Я никогда не мог(ла) предвидеть те чувства, которые охватили меня, когда я впервые смотрел(а) на [From.GetFirstName]. Едва сдерживаемая радость сменилась горьким разочарованием. Ты всегда будешь иметь особое место в моем сердце, [From.GetFirstName], но я отчаянно нуждаюсь в дочери.;;;;;;;;;x
EVTOPTA_RIP_29601_B2;Я боюсь, что это суровый мир для тебя, [From.GetFirstName].;;;;;;;;;x
EVTDSC_RIP_29602;Радость, но прежде всего облегчение! Наконец-то ребёнок, наследник! Добро пожаловать в мир, маленький [From.GetFirstName]. Я уверен, однажды ты станешь прекрасным правителем, мой родной.;;;;;;;;;x