c_abbarbas;Аббарбас;;;;;;;;;;;;;x;
c_abbarbas_adj;Аббарбаск;;;;;;;;;;;;;x;
c_abdir;Абдир;;;;;;;;;;;;;x;
c_abdir_adj;Абдирск;;;;;;;;;;;;;x;
c_bouldertree;Каменное Дерево;;;;;;;;;;;;;x;
c_bouldertree_adj;Каменное Деревоск;;;;;;;;;;;;;x;
c_abidon;Абибон-Гора;;;;;;;;;;;;;x;
c_abidon_adj;Абибонск;;;;;;;;;;;;;x;
c_acacyn;Акацин;;;;;;;;;;;;;x;
c_acacyn_adj;Акацинск;;;;;;;;;;;;;x;
c_adhisar;Адхисар;;;;;;;;;;;;;x;
c_adhisar_adj;Адхисарск;;;;;;;;;;;;;x;
c_adurin;Адурин;;;;;;;;;;;;;x;
c_vandor;Вандор;;;;;;;;;;;;;x
c_vandor_adj;Вандорианск;;;;;;;;;;;;;x
c_thalo;Тало;;;;;;;;;;;;;x
c_thalo_adj;Талианск;;;;;;;;;;;;;x
c_kore;Коре;;;;;;;;;;;;;x
c_kore_adj;Корианск;;;;;;;;;;;;;x
c_clothos;Клотос;;;;;;;;;;;;;x
c_clothos_adj;Клотианск;;;;;;;;;;;;;x
c_bleakrock;Бликрок;;;;;;;;;;;;;x
c_bleakrock_adj;Бликрокск;;;;;;;;;;;;;x
c_kenarthi;Гнездо Кенарти;;;;;;;;;;;;;x
c_kenarthi_adj;Кенартианск;;;;;;;;;;;;;x
c_gorne;Горн;;;;;;;;;;;;;x
c_gorne_adj;Горнск;;;;;;;;;;;;;x
c_asil_yelir;Асил Йелир;;;;;;;;;;;;;x;
c_asil_yelir_adj;Йелирск;;;;;;;;;;;;;x;
c_klithi;Клитхи;;;;;;;;;;;;;x;
c_klithi_adj;Клитхийск;;;;;;;;;;;;;x;
c_arranha;Арранбу;;;;;;;;;;;;;x;
c_arranha_adj;Арранбуйск;;;;;;;;;;;;;x;
c_kardesh;Кардеш;;;;;;;;;;;;;x;
c_kardesh_adj;Кардешск;;;;;;;;;;;;;x;
c_zamunda;Замунда;;;;;;;;;;;;;x;
c_zamunda_adj;Замундск;;;;;;;;;;;;;x;
c_nakan;Накан;;;;;;;;;;;;;x;
c_nakan_adj;Наканск;;;;;;;;;;;;;x;
c_bahia;Бахия;;;;;;;;;;;;;x;
c_bahia_adj;Бахиянск;;;;;;;;;;;;;x;
c_moni;Мони;;;;;;;;;;;;;x;
c_moni_adj;Монийск;;;;;;;;;;;;;x;
c_adurin_adj;Адуринск;;;;;;;;;;;;;x;
c_afyfa;Афифа;;;;;;;;;;;;;x;
c_afyfa_adj;Афифск;;;;;;;;;;;;;x;
c_phrygias;Фригиас;;;;;;;;;;;;;x;
c_phrygias_adj;Фригиаск;;;;;;;;;;;;;x;
c_scarstone;Гулдун;;;;;;;;;;;;;x;
c_scarstone_adj;Гулдунск;;;;;;;;;;;;;x;
c_hachi;Хацхи;;;;;;;;;;;;;x;
c_hachi_adj;Хацхиск;;;;;;;;;;;;;x;
c_adurin_adj;Адуринск;;;;;;;;;;;;;x;
c_aganna_adj;Аганнск;;;;;;;;;;;;;x;
c_ahvaz;Ахваз;;;;;;;;;;;;;x;
c_ahvaz_adj;Ахвазск;;;;;;;;;;;;;x;
c_aidhab;Айдхаб;;;;;;;;;;;;;x;
c_aidhab_adj;Айдхабск;;;;;;;;;;;;;x;
c_aikaya;Айкайя;;;;;;;;;;;;;x;
c_aikaya_adj;Айкайск;;;;;;;;;;;;;x;
c_aikeni;Айкени;;;;;;;;;;;;;x;
c_aikeni_adj;Айкениск;;;;;;;;;;;;;x;
c_aimae;Аймае;;;;;;;;;;;;;x;
c_aimae_adj;Аймаеск;;;;;;;;;;;;;x;
c_akeu;Акеу;;;;;;;;;;;;;x;
c_akeu_adj;Акеуск;;;;;;;;;;;;;x;
c_aksana;Аксана;;;;;;;;;;;;;x;
c_aksana_adj;Аксанск;;;;;;;;;;;;;x;
c_akuna;Акуна;;;;;;;;;;;;;x;
c_akuna_adj;Акунск;;;;;;;;;;;;;x;
c_akrum;Акрум;;;;;;;;;;;;;x;
c_akrum_adj;Акрумск;;;;;;;;;;;;;x;
c_alabaster;Алабастр;;;;;;;;;;;;;x;
c_alabaster_adj;Алабастрск;;;;;;;;;;;;;x;
c_alara;Алара;;;;;;;;;;;;;x;
c_alara_adj;Аларск;;;;;;;;;;;;;x;
c_alcaire;Алькаир;;;;;;;;;;;;;x;
c_alcaire_adj;Алькаирск;;;;;;;;;;;;;x;
c_aldos;Алдос;;;;;;;;;;;;;x;
c_aldos_adj;Алдоск;;;;;;;;;;;;;x;
c_aldruhn;Альд'рун;;;;;;;;;;;;;x;
c_aldruhn_adj;Альдрунск;;;;;;;;;;;;;x;
c_aldsotha;Альдсота;;;;;;;;;;;;;x;
c_aldsotha_adj;Альдсотск;;;;;;;;;;;;;x;
c_alessia;Алессия;;;;;;;;;;;;;x;
c_alessia_adj;Алессийск;;;;;;;;;;;;;x;
c_aleswell;Эльсвелл;;;;;;;;;;;;;x;
c_aleswell_adj;Эльсвеллск;;;;;;;;;;;;;x;
c_alftand_adj;Альфтандск;;;;;;;;;;;;;x;
c_alinor;Алинор;;;;;;;;;;;;;x;
c_alinor_adj;Алинорск;;;;;;;;;;;;;x;
c_almalexia;Морнхолд;;;;;;;;;;;;;x;
c_almalexia_adj;Морнхолдск;;;;;;;;;;;;;x;
c_amadesa;Амадеса;;;;;;;;;;;;;x;
c_amadesa_adj;Амадеск;;;;;;;;;;;;;x;
c_amakal;Амакал;;;;;;;;;;;;;x;
c_amakal_adj;Амакалск;;;;;;;;;;;;;x;
c_amalam;Амалам;;;;;;;;;;;;;x;
c_amalam_adj;Амаламск;;;;;;;;;;;;;x;
c_amalok;Амалок;;;;;;;;;;;;;x;
c_amalok_adj;Амалокск;;;;;;;;;;;;;x;
c_amnarasak;Амнарасак;;;;;;;;;;;;;x;
c_amnarasak_adj;Амнарасакск;;;;;;;;;;;;;x;
c_amnatthaya;Амнаттайя;;;;;;;;;;;;;x;
c_amnatthaya_adj;Амнаттайск;;;;;;;;;;;;;x;
c_amnkret;Амнкрет;;;;;;;;;;;;;x;
c_amnkret_adj;Амнкретск;;;;;;;;;;;;;x;
c_amol;Амол;;;;;;;;;;;;;x;
c_amol_adj;Амолск;;;;;;;;;;;;;x;
c_anakar;Анакар;;;;;;;;;;;;;x;
c_anakar_adj;Анакарск;;;;;;;;;;;;;x;
c_andrethis;Андретис;;;;;;;;;;;;;x;
c_andrethis_adj;Андретианск;;;;;;;;;;;;;x;
c_anga;Анга;;;;;;;;;;;;;x;
c_anga_adj;Ангск;;;;;;;;;;;;;x;
c_angbesar;Анг Бесар;;;;;;;;;;;;;x;
c_angbesar_adj;Анг Бесарск;;;;;;;;;;;;;x;
c_anghet;Анг Хет;;;;;;;;;;;;;x;
c_anghet_adj;Анг Хетск;;;;;;;;;;;;;x;
c_anghon;Анг Хон;;;;;;;;;;;;;x;
c_anghon_adj;Анг Хонск;;;;;;;;;;;;;x;
c_angpo;Анг По;;;;;;;;;;;;;x;
c_angpo_adj;Анг Поск;;;;;;;;;;;;;x;
c_angsuan;Анг Суань;;;;;;;;;;;;;x;
c_angsuan_adj;Анг Суаньск;;;;;;;;;;;;;x;
c_ankar;Анкар;;;;;;;;;;;;;x;
c_ankar_adj;Анкарск;;;;;;;;;;;;;x;
c_ansilvund;Ансилвунд;;;;;;;;;;;;;x;
c_ansilvund_adj;Ансилвундск;;;;;;;;;;;;;x;
c_antara;Антара;;;;;;;;;;;;;x;
c_antara_adj;Антарск;;;;;;;;;;;;;x;
c_anticlere;Антиклер;;;;;;;;;;;;;x;
c_anticlere_adj;Антиклерск;;;;;;;;;;;;;x;
c_anvil;Анвил;;;;;;;;;;;;;x;
c_anvil_adj;Анвилск;;;;;;;;;;;;;x;
c_applewatch;Эпплвотч;;;;;;;;;;;;;x;
c_applewatch_adj;Эпплвотчск;;;;;;;;;;;;;x;
c_arat;Арат;;;;;;;;;;;;;x;
c_arat_adj;Аратск;;;;;;;;;;;;;x;
c_arcantys;Аркантус;;;;;;;;;;;;;x;
c_arcantys_adj;Аркантуск;;;;;;;;;;;;;x;
c_marbruk;Марбрук;;;;;;;;;;;;;x;
c_marbruk_adj;Марбрукск;;;;;;;;;;;;;x;
c_archengrangrove;Арченгангроув;;;;;;;;;;;;;x;
c_archengrangrove_adj;Арченгангроувск;;;;;;;;;;;;;x;
c_archon;Архон;;;;;;;;;;;;;x;
c_archon_adj;Архонск;;;;;;;;;;;;;x;
c_arenthia;Арентия;;;;;;;;;;;;;x;
c_arenthia_adj;Арентийск;;;;;;;;;;;;;x;
c_argolis;Арголис;;;;;;;;;;;;;x;
c_argolis_adj;Арголиск;;;;;;;;;;;;;x;
c_arnor;Арнор;;;;;;;;;;;;;x;
c_arnor_adj;Арнорск;;;;;;;;;;;;;x;
c_arrius;Арриус;;;;;;;;;;;;;x;
c_arrius_adj;Арриусск;;;;;;;;;;;;;x;
c_ascadian;Аскадианские Острова;;;;;;;;;;;;;x;
c_ascadian_adj;Аскадианск;;;;;;;;;;;;;x;
c_ash;Эш;;;;;;;;;;;;;x;
c_ashlands;Эшленд;;;;;;;;;;;;;x;
c_ashlands_adj;Эшлендск;;;;;;;;;;;;;x;
c_ash_adj;Эшск;;;;;;;;;;;;;x;
c_askarimir;Аскаримир;;;;;;;;;;;;;x;
c_askarimir_adj;Аскаримирск;;;;;;;;;;;;;x;
c_asp;Асп;;;;;;;;;;;;;x;
c_asp_adj;Аспск;;;;;;;;;;;;;x;
c_aubigny;Обиньи;;;;;;;;;;;;;x;
c_aubigny_adj;Обиньиск;;;;;;;;;;;;;x;
c_aurus;Аурус;;;;;;;;;;;;;x;
c_aurus_adj;Ауруск;;;;;;;;;;;;;x;
c_aya;Айя;;;;;;;;;;;;;x;
c_aya_adj;Айя;;;;;;;;;;;;;x;
c_ayasofya;Айясофья;;;;;;;;;;;;;x;
c_ayasofya_adj;Айясофьяск;;;;;;;;;;;;;x;
c_azracrossing;Перекрёсток Азры;;;;;;;;;;;;;x;
c_azracrossing_adj;Перекрёсток Азрск;;;;;;;;;;;;;x;
c_azurascoast;Побережье Азуры;;;;;;;;;;;;;x;
c_azurascoast_adj;Азурск;;;;;;;;;;;;;x;
c_badang;Баданг;;;;;;;;;;;;;x;
c_badang_adj;Бадангск;;;;;;;;;;;;;x;
c_baga;Бага;;;;;;;;;;;;;x;
c_baga_adj;Багаск;;;;;;;;;;;;;x;
c_balakan;Балакан;;;;;;;;;;;;;x;
c_balakan_adj;Балаканск;;;;;;;;;;;;;x;
c_balfall;Бал Фалл;;;;;;;;;;;;;x;
c_balfalls;Балфаллс;;;;;;;;;;;;;x;
c_balfalls_adj;Балфаллск;;;;;;;;;;;;;x;
c_balfall_adj;Бал Фаллск;;;;;;;;;;;;;x;
c_balfiera;Балфиера;;;;;;;;;;;;;x;
c_balfiera_adj;Балфиерск;;;;;;;;;;;;;x;
c_balima;Балима;;;;;;;;;;;;;x;
c_balima_adj;Балимск;;;;;;;;;;;;;x;
c_balinesti;Балинести;;;;;;;;;;;;;x;
c_balinesti_adj;Балинести;;;;;;;;;;;;;x;
c_balsquare;Балсквер;;;;;;;;;;;;;x;
c_balsquare_adj;Балскверск;;;;;;;;;;;;;x;
c_banglasin;Бангласин;;;;;;;;;;;;;x;
c_banglasin_adj;Бангласинск;;;;;;;;;;;;;x;
c_bangom;Банг Ом;;;;;;;;;;;;;x;
c_bangom_adj;Банг Омск;;;;;;;;;;;;;x;
c_bangphai;Банг Пхай;;;;;;;;;;;;;x;
c_bangphai_adj;Банг Пхайск;;;;;;;;;;;;;x;
c_bangsuan;Банг Суань;;;;;;;;;;;;;x;
c_bangsuan_adj;Банг Суаньск;;;;;;;;;;;;;x;
c_bannermist;Баннермист;;;;;;;;;;;;;x;
c_bannermist_adj;Баннермистск;;;;;;;;;;;;;x;
c_banta;Банта;;;;;;;;;;;;;x;
c_banta_adj;Бантаск;;;;;;;;;;;;;x;
c_baram;Барам;;;;;;;;;;;;;x;
c_baram_adj;Барамск;;;;;;;;;;;;;x;
c_barda;Барда;;;;;;;;;;;;;x;
c_barda_adj;Бардаск;;;;;;;;;;;;;x;
c_batar;Батар;;;;;;;;;;;;;x;
c_batar_adj;Батарск;;;;;;;;;;;;;x;
c_batozan;Батозан;;;;;;;;;;;;;x;
c_batozan_adj;Батозанск;;;;;;;;;;;;;x;
c_battalya;Батталия;;;;;;;;;;;;;x;
c_battalya_adj;Батталийск;;;;;;;;;;;;;x;
c_baut;Ирранху;;;;;;;;;;;;;x;
c_baut_adj;Ирранхуск;;;;;;;;;;;;;x;
c_behar;Бехар;;;;;;;;;;;;;x;
c_behar_adj;Бехарск;;;;;;;;;;;;;x;
c_beku;Беку;;;;;;;;;;;;;x;
c_beku_adj;Бекуск;;;;;;;;;;;;;x;
c_belda;Белда;;;;;;;;;;;;;x;
c_belda_adj;Белданск;;;;;;;;;;;;;x;
c_belemis;Белемис;;;;;;;;;;;;;x;
c_belemis_adj;Белемиск;;;;;;;;;;;;;x;
c_belkarth;Белкарт;;;;;;;;;;;;;x;
c_belkarth_adj;Белкартск;;;;;;;;;;;;;x;
c_belportrun;Бег Белпорта;;;;;;;;;;;;;x;
c_belportrun_adj;Белпортск;;;;;;;;;;;;;x;
c_betony;Бетони;;;;;;;;;;;;;x;
c_betony_adj;Бетонск;;;;;;;;;;;;;x;
c_bhatanir;Батанир;;;;;;;;;;;;;x;
c_bhatanir_adj;Батанирск;;;;;;;;;;;;;x;
c_bhoriane;Бориан;;;;;;;;;;;;;x;
c_bhoriane_adj;Борианск;;;;;;;;;;;;;x;
c_binaiki;Бинайки;;;;;;;;;;;;;x;
c_binaiki_adj;Бинайкск;;;;;;;;;;;;;x;
c_bingursa;Бингурса;;;;;;;;;;;;;x;
c_bingursa_adj;Бингурск;;;;;;;;;;;;;x;
c_bisat;Бисат;;;;;;;;;;;;;x;
c_bisat_adj;Бисатск;;;;;;;;;;;;;x;
c_bittercoast;Горький Берег;;;;;;;;;;;;;x;
c_bittercoast_adj;Горькоберегск;;;;;;;;;;;;;x;
c_bjoulsae;Бьюлси;;;;;;;;;;;;;x;
c_bjoulsae_adj;Бьюлсийск;;;;;;;;;;;;;x;
c_blackboot;Чёрный Сапог;;;;;;;;;;;;;x;
c_blackboot_adj;Чёрносапогск;;;;;;;;;;;;;x;
c_blackharbour;Эсрониэт;;;;;;;;;;;;;x;
c_blackhaven;Блэкхевен;;;;;;;;;;;;;x;
c_blackhaven_adj;Блэкхевенск;;;;;;;;;;;;;x;
c_blackheights;Чёрные Высоты;;;;;;;;;;;;;x;
c_blackheights_adj;Чёрновысотск;;;;;;;;;;;;;x;
c_blacklight;Блэклайт;;;;;;;;;;;;;x;
c_blacklight_adj;Блэклайтск;;;;;;;;;;;;;x;
c_blackmarsh;Чернотопье;;;;;;;;;;;;;x;
c_blackmarsh_adj;Чернотопьск;;;;;;;;;;;;;x;
c_blackpark;Чёрный Парк;;;;;;;;;;;;;x;
c_blackpark_adj;Чёрнопаркск;;;;;;;;;;;;;x;
c_blackrock;Чёрная Скала;;;;;;;;;;;;;x;
c_blackrose;Блэкроуз;;;;;;;;;;;;;x;
c_blackrose_adj;Блэкроузск;;;;;;;;;;;;;x;
c_blackwater;Черноводье;;;;;;;;;;;;;x;
c_blackwater_adj;Черноводьск;;;;;;;;;;;;;x;
c_blackwood_adj;Чёрнолеск;;;;;;;;;;;;;x;
c_blain;Блейн;;;;;;;;;;;;;x;
c_blain_adj;Блейнск;;;;;;;;;;;;;x;
c_blankenmarch;Бланкенмарш;;;;;;;;;;;;;x;
c_blankenmarch_adj;Бланкенмаршск;;;;;;;;;;;;;x;
c_bleakwind;Бликвинд;;;;;;;;;;;;;x;
c_bleakwind_adj;Бликвиндск;;;;;;;;;;;;;x;
c_bloodhorn;Бладхорн;;;;;;;;;;;;;x;
c_bloodhorn_adj;Бладхорнск;;;;;;;;;;;;;x;
c_bloodrun;Бладран;;;;;;;;;;;;;x;
c_bloodrun_adj;Бладранск;;;;;;;;;;;;;x;
c_bodrum;Бодрум;;;;;;;;;;;;;x;
c_bodrum_adj;Бодрумск;;;;;;;;;;;;;x;
c_bogwraith;Богрейс;;;;;;;;;;;;;x;
c_bogwraith_adj;Богрейск;;;;;;;;;;;;;x;
c_bolkara;Болкара;;;;;;;;;;;;;x;
c_bolkara_adj;Болкарск;;;;;;;;;;;;;x;
c_bolukars;Болукарс;;;;;;;;;;;;;x;
c_bolukars_adj;Болукарск;;;;;;;;;;;;;x;
c_boluya;Болайя;;;;;;;;;;;;;x;
c_boluya_adj;Болайск;;;;;;;;;;;;;x;
c_bondar;Бондар;;;;;;;;;;;;;x;
c_bondar_adj;Бондарск;;;;;;;;;;;;;x;
c_bosmora;Босмора;;;;;;;;;;;;;;
c_bosmora_adj;Босморск;;;;;;;;;;;;;;
c_bramblepoint;Ежевичная Поляна;;;;;;;;;;;;;x;
c_bramblepoint_adj;Ежевичнополянск;;;;;;;;;;;;;x;
c_bramblewood;Ежевичный Лес;;;;;;;;;;;;;x;
c_bramblewood_adj;Ежевичнолеск;;;;;;;;;;;;;x;
c_branchmont;Бранчмонт;;;;;;;;;;;;;x;
c_branchmont_adj;Бранчмонтск;;;;;;;;;;;;;x;
c_bravil;Бравил;;;;;;;;;;;;;x;
c_bravil_adj;Бравилск;;;;;;;;;;;;;x;
c_brena;Брена;;;;;;;;;;;;;x;
c_brena_adj;Бренск;;;;;;;;;;;;;x;
c_khenarthi;Гнездо Кенарти;;;;;;;;;;;;;x
c_khenarthi_adj;Кенарти;;;;;;;;;;;;;x
c_briarpatch;Брайарпатч;;;;;;;;;;;;;x;
c_briarpatch_adj;Брайарпатчск;;;;;;;;;;;;;x;
c_brindlehome;Дом Бриндла;;;;;;;;;;;;;x;
c_brindlehome_adj;Бриндлск;;;;;;;;;;;;;x;
c_brittlerock;Хрупкая Скала;;;;;;;;;;;;;x;
c_brittlerock_adj;Хрупкоскалск;;;;;;;;;;;;;x;
c_brittleshin;Ноголомный Проход;;;;;;;;;;;;;x;
c_brittleshin_adj;Ноголомнопроходск;;;;;;;;;;;;;x;
c_brukreich;Брукрейх;;;;;;;;;;;;;x;
c_brukreich_adj;Брукрейхск;;;;;;;;;;;;;x;
c_bruma;Брума;;;;;;;;;;;;;x;
c_bruma_adj;Брумск;;;;;;;;;;;;;x;
c_bthalft;Арквинд;;;;;;;;;;;;;x;
c_bthalft_adj;Арквиндск;;;;;;;;;;;;;x;
c_buarachan;Буарачан;;;;;;;;;;;;;x;
c_buarachan_adj;Буарачанск;;;;;;;;;;;;;x;
c_bukduk;Бакдук;;;;;;;;;;;;;x;
c_bukduk_adj;Бакдукск;;;;;;;;;;;;;x;
c_bukkul;Баккул;;;;;;;;;;;;;x;
c_bukkul_adj;Баккулск;;;;;;;;;;;;;x;
c_bukpang;Бакпанг;;;;;;;;;;;;;x;
c_bukpang_adj;Бакпангск;;;;;;;;;;;;;x;
c_bulwark;Булворк;;;;;;;;;;;;;x;
c_bulwark_adj;Булворкск;;;;;;;;;;;;;x;
c_burfez;Бурфез;;;;;;;;;;;;;x;
c_burfez_adj;Бурфезск;;;;;;;;;;;;;x;
c_burising;Бурисинг;;;;;;;;;;;;;x;
c_burising_adj;Бурисингск;;;;;;;;;;;;;x;
c_bursana;Бурсана;;;;;;;;;;;;;x;
c_bursana_adj;Бурсанск;;;;;;;;;;;;;x;
c_burvas;Бурвас;;;;;;;;;;;;;x;
c_burvas_adj;Бурваск;;;;;;;;;;;;;x;
c_burzmir;Бурзмир;;;;;;;;;;;;;x;
c_burzmir_adj;Бурзмирск;;;;;;;;;;;;;x;
c_cambrian;Камбриан;;;;;;;;;;;;;x;
c_cambrian_adj;Камбрианск;;;;;;;;;;;;;x;
c_camlorn;Камлорн;;;;;;;;;;;;;x;
c_camlorn_adj;Камлорнск;;;;;;;;;;;;;x;
c_cappado;Коппадо;;;;;;;;;;;;;x;
c_cappado_adj;Коппадокск;;;;;;;;;;;;;x;
c_caractacus;Карактакус;;;;;;;;;;;;;x;
c_caractacus_adj;Карактакуск;;;;;;;;;;;;;x;
c_carakal;Каракал;;;;;;;;;;;;;x;
c_carakal_adj;Каракалск;;;;;;;;;;;;;x;
c_carmala;Кармала;;;;;;;;;;;;;x;
c_carmala_adj;Кармаласк;;;;;;;;;;;;;x;
c_carmar;Кармар;;;;;;;;;;;;;x;
c_carmar_adj;Кармарск;;;;;;;;;;;;;x;
c_castlejoy;Каслджой;;;;;;;;;;;;;x;
c_castlejoy_adj;Каслджойск;;;;;;;;;;;;;x;
c_cathay;Катай;;;;;;;;;;;;;x;
c_cathay_adj;Катайск;;;;;;;;;;;;;x;
c_cathnoquey;Квей;;;;;;;;;;;;;x;
c_cathnoquey_adj;Квейск;;;;;;;;;;;;;x;
c_catoydur;Катоудурск;;;;;;;;;;;;;x;
c_catoydur;Удурск;;;;;;;;;;;;;x;
c_cedrian;Седриан;;;;;;;;;;;;;x;
c_cedrian_adj;Седрианск;;;;;;;;;;;;;x;
c_ceffa;Цеффа;;;;;;;;;;;;;x;
c_ceffa_adj;Цеффск;;;;;;;;;;;;;x;
c_cespar;Сеспар;;;;;;;;;;;;;x;
c_cespar_adj;Сеспарск;;;;;;;;;;;;;x;
c_cidang;Циданг;;;;;;;;;;;;;x;
c_cidang_adj;Цидангск;;;;;;;;;;;;;x;
c_ciman;Циман;;;;;;;;;;;;;x;
c_ciman_adj;Циманск;;;;;;;;;;;;;x;
c_cirat;Цират;;;;;;;;;;;;;x;
c_cirat_adj;Циратск;;;;;;;;;;;;;x;
c_chadahan;Чадахан;;;;;;;;;;;;;x;
c_chadahan_adj;Чадаханск;;;;;;;;;;;;;x;
c_chajalai;Чаджалай;;;;;;;;;;;;;x;
c_chajalai_adj;Чаджалайск;;;;;;;;;;;;;x;
c_chalman;Чалман;;;;;;;;;;;;;x;
c_chalman_adj;Чалманск;;;;;;;;;;;;;x;
c_changzi_adj;Чангжиск;;;;;;;;;;;;;x;
c_chanubi_adj;Чанубийск;;;;;;;;;;;;;x;
c_chasecreek;Чейскрик;;;;;;;;;;;;;x;
c_chasecreek_adj;Чейскрикск;;;;;;;;;;;;;x;
c_chasegrove;Чейсгроув;;;;;;;;;;;;;x;
c_chasegrove_adj;Чейсгроувск;;;;;;;;;;;;;x;
c_chasepoint;Чейспойнт;;;;;;;;;;;;;x;
c_chasepoint_adj;Чейспойнтск;;;;;;;;;;;;;x;
c_cheydinhal;Чейдинхол;;;;;;;;;;;;;x;
c_cheydinhal_adj;Чейдинхолск;;;;;;;;;;;;;x;
c_chianglam;Кайанглэм;;;;;;;;;;;;;x;
c_chianglam_adj;Кайанглэмск;;;;;;;;;;;;;x;
c_chiangmai;Кайангмай;;;;;;;;;;;;;x;
c_chiangmai_adj;Кайангмайск;;;;;;;;;;;;;x;
c_chonang;Чон Анг;;;;;;;;;;;;;x;
c_chonang_adj;Чон Ангск;;;;;;;;;;;;;x;
c_chondahan;Лампанг;;;;;;;;;;;;;x;
c_chondahan_adj;Лампангск;;;;;;;;;;;;;x;
c_chorrol_adj;Корролск;;;;;;;;;;;;;x;
c_cliffwatch;Клиффвотч;;;;;;;;;;;;;x;
c_cliffwatch_adj;Клиффвотчск;;;;;;;;;;;;;x;
c_cloudrest;Клаудрест;;;;;;;;;;;;;x;
c_cloudrest_adj;Клаудрестск;;;;;;;;;;;;;x;
c_cloudruler;Повелитель Облаков;;;;;;;;;;;;;x;
c_cloudruler_adj;Повелителеоблаковск;;;;;;;;;;;;;x;
c_cloudspring_adj;Клаудспрингск;;;;;;;;;;;;;x;
c_cloudtop;Облачная Вершина;;;;;;;;;;;;;x;
c_cloudtop_adj;Облачновершинск;;;;;;;;;;;;;x;
c_coldcorn;Колдкорн;;;;;;;;;;;;;x;
c_coldcorn_adj;Колдкорнск;;;;;;;;;;;;;x;
c_coldmoor;Колдмур;;;;;;;;;;;;;x;
c_coldmoor_adj;Колдмурск;;;;;;;;;;;;;x;
c_coldrock;Холодные Скалы;;;;;;;;;;;;;x;
c_coldrock_adj;Холодноскалск;;;;;;;;;;;;;x;
c_conak;Конак;;;;;;;;;;;;;x;
c_conak_adj;Конакск;;;;;;;;;;;;;x;
c_copang;Копанг;;;;;;;;;;;;;x;
c_copang_adj;Копангск;;;;;;;;;;;;;x;
c_corgrad;Корград;;;;;;;;;;;;;x;
c_corgrad_adj;Корградск;;;;;;;;;;;;;x;
c_corimont;Коримонт;;;;;;;;;;;;;x;
c_corimont_adj;Коримонтск;;;;;;;;;;;;;x;
c_corinth;Коринт;;;;;;;;;;;;;x;
c_corinth_adj;Коринтск;;;;;;;;;;;;;x;
c_corisilmoor;Кори Сильмур;;;;;;;;;;;;;x;
c_corisilmoor_adj;Кори Сильмурск;;;;;;;;;;;;;x;
c_cormair;Кормайр;;;;;;;;;;;;;x;
c_cormair_adj;Кормайрск;;;;;;;;;;;;;x;
c_cormaris;Кормарис;;;;;;;;;;;;;x;
c_cormaris_adj;Кормариск;;;;;;;;;;;;;x;
c_cotu;Коту;;;;;;;;;;;;;x;
c_cotu_adj;Котуск;;;;;;;;;;;;;x;
c_cropsford;Кропсфорд;;;;;;;;;;;;;x;
c_cropsford_adj;Кропсфордск;;;;;;;;;;;;;x;
c_crowhaven;Приют Ворона;;;;;;;;;;;;;x;
c_crowhaven_adj;Приютск Воронск;;;;;;;;;;;;;x;
c_culotte;Кулотт;;;;;;;;;;;;;x;
c_culotte_adj;Кулоттск;;;;;;;;;;;;;x;
c_cuptor;Каптор;;;;;;;;;;;;;x;
c_cuptor_adj;Капторск;;;;;;;;;;;;;x;
c_daenia;Даэния;;;;;;;;;;;;;x;
c_daenia_adj;Даэнийск;;;;;;;;;;;;;x;
c_daggerfall;Даггерфолл;;;;;;;;;;;;;x;
c_daggerfall_adj;Даггерфоллск;;;;;;;;;;;;;x;
c_darang;Даранг;;;;;;;;;;;;;x;
c_darang_adj;Дарангск;;;;;;;;;;;;;x;
c_daresen;Даресен;;;;;;;;;;;;;x;
c_daresen_adj;Даресенск;;;;;;;;;;;;;x;
c_dargan;Дарган;;;;;;;;;;;;;x;
c_dargan_adj;Дарганск;;;;;;;;;;;;;x;
c_darglade;Сори Дарглейд;;;;;;;;;;;;;x;
c_darglade_adj;Сорианск;;;;;;;;;;;;;x;
c_darguard;Даргард;;;;;;;;;;;;;x;
c_darguard_adj;Даргардск;;;;;;;;;;;;;x;
c_darjar;Дарджар;;;;;;;;;;;;;x;
c_darjar_adj;Дарджарск;;;;;;;;;;;;;x;
c_darkarn;Даркарн;;;;;;;;;;;;;x;
c_darkarn_adj;Даркарнск;;;;;;;;;;;;;x;
c_darkfathom;Чёрный Фатом;;;;;;;;;;;;;x;
c_darkfathom_adj;Чёрнофатомск;;;;;;;;;;;;;x;
c_darkwatch;Дарквотч;;;;;;;;;;;;;x;
c_darkwatch_adj;Дарквотчск;;;;;;;;;;;;;x;
c_darlam;Дарлам;;;;;;;;;;;;;x;
c_darlam_adj;Дарламск;;;;;;;;;;;;;x;
c_darvon;Дарвон;;;;;;;;;;;;;x;
c_darvon_adj;Дарвонск;;;;;;;;;;;;;x;
c_darvulk;Дарвулк;;;;;;;;;;;;;x;
c_darvulk_adj;Дарвулкск;;;;;;;;;;;;;x;
c_dasekmoor;Дасекмур;;;;;;;;;;;;;x;
c_dasekmoor_adj;Дасекмурск;;;;;;;;;;;;;x;
c_dawnstar;Данстар;;;;;;;;;;;;;x;
c_dawnstar_adj;Данстарск;;;;;;;;;;;;;x;
c_deepscorn;Глубокое Презрение;;;;;;;;;;;;;x;
c_deepscorn_adj;Глубокопрезренск;;;;;;;;;;;;;x;
c_deerhollow;Дирхоллоу;;;;;;;;;;;;;x;
c_deerhollow_adj;Дирхоллоуск;;;;;;;;;;;;;x;
c_degali;Дегали;;;;;;;;;;;;;x;
c_degali_adj;Дегальск;;;;;;;;;;;;;x;
c_deshaan;Дешаан;;;;;;;;;;;;;x;
c_deshaan_adj;Дешаанск;;;;;;;;;;;;;x;
c_dinab;Динаб;;;;;;;;;;;;;x;
c_dinab_adj;Динабск;;;;;;;;;;;;;x;
c_dirich;Дирих;;;;;;;;;;;;;x;
c_dirich_adj;Дирихск;;;;;;;;;;;;;x;
c_diss;Дисс;;;;;;;;;;;;;x;
c_diss_adj;Дисск;;;;;;;;;;;;;x;
c_diverock;Прыжковая Скала;;;;;;;;;;;;;x;
c_diverock_adj;Прыжковоскалск;;;;;;;;;;;;;x;
c_diyakale;Диякейл;;;;;;;;;;;;;x;
c_diyakale_adj;Диякейлск;;;;;;;;;;;;;x;
c_diyarum;Диярум;;;;;;;;;;;;;x;
c_diyarum_adj;Диярумск;;;;;;;;;;;;;x;
c_djenne;Дженне;;;;;;;;;;;;;x;
c_djenne_adj;Дженнеск;;;;;;;;;;;;;x;
c_dorven;Дорвен;;;;;;;;;;;;;x;
c_dorven_adj;Дорвенск;;;;;;;;;;;;;x;
c_doublecross;Даблкросс;;;;;;;;;;;;;x;
c_doublecross_adj;Даблкросск;;;;;;;;;;;;;x;
c_dragonbridge_adj;Драконьемостск;;;;;;;;;;;;;x;
c_dragonclaw;Драконий Коготь;;;;;;;;;;;;;x;
c_dragonclaw_adj;Драконекоготьск;;;;;;;;;;;;;x;
c_dragongate;Драконьи Врата;;;;;;;;;;;;;x;
c_dragongate_adj;Драконьивратск;;;;;;;;;;;;;x;
c_dragonglade_adj;Драконьяполянск;;;;;;;;;;;;;x;
c_dragongrove;Драконья Роща;;;;;;;;;;;;;x;
c_dragongrove_adj;Драконерощинск;;;;;;;;;;;;;x;
c_dragonpond;Драконий Пруд;;;;;;;;;;;;;x;
c_dragonpond_adj;Драконепрудск;;;;;;;;;;;;;x;
c_dragonstar;Драгонстар;;;;;;;;;;;;;x;
c_dragonstar_adj;Драгонстарск;;;;;;;;;;;;;x;
c_dragontail;Драгонтейл;;;;;;;;;;;;;x;
c_dragontail_adj;Драгонтейлск;;;;;;;;;;;;;x;
c_dragonwall;Драгонвалл;;;;;;;;;;;;;x;
c_dragonwall_adj;Драгонваллск;;;;;;;;;;;;;x;
c_drakelowe;Дрейклоу;;;;;;;;;;;;;x;
c_drakelowe_adj;Дрейклоуск;;;;;;;;;;;;;x;
c_duncori;Дункори;;;;;;;;;;;;;x;
c_duncori_adj;Дункорск;;;;;;;;;;;;;x;
c_dune;Дюна;;;;;;;;;;;;;x;
c_dune_adj;Дюнск;;;;;;;;;;;;;x;
c_dunkarn;Дункарн;;;;;;;;;;;;;x;
c_dunkarn_adj;Дункарнск;;;;;;;;;;;;;x;
c_dunlain_adj;Дунлайнск;;;;;;;;;;;;;x;
c_dunstad;Дунстад;;;;;;;;;;;;;x;
c_dunstad_adj;Дунстадск;;;;;;;;;;;;;x;
c_durmur;Дармар;;;;;;;;;;;;;x;
c_durmur_adj;Дармарск;;;;;;;;;;;;;x;
c_durres;Дуррес;;;;;;;;;;;;;x;
c_durres_adj;Дурреск;;;;;;;;;;;;;x;
c_dusk;Даск;;;;;;;;;;;;;x;
c_dusk_adj;Даскск;;;;;;;;;;;;;x;
c_dwynnen;Двиннен;;;;;;;;;;;;;x;
c_dwynnen_adj;Двинненск;;;;;;;;;;;;;x;
c_eaglebrook;Орлиный Ручей;;;;;;;;;;;;;x;
c_eaglebrook_adj;Орлиноручьяск;;;;;;;;;;;;;x;
c_eaglevale;Орлиная Долина;;;;;;;;;;;;;x;
c_eaglevale_adj;Орлинодолинск;;;;;;;;;;;;;x;
c_eastjeral;Восточный Джерол;;;;;;;;;;;;;x;
c_eastjeral_adj;Восточноджерольск;;;;;;;;;;;;;x;
c_eastmarch;Истмарк;;;;;;;;;;;;;x;
c_eastmarch_adj;Истмаркск;;;;;;;;;;;;;x;
c_eastwatch;Иствотч;;;;;;;;;;;;;x;
c_eastwatch_adj;Иствотчск;;;;;;;;;;;;;x;
c_eastwood;Иствуд;;;;;;;;;;;;;x;
c_eastwood_adj;Иствудск;;;;;;;;;;;;;x;
c_ebonglen;Эбонглен;;;;;;;;;;;;;x;
c_ebonglen_adj;Эбонгленск;;;;;;;;;;;;;x;
c_ebonheart;Эбонхарт;;;;;;;;;;;;;x;
c_ebonheart_adj;Эбонхартск;;;;;;;;;;;;;x;
c_ebonro;Эбон Ро;;;;;;;;;;;;;x;
c_ebonro_adj;Эбон Роск;;;;;;;;;;;;;x;
c_ebonstadmont;Эбон Стадмонт;;;;;;;;;;;;;x;
c_ebonstadmont_adj;Эбон Стадмонтск;;;;;;;;;;;;;x;
c_edirica;Эдирика;;;;;;;;;;;;;x;
c_edirica_adj;Эдирикск;;;;;;;;;;;;;x;
c_einmeirvale;Эйн Мейрвейл;;;;;;;;;;;;;x;
c_einmeirvale_adj;Мейрвейлск;;;;;;;;;;;;;x;
c_ekaaweko;Экааве'ко;;;;;;;;;;;;;x;
c_ekaaweko_adj;Экаавекск;;;;;;;;;;;;;x;
c_elazrum;Элазрум;;;;;;;;;;;;;x;
c_elazrum_adj;Элазрумск;;;;;;;;;;;;;x;
c_eldara;Элдара;;;;;;;;;;;;;x;
c_eldara_adj;Элдарск;;;;;;;;;;;;;x;
c_eldenbush;Элденбуш;;;;;;;;;;;;;x;
c_eldenbush_adj;Элденбушск;;;;;;;;;;;;;x;
c_eldengrove;Элденгроув;;;;;;;;;;;;;x;
c_eldengrove_adj;Элденгроувск;;;;;;;;;;;;;x;
c_eldenroot;Элденрут;;;;;;;;;;;;;x;
c_eldenroot_adj;Элденрутск;;;;;;;;;;;;;x;
c_eldersblood;Пик Древних;;;;;;;;;;;;;x;
c_eldersblood_adj;Пикодревниск;;;;;;;;;;;;;x;
c_elinhir;Элинхир;;;;;;;;;;;;;x;
c_elinhir_adj;Элинхирск;;;;;;;;;;;;;x;
c_elran;Элран;;;;;;;;;;;;;x;
c_elran_adj;Элранск;;;;;;;;;;;;;x;
c_emperorsrun;Бег Императоров;;;;;;;;;;;;;x;
c_emperorsrun_adj;Бегоимператорск;;;;;;;;;;;;;x;
c_entius;Энтиус;;;;;;;;;;;;;x;
c_entius_adj;Энтиуск;;;;;;;;;;;;;x;
c_epiru;Эпиру;;;;;;;;;;;;;x;
c_epiru_adj;Эпируск;;;;;;;;;;;;;x;
c_erzhir;Эрзхир;;;;;;;;;;;;;x;
c_erzhir_adj;Эрзхирск;;;;;;;;;;;;;x;
c_eshita;Эшита;;;;;;;;;;;;;x;
c_eshita_adj;Эшитск;;;;;;;;;;;;;x;
c_esroniet;Эсрониэт;;;;;;;;;;;;;x;
c_esroniet_adj;Эсрониэтск;;;;;;;;;;;;;x;
c_ethosul;Этхо Сул;;;;;;;;;;;;;x;
c_ethosul_adj;Сулск;;;;;;;;;;;;;x;
c_eventide;Старое Падение;;;;;;;;;;;;;x;
c_eventide_adj;Старопаденск;;;;;;;;;;;;;x;
c_evermore;Эвермор;;;;;;;;;;;;;x;
c_evermore_adj;Эверморск;;;;;;;;;;;;;x;
c_facian;Фасиан;;;;;;;;;;;;;x;
c_facian_adj;Фасианск;;;;;;;;;;;;;x;
c_falinesti;Фалинести;;;;;;;;;;;;;x;
c_falinesti_adj;Фалинестийск;;;;;;;;;;;;;x;
c_falkreath;Фолкрит;;;;;;;;;;;;;x;
c_falkreath_adj;Фолкритск;;;;;;;;;;;;;x;
c_fanacas;Фанакас;;;;;;;;;;;;;x;
c_fanacas_adj;Фанакаск;;;;;;;;;;;;;x;
c_farragut;Фаррагут;;;;;;;;;;;;;x;
c_farragut_adj;Фаррагутск;;;;;;;;;;;;;x;
c_farrun_adj;Фаррунск;;;;;;;;;;;;;x;
c_fellglow;Феллглоу;;;;;;;;;;;;;x;
c_fellglow_adj;Феллглоуск;;;;;;;;;;;;;x;
c_fellhammer;Феллхаммер;;;;;;;;;;;;;x;
c_fellhammer_adj;Феллхаммерск;;;;;;;;;;;;;x;
c_felmarsh;Фелмарш;;;;;;;;;;;;;x;
c_felmarsh_adj;Фелмаршск;;;;;;;;;;;;;x;
c_felsaad;Фелсаад;;;;;;;;;;;;;x;
c_felsaad_adj;Фелсаадск;;;;;;;;;;;;;x;
c_firewatch;Файрвотч;;;;;;;;;;;;;x;
c_firewatch_adj;Файрвотчск;;;;;;;;;;;;;x;
c_firsthold;Фёстхолд;;;;;;;;;;;;;x;
c_firsthold_adj;Фёстхолдск;;;;;;;;;;;;;x;
c_flecia;Флесия;;;;;;;;;;;;;x;
c_flecia_adj;Флесийск;;;;;;;;;;;;;x;
c_focsat;Фоксат;;;;;;;;;;;;;x;
c_focsat_adj;Фоксатск;;;;;;;;;;;;;x;
c_forelhost;Форелхост;;;;;;;;;;;;;x;
c_forelhost_adj;Форелхостск;;;;;;;;;;;;;x;
c_frostcrag;Фросткрег;;;;;;;;;;;;;x;
c_frostcrag_adj;Фросткрегск;;;;;;;;;;;;;x;
c_frostfire;Фростфайр;;;;;;;;;;;;;x;
c_frostfire_adj;Фростфайрск;;;;;;;;;;;;;x;
c_frostflow;Фростфлоу;;;;;;;;;;;;;x;
c_frostflow_adj;Фростфлоуск;;;;;;;;;;;;;x;
c_gaddu;Гадду;;;;;;;;;;;;;x;
c_gaddu_adj;Гаддуск;;;;;;;;;;;;;x;
c_galandra;Галандра;;;;;;;;;;;;;x;
c_galandra_adj;Галандрск;;;;;;;;;;;;;x;
c_ganaris;Ганарис;;;;;;;;;;;;;x;
c_ganaris_adj;Ганариск;;;;;;;;;;;;;x;
c_garibak;Гарибак;;;;;;;;;;;;;x;
c_garibak_adj;Гарибакск;;;;;;;;;;;;;x;
c_garlas;Гарлас;;;;;;;;;;;;;x;
c_garlas_adj;Гарласк;;;;;;;;;;;;;x;
c_garsadrith;Гар Садрит;;;;;;;;;;;;;x;
c_garsadrith_adj;Гаррск;;;;;;;;;;;;;x;
c_garthim;Гартхим;;;;;;;;;;;;;x;
c_garthim_adj;Гартхимск;;;;;;;;;;;;;x;
c_gauvadon;Гаваудон;;;;;;;;;;;;;x;
c_gauvadon_adj;Гаувадонск;;;;;;;;;;;;;x;
c_gazum;Газум;;;;;;;;;;;;;x;
c_gazum_adj;Газумск;;;;;;;;;;;;;x;
c_gideon;Гидеон;;;;;;;;;;;;;x;
c_gideon_adj;Гидеонск;;;;;;;;;;;;;x;
c_gikiro_adj;Гикирск;;;;;;;;;;;;;x;
c_gilam;Гилам;;;;;;;;;;;;;x;
c_gilam_adj;Гиламск;;;;;;;;;;;;;x;
c_gilane;Гилан;;;;;;;;;;;;;x;
c_gilane_adj;Гиланск;;;;;;;;;;;;;x;
c_gili;Гили;;;;;;;;;;;;;x;
c_gili_adj;Гилиск;;;;;;;;;;;;;x;
c_gilverdale;Гильвердейл;;;;;;;;;;;;;x;
c_gilverdale_adj;Гильвердейлск;;;;;;;;;;;;;x;
c_giruma;Гирума;;;;;;;;;;;;;x;
c_giruma_adj;Гирумск;;;;;;;;;;;;;x;
c_girutorat;Гиру Торат;;;;;;;;;;;;;x;
c_girutorat_adj;Гиру Торатск;;;;;;;;;;;;;x;
c_gitu;Гиту;;;;;;;;;;;;;x;
c_gitu_adj;Гитуск;;;;;;;;;;;;;x;
c_gladdenpoint;Гриншейд;;;;;;;;;;;;;x;
c_gladdenpoint_adj;Гриншейдск;;;;;;;;;;;;;x;
c_glademist;Гладемист;;;;;;;;;;;;;x;
c_glademist_adj;Гладемистск;;;;;;;;;;;;;x;
c_glenbridge;Гленбридж;;;;;;;;;;;;;x;
c_glenbridge_adj;Гленбриджск;;;;;;;;;;;;;x;
c_glenmoril;Гленморил;;;;;;;;;;;;;x;
c_glenmoril_adj;Гленморильск;;;;;;;;;;;;;x;
c_glenpoint;Гленпойнт;;;;;;;;;;;;;x;
c_glenpoint_adj;Гленпойнтск;;;;;;;;;;;;;x;
c_glenview;Гленвью;;;;;;;;;;;;;x;
c_glenview_adj;Гленвьюск;;;;;;;;;;;;;x;
c_gnarledroot;Гнарледрут;;;;;;;;;;;;;x;
c_gnarledroot_adj;Гнарледрутск;;;;;;;;;;;;;x;
c_goldthroat;Золотая Глотка;;;;;;;;;;;;;x;
c_goldthroat_adj;Золотоглотск;;;;;;;;;;;;;x;
c_golig;Голиг;;;;;;;;;;;;;x;
c_golig_adj;Голигск;;;;;;;;;;;;;x;
c_gondar;Гондар;;;;;;;;;;;;;x;
c_gondar_adj;Гондарск;;;;;;;;;;;;;x;
c_gorling;Горлинг;;;;;;;;;;;;;x;
c_gorling_adj;Горлингск;;;;;;;;;;;;;x;
c_graddun;Граддун;;;;;;;;;;;;;x;
c_graddun_adj;Граддунск;;;;;;;;;;;;;x;
c_grayrock;Серая Скала;;;;;;;;;;;;;x;
c_grayrock_adj;Сероскальск;;;;;;;;;;;;;x;
c_grazelands;Грейзленд;;;;;;;;;;;;;x;
c_grazelands_adj;Грейзлендск;;;;;;;;;;;;;x;
c_greenglade;Зелёная Поляна;;;;;;;;;;;;;x;
c_greenglade_adj;Зелёнополянск;;;;;;;;;;;;;x;
c_greenhall;Зелёный Зал;;;;;;;;;;;;;x;
c_greenhall_adj;Зелёнозалск;;;;;;;;;;;;;x;
c_greenheart;Гринхарт;;;;;;;;;;;;;x;
c_greenheart_adj;Гринхартск;;;;;;;;;;;;;x;
c_greenheights;Альт Босара;;;;;;;;;;;;;x;
c_greenheights_adj;Босарск;;;;;;;;;;;;;x;
c_greenpoint;Гринпойнт;;;;;;;;;;;;;x;
c_greenpoint_adj;Гринпойнтск;;;;;;;;;;;;;x;
c_greenspring;Зелёный Источник;;;;;;;;;;;;;x;
c_greenspring_adj;Зелёноисточникск;;;;;;;;;;;;;x;
c_greenvale;Гринвейл;;;;;;;;;;;;;x;
c_greenvale_adj;Гринвейлск;;;;;;;;;;;;;x;
c_greyleaf;Грейлиф;;;;;;;;;;;;;x;
c_greyleaf_adj;Грейлифск;;;;;;;;;;;;;x;
c_greymoor;Греймур;;;;;;;;;;;;;x;
c_greymoor_adj;Греймурск;;;;;;;;;;;;;x;
c_greywinter;Грейвинтер;;;;;;;;;;;;;x;
c_greywinter_adj;Грейвинтерск;;;;;;;;;;;;;x;
c_grimrock;Гримрок;;;;;;;;;;;;;x;
c_grimrock_adj;Гримрокск;;;;;;;;;;;;;x;
c_haalfingar;Дипвуд;;;;;;;;;;;;;x;
c_haalfingar_adj;Дипвудск;;;;;;;;;;;;;x;
c_hackdirt;Хакдирт;;;;;;;;;;;;;x;
c_hackdirt_adj;Хакдиртск;;;;;;;;;;;;;x;
c_hafar;Хафар;;;;;;;;;;;;;x;
c_hafar_adj;Хафарск;;;;;;;;;;;;;x;
c_halaran;Халаран;;;;;;;;;;;;;x;
c_halaran_adj;Халаранск;;;;;;;;;;;;;x;
c_hame;Хейм;;;;;;;;;;;;;x;
c_hame_adj;Хеймск;;;;;;;;;;;;;x;
c_hanar;Ханар;;;;;;;;;;;;;x;
c_hanar_adj;Ханарск;;;;;;;;;;;;;x;
c_handumur;Хандумур;;;;;;;;;;;;;x;
c_handumur_adj;Хандумурск;;;;;;;;;;;;;x;
c_haocian;Хаоциан;;;;;;;;;;;;;x;
c_haocian_adj;Хаоцианск;;;;;;;;;;;;;x;
c_harcane;Харкейн;;;;;;;;;;;;;x;
c_harcane_adj;Харкейнск;;;;;;;;;;;;;x;
c_harescross;Хейрс Кросс;;;;;;;;;;;;;x;
c_harescross_adj;Хейрс Кросск;;;;;;;;;;;;;x;
c_harlun;Застава Харлуна;;;;;;;;;;;;;x;
c_harlun_adj;Харлунск;;;;;;;;;;;;;x;
c_harmugstalh;Хармугстал;;;;;;;;;;;;;x;
c_harmugstalh_adj;Хармугстальск;;;;;;;;;;;;;x;
c_harrowwell;Харроу Велл;;;;;;;;;;;;;x;
c_harrowwell_adj;Харроуск;;;;;;;;;;;;;x;
c_hasayo;Хасайо;;;;;;;;;;;;;x;
c_hasayo_adj;Хасайск;;;;;;;;;;;;;x;
c_hastrel;Хастрел;;;;;;;;;;;;;x;
c_hastrel_adj;Хастрелск;;;;;;;;;;;;;x;
c_haven;Хевен;;;;;;;;;;;;;x;
c_haven_adj;Хевенск;;;;;;;;;;;;;x;
c_havisti;Хависти;;;;;;;;;;;;;x;
c_havisti_adj;Хавистийск;;;;;;;;;;;;;x;
c_hawlok;Хавлок;;;;;;;;;;;;;x;
c_hawlok_adj;Хавлокск;;;;;;;;;;;;;x;
c_heartbush;Хартбуш;;;;;;;;;;;;;x;
c_heartbush_adj;Хартбушск;;;;;;;;;;;;;x;
c_hearthgrove;Хартгроув;;;;;;;;;;;;;x;
c_hearthgrove_adj;Хартгроувск;;;;;;;;;;;;;x;
c_hearthshield;Хартшилд;;;;;;;;;;;;;x;
c_hearthshield_adj;Хартшилдск;;;;;;;;;;;;;x;
c_hegathe;Хегат;;;;;;;;;;;;;x;
c_hegathe_adj;Хегатск;;;;;;;;;;;;;x;
c_heimdar;Хеймдар;;;;;;;;;;;;;x;
c_heimdar_adj;Хеймдарск;;;;;;;;;;;;;x;
c_heimlyn;Хеймлин;;;;;;;;;;;;;x;
c_heimlyn_adj;Хеймлинск;;;;;;;;;;;;;x;
c_heimthor;Хеймтор;;;;;;;;;;;;;x;
c_heimthor_adj;Хеймторск;;;;;;;;;;;;;x;
c_heldorn;Хелдорн;;;;;;;;;;;;;x;
c_heldorn_adj;Хелдорнск;;;;;;;;;;;;;x;
c_helgen;Хелген;;;;;;;;;;;;;x;
c_helgen_adj;Хелгенск;;;;;;;;;;;;;x;
c_helkarn;Хелкарн;;;;;;;;;;;;;x;
c_helkarn_adj;Хелкарнск;;;;;;;;;;;;;x;
c_helnim;Хелним;;;;;;;;;;;;;x;
c_helnim_adj;Хелнимск;;;;;;;;;;;;;x;
c_helstrom;Хелстром;;;;;;;;;;;;;x;
c_helstrom_adj;Хелстромск;;;;;;;;;;;;;x;
c_herne;Херне;;;;;;;;;;;;;x;
c_herne_adj;Хернеск;;;;;;;;;;;;;x;
c_herpung;Херпунг;;;;;;;;;;;;;x;
c_herpung_adj;Херпунгск;;;;;;;;;;;;;x;
c_hewsbane;Погибель Хью;;;;;;;;;;;;;x;
c_hewsbane_adj;Хьюск;;;;;;;;;;;;;x;
c_hianwo;Хианво;;;;;;;;;;;;;x;
c_hianwo_adj;Хианвоск;;;;;;;;;;;;;x;
c_highgate;Высокие Врата;;;;;;;;;;;;;x;
c_highgate_adj;Высоковратск;;;;;;;;;;;;;x;
c_hirstang;Хирстаанг;;;;;;;;;;;;;x;
c_hirstang_adj;Хирстаангск;;;;;;;;;;;;;x;
c_hnas;Хнас;;;;;;;;;;;;;x;
c_hnas_adj;Хнаск;;;;;;;;;;;;;x;
c_hobei;Хо Бей;;;;;;;;;;;;;x;
c_hobei_adj;Хо Бейск;;;;;;;;;;;;;x;
c_homestead;Хомстед;;;;;;;;;;;;;x;
c_homestead_adj;Хомстедск;;;;;;;;;;;;;x;
c_horunn;Хорунн;;;;;;;;;;;;;x;
c_horunn_adj;Хоруннск;;;;;;;;;;;;;x;
c_hraggstad;Храгстад;;;;;;;;;;;;;x;
c_hraggstad_adj;Храгстадск;;;;;;;;;;;;;x;
c_hrotanda;Хротанда;;;;;;;;;;;;;x;
c_hrotanda_adj;Хротандск;;;;;;;;;;;;;x;
c_huachang;Хуа Чанг;;;;;;;;;;;;;x;
c_huachang_adj;Хуа Чангск;;;;;;;;;;;;;x;
c_huadung;Хуа Дунг;;;;;;;;;;;;;x;
c_huadung_adj;Хуа Дунгск;;;;;;;;;;;;;x;
c_huala;Хуа Ла;;;;;;;;;;;;;x;
c_huala_adj;Хуа Ласк;;;;;;;;;;;;;x;
c_hupnap;Хупнап;;;;;;;;;;;;;x;
c_hupnap_adj;Хупнапск;;;;;;;;;;;;;x;
c_ijato_adj;Иятоск;;;;;;;;;;;;;x;
c_ilessan;Илессан;;;;;;;;;;;;;x;
c_ilessan_adj;Илессанск;;;;;;;;;;;;;x;
c_imperialisle;Имперский Остров;;;;;;;;;;;;;x;
c_imperialisle_adj;Имперск;;;;;;;;;;;;;x;
c_inawihe;Инавайх;;;;;;;;;;;;;x;
c_inawihe_adj;Инавайхск;;;;;;;;;;;;;x;
c_indradung;Индрадунг;;;;;;;;;;;;;x;
c_indradung_adj;Индрадунгск;;;;;;;;;;;;;x;
c_indratra;Индратра;;;;;;;;;;;;;x;
c_indratra_adj;Индратраск;;;;;;;;;;;;;x;
c_ioxao;Ио Ксао;;;;;;;;;;;;;x;
c_ioxao_adj;Ио Ксаоск;;;;;;;;;;;;;x;
c_ironbark;Айронбарк;;;;;;;;;;;;;x;
c_ironbark_adj;Айронбаркск;;;;;;;;;;;;;x;
c_ironbind;Айронбинд;;;;;;;;;;;;;x;
c_ironbind_adj;Айронбиндск;;;;;;;;;;;;;x;
c_irony;Ирония;;;;;;;;;;;;;x;
c_irony_adj;Ироническ;;;;;;;;;;;;;x;
c_isinfier;Изинфьер;;;;;;;;;;;;;x;
c_isinfier_adj;Изинфьерск;;;;;;;;;;;;;x;
c_isthme;Истхме;;;;;;;;;;;;;x;
c_isthme_adj;Истхмеск;;;;;;;;;;;;;x;
c_istirus;Истирус;;;;;;;;;;;;;x;
c_istirus_adj;Истируск;;;;;;;;;;;;;x;
c_istmal;Истмаль;;;;;;;;;;;;;x;
c_istmal_adj;Истмальск;;;;;;;;;;;;;x;
c_istrius_adj;Истируск;;;;;;;;;;;;;x;
c_ivarstead;Айварстед;;;;;;;;;;;;;x;
c_ivarstead_adj;Айварстедск;;;;;;;;;;;;;x;
c_izmalya;Измалия;;;;;;;;;;;;;x;
c_izmalya_adj;Измалийск;;;;;;;;;;;;;x;
c_izmiltep;Измилтеп;;;;;;;;;;;;;x;
c_izmiltep_adj;Измилтепск;;;;;;;;;;;;;x;
c_izmursa;Измурса;;;;;;;;;;;;;x;
c_izmursa_adj;Измурск;;;;;;;;;;;;;x;
c_jadahar;Джадахар;;;;;;;;;;;;;x;
c_jadahar_adj;Джадахарск;;;;;;;;;;;;;x;
c_jamadur;Джамадур;;;;;;;;;;;;;x;
c_jamadur_adj;Джамадурск;;;;;;;;;;;;;x;
c_jandal;Джандал;;;;;;;;;;;;;x;
c_jandal_adj;Джандалск;;;;;;;;;;;;;x;
c_jaspet;Джаспет;;;;;;;;;;;;;x;
c_jaspet_adj;Джаспетск;;;;;;;;;;;;;x;
c_jatan;Джатан;;;;;;;;;;;;;x;
c_jatan_adj;Джатанск;;;;;;;;;;;;;x;
c_jehenna_adj;Джеханнск;;;;;;;;;;;;;x;
c_jeral;Джерол;;;;;;;;;;;;;;
c_jerall_adj;Джерольск;;;;;;;;;;;;;x;
c_jeral_adj;Джерольск;;;;;;;;;;;;;;
c_jodestone;Камень Джоуд;;;;;;;;;;;;;x;
c_jodestone_adj;Джоудск;;;;;;;;;;;;;x;
c_kaaz;Кааз;;;;;;;;;;;;;x;
c_kaaz_adj;Каазск;;;;;;;;;;;;;x;
c_kadagri;Кадагри;;;;;;;;;;;;;x;
c_kadagri_adj;Кадагриск;;;;;;;;;;;;;x;
c_kadmal;Кадмаль;;;;;;;;;;;;;x;
c_kadmal_adj;Кадмальск;;;;;;;;;;;;;x;
c_kahmaras;Кахмарас;;;;;;;;;;;;;x;
c_kahmaras_adj;Кахмараск;;;;;;;;;;;;;x;
c_kahrahir;Кахрахир;;;;;;;;;;;;;x;
c_kahrahir_adj;Кахрахирск;;;;;;;;;;;;;x;
c_kalathani;Калатхани;;;;;;;;;;;;;x;
c_kalathani_adj;Калатханийск;;;;;;;;;;;;;x;
c_kaliggau;Калиггау;;;;;;;;;;;;;x;
c_kaliggau_adj;Калиггауск;;;;;;;;;;;;;x;
c_kambrian;Камбрия;;;;;;;;;;;;;x;
c_kambria_adj;Камбрийск;;;;;;;;;;;;;x;
c_kamery;Камери;;;;;;;;;;;;;x;
c_kamery_adj;Камерийск;;;;;;;;;;;;;x;
c_kamipung;Камипунг;;;;;;;;;;;;;x;
c_kamipung_adj;Камипунгск;;;;;;;;;;;;;x;
c_kamori;Камори;;;;;;;;;;;;;x;
c_kamori_adj;Каморийск;;;;;;;;;;;;;x;
c_kamum;Камум;;;;;;;;;;;;;x;
c_kamum_adj;Камумск;;;;;;;;;;;;;x;
c_kanaveh;Канавех;;;;;;;;;;;;;x;
c_kanaveh_adj;Канавехск;;;;;;;;;;;;;x;
c_kanesh;Канеш;;;;;;;;;;;;;x;
c_kanesh_adj;Канешск;;;;;;;;;;;;;x;
c_kanthum;Кантум;;;;;;;;;;;;;x;
c_kanthum_adj;Кантумск;;;;;;;;;;;;;x;
c_kaon;Каон;;;;;;;;;;;;;x;
c_kaon_adj;Каонск;;;;;;;;;;;;;x;
c_karabak;Карабак;;;;;;;;;;;;;x;
c_karabak_adj;Карабакск;;;;;;;;;;;;;x;
c_karfa;Карфа;;;;;;;;;;;;;x;
c_karfa_adj;Карфаск;;;;;;;;;;;;;x;
c_karakon;Каракон;;;;;;;;;;;;;x;
c_karakon_adj;Караконск;;;;;;;;;;;;;x;
c_karitu;Кариту;;;;;;;;;;;;;x;
c_karitu_adj;Каритуск;;;;;;;;;;;;;x;
c_kariwesi;Каривеси;;;;;;;;;;;;;x;
c_kariwesi_adj;Каривесийск;;;;;;;;;;;;;x;
c_karndar;Карндар;;;;;;;;;;;;;x;
c_karndar_adj;Карндарск;;;;;;;;;;;;;x;
c_karnver;Карнвер;;;;;;;;;;;;;x;
c_karnver_adj;Карнверск;;;;;;;;;;;;;x;
c_karstaag;Карстааг;;;;;;;;;;;;;x;
c_karstaag_adj;Карстаагск;;;;;;;;;;;;;x;
c_karthspire;Картспайр;;;;;;;;;;;;;x;
c_karthspire_adj;Картспайрск;;;;;;;;;;;;;x;
c_karthwasten;Картвастен;;;;;;;;;;;;;x;
c_karthwasten_adj;Картвастенск;;;;;;;;;;;;;x;
c_karum;Карум;;;;;;;;;;;;;x;
c_karum_adj;Карумск;;;;;;;;;;;;;x;
c_kashmir;Кашмир;;;;;;;;;;;;;x;
c_kashmir_adj;Кашмирск;;;;;;;;;;;;;x;
c_kastav;Кастав;;;;;;;;;;;;;x;
c_kastav_adj;Каставск;;;;;;;;;;;;;x;
c_katamiri;Ката Мири;;;;;;;;;;;;;x;
c_katamiri_adj;Ката Мирийск;;;;;;;;;;;;;x;
c_katapur;Катапур;;;;;;;;;;;;;x;
c_katapur_adj;Катапурск;;;;;;;;;;;;;x;
c_kathdar;Катдар;;;;;;;;;;;;;x;
c_kathdar_adj;Катдарск;;;;;;;;;;;;;x;
c_kathgran_adj;Катгранск;;;;;;;;;;;;;x;
c_kaur;Каур;;;;;;;;;;;;;x;
c_kaur_adj;Каурск;;;;;;;;;;;;;x;
c_kayakent;Каякент;;;;;;;;;;;;;x;
c_kayakent_adj;Каякентск;;;;;;;;;;;;;x;
c_kayara;Каяра;;;;;;;;;;;;;x;
c_kayara_adj;Каярск;;;;;;;;;;;;;x;
c_kediskele;Кедискеле;;;;;;;;;;;;;x;
c_kediskele_adj;Кедискелеск;;;;;;;;;;;;;x;
c_keirgo;Кейрго;;;;;;;;;;;;;x;
c_keirgo_adj;Кейргоск;;;;;;;;;;;;;x;
c_kemen;Кемен;;;;;;;;;;;;;x;
c_kemen_adj;Кеменск;;;;;;;;;;;;;x;
c_khael_adj;Хаэльск;;;;;;;;;;;;;x;
c_khajay;Хаджай;;;;;;;;;;;;;x;
c_khajay_adj;Хаджайск;;;;;;;;;;;;;x;
c_khonkoi;Хонкой;;;;;;;;;;;;;x;
c_khonkoi_adj;Хонкойск;;;;;;;;;;;;;x;
c_khonong;Хононг;;;;;;;;;;;;;x;
c_khonong_adj;Хононгск;;;;;;;;;;;;;x;
c_kidal;Кидаль;;;;;;;;;;;;;x;
c_kidal_adj;Кидальск;;;;;;;;;;;;;x;
c_kingscrest;Гребень Королей;;;;;;;;;;;;;x;
c_kingscrest_adj;Гребенекоролевск;;;;;;;;;;;;;x;
c_kingshaven;Королевская Гавань;;;;;;;;;;;;;x;
c_kingshaven_adj;Королевскогаваньск;;;;;;;;;;;;;x;
c_kingswatch;Королевская Застава;;;;;;;;;;;;;x;
c_kingswatch_adj;Заставск;;;;;;;;;;;;;x;
c_kiraman;Кираман;;;;;;;;;;;;;x;
c_kiraman_adj;Кираманск;;;;;;;;;;;;;x;
c_kithendis;Китендис;;;;;;;;;;;;;x;
c_kithendis_adj;Китендиск;;;;;;;;;;;;;x;
c_kituna;Китуна;;;;;;;;;;;;;x;
c_kituna_adj;Китунск;;;;;;;;;;;;;x;
c_koegria;Коэгрия;;;;;;;;;;;;;x;
c_koegria_adj;Коэгрийск;;;;;;;;;;;;;x;
c_konda;Конда;;;;;;;;;;;;;x;
c_konda_adj;Кондаск;;;;;;;;;;;;;x;
c_koong;Ко Онг;;;;;;;;;;;;;x;
c_koong_adj;Ко Онгск;;;;;;;;;;;;;x;
c_korica;Корика;;;;;;;;;;;;;x;
c_korica_adj;Корикск;;;;;;;;;;;;;x;
c_korsus;Корсус;;;;;;;;;;;;;x;
c_korsus_adj;Корсуск;;;;;;;;;;;;;x;
c_korvanjund;Корваньюнд;;;;;;;;;;;;;x;
c_korvanjund_adj;Корваньюндск;;;;;;;;;;;;;x;
c_kouiko;Коу Ико;;;;;;;;;;;;;x;
c_kouiko_adj;Коу Икоск;;;;;;;;;;;;;x;
c_kovelir;Ковелир;;;;;;;;;;;;;x;
c_kovelir_adj;Ковелирск;;;;;;;;;;;;;x;
c_kozain;Козайн;;;;;;;;;;;;;x;
c_kozain_adj;Козайнск;;;;;;;;;;;;;x;
c_kragenmoor;Крагенмур;;;;;;;;;;;;;x;
c_kragenmoor_adj;Крагенмурск;;;;;;;;;;;;;x;
c_kruzka;Кевалла;;;;;;;;;;;;;x;
c_kruzka_adj;Кевалласк;;;;;;;;;;;;;x;
c_kumuuk;Кумуук;;;;;;;;;;;;;x;
c_kumuuk_adj;Кумуукск;;;;;;;;;;;;;x;
c_kvatch;Кватч;;;;;;;;;;;;;x;
c_kvatch_adj;Кватчск;;;;;;;;;;;;;x;
c_lagon;Лагон;;;;;;;;;;;;;x;
c_lagon_adj;Лагонск;;;;;;;;;;;;;x;
c_lagos;Лагос;;;;;;;;;;;;;x;
c_lagos_adj;Лагоск;;;;;;;;;;;;;x;
c_lainebon;Лейнбон;;;;;;;;;;;;;x;
c_lainebon_adj;Лейнбонск;;;;;;;;;;;;;x;
c_lainlyn;Лайнлин;;;;;;;;;;;;;x;
c_lainlyn_adj;Лайнлинск;;;;;;;;;;;;;x;
c_lamkaen;Лам Каен;;;;;;;;;;;;;x;
c_lamkaen_adj;Лам Каенск;;;;;;;;;;;;;x;
c_lampang;Чондахан;;;;;;;;;;;;;x;
c_lampang_adj;Чондаханск;;;;;;;;;;;;;x;
c_langkhon;Лангхон;;;;;;;;;;;;;x;
c_langkhon_adj;Лангхонск;;;;;;;;;;;;;x;
c_langthong;Ланг Тхонг;;;;;;;;;;;;;x;
c_langthong_adj;Ланг Тхонгск;;;;;;;;;;;;;x;
c_lankara;Ланкара;;;;;;;;;;;;;x;
c_lankara_adj;Ланкарск;;;;;;;;;;;;;x;
c_lankaran;Ланкаран;;;;;;;;;;;;;x;
c_lankaran_adj;Ланкаранск;;;;;;;;;;;;;x;
c_lankhmar;Ланкхмар;;;;;;;;;;;;;x;
c_lankhmar_adj;Ланкхмарск;;;;;;;;;;;;;x;
c_larsus;Ларсус;;;;;;;;;;;;;x;
c_larsus_adj;Ларсуск;;;;;;;;;;;;;x;
c_latchanaburi;Латчанабури;;;;;;;;;;;;;x;
c_latchanaburi_adj;Латчанабурийск;;;;;;;;;;;;;x;
c_lautah;Лаутах;;;;;;;;;;;;;x;
c_lautah_adj;Лаутахск;;;;;;;;;;;;;x;
c_lautsat;Лаутсат;;;;;;;;;;;;;x;
c_lautsat_adj;Лаутсатск;;;;;;;;;;;;;x;
c_lesperon_adj;Лесперонск;;;;;;;;;;;;;x;
c_leyawiin;Лейавин;;;;;;;;;;;;;x;
c_leyawiin_adj;Лейавинск;;;;;;;;;;;;;x;
c_lillandril;Лилландрил;;;;;;;;;;;;;x;
c_lillandril_adj;Лилландрилск;;;;;;;;;;;;;x;
c_lillwood;Лиллвуд;;;;;;;;;;;;;x;
c_lillwood_adj;Лиллвудск;;;;;;;;;;;;;x;
c_lilmoth;Лилмот;;;;;;;;;;;;;x;
c_lilmoth_adj;Лилмотск;;;;;;;;;;;;;x;
c_linchal;Линчал;;;;;;;;;;;;;x;
c_linchal_adj;Линчалск;;;;;;;;;;;;;x;
c_lindai;Линдаи;;;;;;;;;;;;;x;
c_lipsand;Липсанд;;;;;;;;;;;;;x;
c_lividur;Ливидур;;;;;;;;;;;;;x;
c_lividur_adj;Ливидурск;;;;;;;;;;;;;x;
c_llanowar;Ллановар;;;;;;;;;;;;;x;
c_llanowar_adj;Ллановарск;;;;;;;;;;;;;x;
c_lleris;Бал Фойен;;;;;;;;;;;;;x;
c_lleris_adj;Балфойенск;;;;;;;;;;;;;x;
c_lochfort;Лочфорт;;;;;;;;;;;;;x;
c_lochfort_adj;Лочфортск;;;;;;;;;;;;;x;
c_lohur;Лохур;;;;;;;;;;;;;x;
c_lohur_adj;Лохурск;;;;;;;;;;;;;x;
c_lolthanis;Лолтанис;;;;;;;;;;;;;x;
c_lolthanis_adj;Лолтаниск;;;;;;;;;;;;;x;
c_longhaven;Лонгхевен;;;;;;;;;;;;;x;
c_longhaven_adj;Лонгхевенск;;;;;;;;;;;;;x;
c_longvale;Лонгвейл;;;;;;;;;;;;;x;
c_longvale_adj;Лонгвейлск;;;;;;;;;;;;;x;
c_lor;Лор;;;;;;;;;;;;;x;
c_lor_adj;Лорианск;;;;;;;;;;;;;x;
c_lorient;Лориент;;;;;;;;;;;;;x;
c_lorient_adj;Лориентск;;;;;;;;;;;;;x;
c_luang;Лу Анг;;;;;;;;;;;;;x;
c_luang_adj;Лу Ангск;;;;;;;;;;;;;x;
c_lympar;Лумпар;;;;;;;;;;;;;x;
c_lympar_adj;Лумпар;;;;;;;;;;;;;x;
c_maargan;Маар Ган;;;;;;;;;;;;;x;
c_maargan_adj;Маар Ганск;;;;;;;;;;;;;x;
c_mackamentain;Макаментейн;;;;;;;;;;;;;x;
c_mackamentain_adj;Макаментейнск;;;;;;;;;;;;;x;
c_maetaphut;Мэй Тапхут;;;;;;;;;;;;;x;
c_maetaphut_adj;Мэй Тапхутск;;;;;;;;;;;;;x;
c_maethong;Мэй Тхонг;;;;;;;;;;;;;x;
c_maethong_adj;Мэй Тхонгск;;;;;;;;;;;;;x;
c_magia;Магиа;;;;;;;;;;;;;x;
c_magia_adj;Магиаск;;;;;;;;;;;;;x;
c_mahala;Махала;;;;;;;;;;;;;x;
c_mahala_adj;Махалск;;;;;;;;;;;;;x;
c_mahawat;Махават;;;;;;;;;;;;;x;
c_mahawat_adj;Махаватск;;;;;;;;;;;;;x;
c_malada;Малада;;;;;;;;;;;;;x;
c_malada_adj;Маладск;;;;;;;;;;;;;x;
c_manggara;Манггара;;;;;;;;;;;;;x;
c_manggara_adj;Манггарск;;;;;;;;;;;;;x;
c_manivas;Манивас;;;;;;;;;;;;;x;
c_manivas_adj;Маниваск;;;;;;;;;;;;;x;
c_manjung;Манъюнг;;;;;;;;;;;;;x;
c_manjung_adj;Манъюнгск;;;;;;;;;;;;;x;
c_mantu;Манту;;;;;;;;;;;;;x;
c_mantu_adj;Мантуск;;;;;;;;;;;;;x;
c_maonlaup;Маонлауп;;;;;;;;;;;;;x;
c_maonlaup_adj;Маонлаупск;;;;;;;;;;;;;x;
c_marbrook_adj;Марброокск;;;;;;;;;;;;;x;
c_marbruk;Марбрук;;;;;;;;;;;;;x;
c_marbruk_adj;Марбрукск;;;;;;;;;;;;;x;
c_marfez;Марфез;;;;;;;;;;;;;x;
c_marfez_adj;Марфезск;;;;;;;;;;;;;x;
c_markarth;Маркарт;;;;;;;;;;;;;x;
c_markarth_adj;Маркартск;;;;;;;;;;;;;x;
c_markgran;Маркгран;;;;;;;;;;;;;x;
c_markgran_adj;Маркгранск;;;;;;;;;;;;;x;
c_markmont;Маркмонт;;;;;;;;;;;;;x;
c_markmont_adj;Маркмонтск;;;;;;;;;;;;;x;
c_markwasten;Марквастен;;;;;;;;;;;;;x;
c_markwasten_adj;Марквастенск;;;;;;;;;;;;;x;
c_marnor;Марнор;;;;;;;;;;;;;x;
c_marnor_adj;Марнорск;;;;;;;;;;;;;x;
c_marr;Марр;;;;;;;;;;;;;x;
c_marr_adj;Маррск;;;;;;;;;;;;;x;
c_marshwell;Маршвелл;;;;;;;;;;;;;x;
c_masad;Масад;;;;;;;;;;;;;x;
c_masad_adj;Масадск;;;;;;;;;;;;;x;
c_mashamir;Машамир;;;;;;;;;;;;;x;
c_mashamir_adj;Машамирск;;;;;;;;;;;;;x;
c_matama;Матама;;;;;;;;;;;;;x;
c_matama_adj;Матамск;;;;;;;;;;;;;x;
c_mavikara;Мавикара;;;;;;;;;;;;;x;
c_mavikara_adj;Мавикарск;;;;;;;;;;;;;x;
c_mayat;Маяат;;;;;;;;;;;;;x;
c_mayat_adj;Маяатск;;;;;;;;;;;;;x;
c_mehmet;Мехмет;;;;;;;;;;;;;x;
c_mehmet_adj;Мехметск;;;;;;;;;;;;;x;
c_meirhall_adj;Мейрхоллск;;;;;;;;;;;;;x;
c_meirlynmount;Мейр Линмаунт;;;;;;;;;;;;;x;
c_meirlynmount_adj;Линмаунтск;;;;;;;;;;;;;x;
c_mekaya_adj;Мекайяск;;;;;;;;;;;;;x;
c_meralang;Мераланг;;;;;;;;;;;;;x;
c_meralang_adj;Мералангск;;;;;;;;;;;;;x;
c_mergrove;Мергроув;;;;;;;;;;;;;x;
c_mergrove_adj;Мергроувск;;;;;;;;;;;;;x;
c_meruma;Мерума;;;;;;;;;;;;;x;
c_meruma_adj;Мерумск;;;;;;;;;;;;;x;
c_middlemarch;Миддлмарч;;;;;;;;;;;;;x;
c_middlemarch_adj;Миддлмарчск;;;;;;;;;;;;;x;
c_mirnaraa;Мир Нараа;;;;;;;;;;;;;x;
c_mirnaraa_adj;Мир Нарааск;;;;;;;;;;;;;x;
c_mirpur;Мирпур;;;;;;;;;;;;;x;
c_mirpur_adj;Мирпурск;;;;;;;;;;;;;x;
c_miscarcand;Мискарканд;;;;;;;;;;;;;x;
c_miscarcand_adj;Мискаркандск;;;;;;;;;;;;;x;
c_mistwach_adj;Туманнозаставск;;;;;;;;;;;;;x;
c_mistwatch;Туманная Застава;;;;;;;;;;;;;x;
c_mistwatch_adj;Туманнозаставск;;;;;;;;;;;;;x;
c_moesring;Моэсринг;;;;;;;;;;;;;x;
c_moesring_adj;Моэсрингск;;;;;;;;;;;;;x;
c_molagamur;Молаг Амур;;;;;;;;;;;;;x;
c_molagamur_adj;Молаг Амурск;;;;;;;;;;;;;x;
c_monain;Мерик;;;;;;;;;;;;;x;
c_monain_adj;Мерикск;;;;;;;;;;;;;x;
c_moonglade;Мунглейд;;;;;;;;;;;;;x;
c_moonglade_adj;Мунглейдск;;;;;;;;;;;;;x;
c_jathsogur;Джатсогур;;;;;;;;;;;;;x;
c_jathsogur_adj;Джатсогурск;;;;;;;;;;;;;x;
c_moonmont;Мунмонт;;;;;;;;;;;;;x;
c_moonmont_adj;Мунмонтск;;;;;;;;;;;;;x;
c_morahame;Морахейм;;;;;;;;;;;;;x;
c_morahame_adj;Морахеймск;;;;;;;;;;;;;x;
c_moranda;Моранда;;;;;;;;;;;;;x;
c_moranda_adj;Морандаск;;;;;;;;;;;;;x;
c_morthal;Морфал;;;;;;;;;;;;;x;
c_morthal_adj;Морфальск;;;;;;;;;;;;;x;
c_morvunskar;Морвунскар;;;;;;;;;;;;;x;
c_morvunskar_adj;Морвунскарск;;;;;;;;;;;;;x;
c_mothriva;Мотрива;;;;;;;;;;;;;x;
c_mothriva_adj;Мотривск;;;;;;;;;;;;;x;
c_mournoth;Хелра;;;;;;;;;;;;;x;
c_mournoth_adj;Хелраск;;;;;;;;;;;;;x;
c_mujum;Муджум;;;;;;;;;;;;;x;
c_mujum_adj;Муджумск;;;;;;;;;;;;;x;
c_muk;Мук;;;;;;;;;;;;;x;
c_muk_adj;Мукск;;;;;;;;;;;;;x;
c_murkwood;Мрачнолесье;;;;;;;;;;;;;x;
c_murkwood_adj;Мрачнолеск;;;;;;;;;;;;;x;
c_mus;Мус;;;;;;;;;;;;;x;
c_mus_adj;Муск;;;;;;;;;;;;;x;
c_musehir;Мусехир;;;;;;;;;;;;;x;
c_musehir_adj;Мусехирск;;;;;;;;;;;;;x;
c_musorfez;Масорфез;;;;;;;;;;;;;x;
c_musorfez_adj;Масорфезск;;;;;;;;;;;;;x;
c_muthada;Мутада;;;;;;;;;;;;;x;
c_muthada_adj;Мутадск;;;;;;;;;;;;;x;
c_myrmarsh;Мурмарш;;;;;;;;;;;;;x;
c_nagastani;Нагастани;;;;;;;;;;;;;x;
c_nagastani_adj;Нагастанийск;;;;;;;;;;;;;x;
c_nalsar;Налонга;;;;;;;;;;;;;x;
c_nalsar_adj;Налонгаск;;;;;;;;;;;;;x;
c_namien;Намиен;;;;;;;;;;;;;x;
c_namien_adj;Намиенск;;;;;;;;;;;;;x;
c_nanpong;Нанпонг;;;;;;;;;;;;;x;
c_nanpong_adj;Нанпонгск;;;;;;;;;;;;;x;
c_narasak;Нарасак;;;;;;;;;;;;;x;
c_narasak_adj;Нарасакск;;;;;;;;;;;;;x;
c_narrusa;Нарруса;;;;;;;;;;;;;x;
c_narrusa_adj;Нарруск;;;;;;;;;;;;;x;
c_narsis;Нарсис;;;;;;;;;;;;;x;
c_narsis_adj;Нарсийск;;;;;;;;;;;;;x;
c_naso;Насо;;;;;;;;;;;;;x;
c_naso_adj;Насойск;;;;;;;;;;;;;x;
c_nekeo;Некео;;;;;;;;;;;;;x;
c_nekeo_adj;Некеоск;;;;;;;;;;;;;x;
c_nequinal;Не Квин-аль;;;;;;;;;;;;;x;
c_nequinal_adj;Неквинальск;;;;;;;;;;;;;x;
c_nettleshin;Неттлшин;;;;;;;;;;;;;x;
c_nettleshin_adj;Неттлшинск;;;;;;;;;;;;;x;
c_neugrad;Нойград;;;;;;;;;;;;;x;
c_neugrad_adj;Нойградск;;;;;;;;;;;;;x;
c_nikel;Никель;;;;;;;;;;;;;x;
c_nikel_adj;Никельск;;;;;;;;;;;;;x;
c_nilheim;Нилхейм;;;;;;;;;;;;;x;
c_nilheim_adj;Нилхеймск;;;;;;;;;;;;;x;
c_nimbel;Нимбел;;;;;;;;;;;;;x;
c_nimbel_adj;Нимбелск;;;;;;;;;;;;;x;
c_nod;Нод;;;;;;;;;;;;;x;
c_nod_adj;Нодск;;;;;;;;;;;;;x;
c_nomore;Номор;;;;;;;;;;;;;x;
c_nomore_adj;Номорск;;;;;;;;;;;;;x;
c_nonwyll;Нонвилл;;;;;;;;;;;;;x;
c_nonwyll_adj;Нонвиллск;;;;;;;;;;;;;x;
c_normar;Нормар;;;;;;;;;;;;;x;
c_normar_adj;Нормарск;;;;;;;;;;;;;x;
c_nornalhorst;Норналхорст;;;;;;;;;;;;;x;
c_nornalhorst_adj;Норналхорстск;;;;;;;;;;;;;x;
c_northall;Северный Зал;;;;;;;;;;;;;x;
c_northall_adj;Севернозальск;;;;;;;;;;;;;x;
c_northmoor;Нортмур;;;;;;;;;;;;;x;
c_northmoor_adj;Нортмурск;;;;;;;;;;;;;x;
c_northpoint;Нортпойнт;;;;;;;;;;;;;x;
c_northpoint_adj;Нортпойнтск;;;;;;;;;;;;;x;
c_northspring;Нортспринг;;;;;;;;;;;;;x;
c_northspring_adj;Нортспрингск;;;;;;;;;;;;;x;
c_northwatch;Нортвотч;;;;;;;;;;;;;x;
c_northwatch_adj;Нортвотчск;;;;;;;;;;;;;x;
c_noulnok;Ноулнок;;;;;;;;;;;;;x;
c_noulnok_adj;Ноулнокск;;;;;;;;;;;;;x;
c_nuak;Нуак;;;;;;;;;;;;;x;
c_nuak_adj;Нуакск;;;;;;;;;;;;;x;
c_nurak;Нурак;;;;;;;;;;;;;x;
c_nurak_adj;Нуракск;;;;;;;;;;;;;x;
c_odhisar;Одхисар;;;;;;;;;;;;;x;
c_odhisar_adj;Одхисарск;;;;;;;;;;;;;x;
c_oee;Ои;;;;;;;;;;;;;x;
c_oee_adj;Оиск;;;;;;;;;;;;;x;
c_ofusu;Офусу;;;;;;;;;;;;;x;
c_ofusu_adj;Офуск;;;;;;;;;;;;;x;
c_ohmes;Ом;;;;;;;;;;;;;x;
c_ohmes_adj;Омск;;;;;;;;;;;;;x;
c_ohukoa;Охукоа;;;;;;;;;;;;;x;
c_ohukoa_adj;Охукоаск;;;;;;;;;;;;;x;
c_oldgate;Старые Врата;;;;;;;;;;;;;x;
c_oldgate_adj;Старовратск;;;;;;;;;;;;;x;
c_oldkeep;Старая Крепость;;;;;;;;;;;;;x;
c_oldkeep_adj;Старокрепостьск;;;;;;;;;;;;;x;
c_oldport;Старый Порт;;;;;;;;;;;;;x;
c_oldport_adj;Старопортск;;;;;;;;;;;;;x;
c_olrenthis;Олрентис;;;;;;;;;;;;;x;
c_olrenthis_adj;Олрентиск;;;;;;;;;;;;;x;
c_olthrenis;Олтренис;;;;;;;;;;;;;x;
c_olthrenis_adj;Олтрениск;;;;;;;;;;;;;x;
c_omavel;Омавель;;;;;;;;;;;;;x;
c_omavel_adj;Омавельск;;;;;;;;;;;;;x;
c_omayni;Омауни;;;;;;;;;;;;;x;
c_omayni_adj;Омаунийск;;;;;;;;;;;;;x;
c_omnat;Ом Нат;;;;;;;;;;;;;x;
c_omnat_adj;Ом Натск;;;;;;;;;;;;;x;
c_omnia;Омниа;;;;;;;;;;;;;x;
c_omnia_adj;Омниаск;;;;;;;;;;;;;x;
c_ontus;Онтус;;;;;;;;;;;;;x;
c_ontus_adj;Онтуск;;;;;;;;;;;;;x;
c_oran;Оран;;;;;;;;;;;;;x;
c_oran_adj;Оранск;;;;;;;;;;;;;x;
c_orcrest;Оркрест;;;;;;;;;;;;;x;
c_orcrest_adj;Оркрестск;;;;;;;;;;;;;x;
c_oren;Орен;;;;;;;;;;;;;x;
c_oren_adj;Оренск;;;;;;;;;;;;;x;
c_orlais;Орлей;;;;;;;;;;;;;x;
c_orlais_adj;Орлейск;;;;;;;;;;;;;x;
c_ormanbod;Орманбод;;;;;;;;;;;;;x;
c_ormanbod_adj;Орманбодск;;;;;;;;;;;;;x;
c_orotheim;Оротхейм;;;;;;;;;;;;;x;
c_orotheim_adj;Оротхеймск;;;;;;;;;;;;;x;
c_firebrand;Файрбранд;;;;;;;;;;;;;x;
c_firebrand_adj;Файрбрандск;;;;;;;;;;;;;x;
c_orvault;Орвальт;;;;;;;;;;;;;x;
c_orvault_adj;Орвальтск;;;;;;;;;;;;;x;
c_ouada;Уада;;;;;;;;;;;;;x;
c_ouada_adj;Уадаск;;;;;;;;;;;;;x;
c_padomai;Падомай;;;;;;;;;;;;;x;
c_padomai_adj;Падомайск;;;;;;;;;;;;;x;
c_padomeic;Падомеик;;;;;;;;;;;;;x;
c_padomeic_adj;Падомеикск;;;;;;;;;;;;;x;
c_pakong;Па Конг;;;;;;;;;;;;;x;
c_pakong_adj;Па Конгск;;;;;;;;;;;;;x;
c_palepass;Белый Проход;;;;;;;;;;;;;x;
c_palepass_adj;Белопроходск;;;;;;;;;;;;;x;
c_panyat;Паниат;;;;;;;;;;;;;x;
c_panyat_adj;Паниатск;;;;;;;;;;;;;x;
c_papraya;Папрайя;;;;;;;;;;;;;x;
c_papraya_adj;Папрайск;;;;;;;;;;;;;x;
c_pedraha;Педраха;;;;;;;;;;;;;x;
c_pedraha_adj;Педрахск;;;;;;;;;;;;;x;
c_pekman;Пекман;;;;;;;;;;;;;x;
c_pekman_adj;Пекманск;;;;;;;;;;;;;x;
c_pelagiad;Пелагиад;;;;;;;;;;;;;x;
c_pelagiad_adj;Пелагиадск;;;;;;;;;;;;;x;
c_pellame;Пеллам;;;;;;;;;;;;;x;
c_pellame_adj;Пелламск;;;;;;;;;;;;;x;
c_pellsgate;Врата Пелла;;;;;;;;;;;;;x;
c_pellsgate_adj;Вратопеллск;;;;;;;;;;;;;x;
c_penmarch;Пенмарк;;;;;;;;;;;;;x;
c_penmarch_adj;Пенмаркск;;;;;;;;;;;;;x;
c_periandor;Периандор;;;;;;;;;;;;;x;
c_periandor_adj;Периандорск;;;;;;;;;;;;;x;
c_phuchang;Фу Чанг;;;;;;;;;;;;;x;
c_phuchang_adj;Фу Чангск;;;;;;;;;;;;;x;
c_pontu;Понту;;;;;;;;;;;;;x;
c_pontu_adj;Понтуйск;;;;;;;;;;;;;x;
c_portdun;Ручей Портдун;;;;;;;;;;;;;x;
c_portdun_adj;Ручьяпортдунск;;;;;;;;;;;;;x;
c_portneu;Портнеу;;;;;;;;;;;;;x;
c_portneu_adj;Портнеуск;;;;;;;;;;;;;x;
c_potidae;Потидае;;;;;;;;;;;;;x;
c_potidae_adj;Потидаеск;;;;;;;;;;;;;x;
c_prachata;Пракхата;;;;;;;;;;;;;x;
c_prachata_adj;Пракхатск;;;;;;;;;;;;;x;
c_praloris;Пралорис;;;;;;;;;;;;;x;
c_praloris_adj;Пралориск;;;;;;;;;;;;;x;
c_puchang;Пучанг;;;;;;;;;;;;;x;
c_puchang_adj;Пучангск;;;;;;;;;;;;;x;
c_pyrrahn;Пирран;;;;;;;;;;;;;x;
c_pyrrahn_adj;Пирранск;;;;;;;;;;;;;x;
c_qakhazan;Квахазан;;;;;;;;;;;;;x;
c_qakhazan_adj;Квахазан;;;;;;;;;;;;;x;
c_qao;Квао;;;;;;;;;;;;;x;
c_qaonaomi;Квао-Нао-Ми;;;;;;;;;;;;;x;
c_qaonaomi_adj;Квао-Нао-Мийск;;;;;;;;;;;;;x;
c_qao_adj;Кваоск;;;;;;;;;;;;;x;
c_qucal;Квукал;;;;;;;;;;;;;x;
c_qucal_adj;Квукалск;;;;;;;;;;;;;x;
c_quinrawl;Квин'роул;;;;;;;;;;;;;x;
c_quinrawl_adj;Квин'роулск;;;;;;;;;;;;;x;
c_quirion;Квирион;;;;;;;;;;;;;x;
c_quirion_adj;Квирионск;;;;;;;;;;;;;x;
c_qul;Квул;;;;;;;;;;;;;x;
c_qul_adj;Квулск;;;;;;;;;;;;;x;
c_qusar;Квусар;;;;;;;;;;;;;x;
c_qusar_adj;Квусарск;;;;;;;;;;;;;x;
c_radet;Радет;;;;;;;;;;;;;x;
c_radet_adj;Радетск;;;;;;;;;;;;;x;
c_raheen;Икерран;;;;;;;;;;;;;x;
c_raheen_adj;Икерранск;;;;;;;;;;;;;x;
c_rahira;Рахира;;;;;;;;;;;;;x;
c_rahira_adj;Рахираск;;;;;;;;;;;;;x;
c_rama;Рама;;;;;;;;;;;;;x;
c_rama_adj;Рамск;;;;;;;;;;;;;x;
c_ramling;Рамлинг;;;;;;;;;;;;;x;
c_ramling_adj;Рамлингск;;;;;;;;;;;;;x;
c_rammak;Раммак;;;;;;;;;;;;;x;
c_rammak_adj;Раммакск;;;;;;;;;;;;;x;
c_ranodo;Ран Одо;;;;;;;;;;;;;x;
c_ranodo_adj;Ран Одоск;;;;;;;;;;;;;x;
c_ranyonruhn;Ранион-Рун;;;;;;;;;;;;;x;
c_ranyonruhn_adj;Ранионск;;;;;;;;;;;;;x;
c_ratcharang;Ратчаранг;;;;;;;;;;;;;x;
c_ratcharang_adj;Ратчарангск;;;;;;;;;;;;;x;
c_ratchasima;Ратчасима;;;;;;;;;;;;;x;
c_ratchasima_adj;Ратчасимск;;;;;;;;;;;;;x;
c_ratchata;Ратчата;;;;;;;;;;;;;x;
c_ratchata_adj;Ратчатск;;;;;;;;;;;;;x;
c_ravan;Раван;;;;;;;;;;;;;x;
c_ravan_adj;Раванск;;;;;;;;;;;;;x;
c_ravenscar;Рейвенскар;;;;;;;;;;;;;x;
c_ravenscar_adj;Рейвенскарск;;;;;;;;;;;;;x;
c_ravenspring;Вороний Источник;;;;;;;;;;;;;x;
c_ravenspring_adj;Воронеисточникск;;;;;;;;;;;;;x;
c_rayles;Рейлес;;;;;;;;;;;;;x;
c_rayles_adj;Рейлесск;;;;;;;;;;;;;x;
c_reachcliff;Ричклифф;;;;;;;;;;;;;x;
c_reachcliff_adj;Ричклиффск;;;;;;;;;;;;;x;
c_redman;Редман;;;;;;;;;;;;;x;
c_redman_adj;Редманск;;;;;;;;;;;;;x;
c_redmountain;Красная Гора;;;;;;;;;;;;;x;
c_redmountain_adj;Красногорск;;;;;;;;;;;;;x;
c_redruby;Красный Рубин;;;;;;;;;;;;;x;
c_redruby_adj;Краснорубинск;;;;;;;;;;;;;x;
c_redwater;Красная Вода;;;;;;;;;;;;;x;
c_redwater_adj;Красноводск;;;;;;;;;;;;;x;
c_rex;Рекс;;;;;;;;;;;;;x;
c_rex_adj;Рексийск;;;;;;;;;;;;;x;
c_rhanano;Рханано;;;;;;;;;;;;;x;
c_rhanano_adj;Рхананоск;;;;;;;;;;;;;x;
c_rhasafan;Рхасафан;;;;;;;;;;;;;x;
c_rhasafan_adj;Рхасафанск;;;;;;;;;;;;;x;
c_riften;Рифтен;;;;;;;;;;;;;x;
c_riften_adj;Рифтенск;;;;;;;;;;;;;x;
c_rihad;Рихад;;;;;;;;;;;;;x;
c_rihad_adj;Рихадск;;;;;;;;;;;;;x;
c_rimmen;Риммен;;;;;;;;;;;;;x;
c_rimmen_adj;Римменск;;;;;;;;;;;;;x;
c_rimwatch;Римвотч;;;;;;;;;;;;;x;
c_rimwatch_adj;Римвотчск;;;;;;;;;;;;;x;
c_riverbrige_adj;Ривербриджск;;;;;;;;;;;;;x;
c_riverfield;Риверфилд;;;;;;;;;;;;;x;
c_riverfield_adj;Риверфилдск;;;;;;;;;;;;;x;
c_riverhold;Риверхолд;;;;;;;;;;;;;x;
c_riverhold_adj;Риверхолдск;;;;;;;;;;;;;x;
c_riverkeep;Речная Крепость;;;;;;;;;;;;;x;
c_riverkeep_adj;Речнокрепостьск;;;;;;;;;;;;;x;
c_riverpoint;Риверпойнт;;;;;;;;;;;;;x;
c_riverpoint_adj;Риверпойнтск;;;;;;;;;;;;;x;
c_riverwalk;Ривервалк;;;;;;;;;;;;;x;
c_riverwalk_adj;Ривервалкск;;;;;;;;;;;;;x;
c_riverwatch;Речной Дозор;;;;;;;;;;;;;x;
c_riverwatch_adj;Речнодозорск;;;;;;;;;;;;;x;
c_riverwood;Ривервуд;;;;;;;;;;;;;x;
c_riverwood_adj;Ривервудск;;;;;;;;;;;;;x;
c_rkund;Дарклайт;;;;;;;;;;;;;x;
c_rkund_adj;Дарклайтск;;;;;;;;;;;;;x;
c_roa_adj;Роаск;;;;;;;;;;;;;x;
c_rockgrove;Рокгроув;;;;;;;;;;;;;x;
c_rockgrove_adj;Рокгроувск;;;;;;;;;;;;;x;
c_rockguard;Рокгард;;;;;;;;;;;;;x;
c_rockguard_adj;Рокгардск;;;;;;;;;;;;;x;
c_rockpark;Скалистый Парк;;;;;;;;;;;;;x;
c_rockpark_adj;Скалистый Паркск;;;;;;;;;;;;;x;
c_rockpoint;Рокпойнт;;;;;;;;;;;;;x;
c_rockpoint_adj;Рокпойнтск;;;;;;;;;;;;;x;
c_rockspring;Скальный Источник;;;;;;;;;;;;;x;
c_rockspring_adj;Скальноисточникск;;;;;;;;;;;;;x;
c_roebeck;Робек;;;;;;;;;;;;;x;
c_roebeck_adj;Робекск;;;;;;;;;;;;;x;
c_rorikstead;Рорикстед;;;;;;;;;;;;;x;
c_rorikstead_adj;Рорикстедск;;;;;;;;;;;;;x;
c_roscrea;Унисфолл;;;;;;;;;;;;;x;
c_roscrea_adj;Унисфоллск;;;;;;;;;;;;;x;
c_rosefield;Роузфилд;;;;;;;;;;;;;x;
c_rosefield_adj;Роузфилдск;;;;;;;;;;;;;x;
c_roseguard;Роузгард;;;;;;;;;;;;;x;
c_roseguard_adj;Роузгардск;;;;;;;;;;;;;x;
c_roukad;Роукад;;;;;;;;;;;;;x;
c_roukad_adj;Роукадск;;;;;;;;;;;;;x;
c_rourken;Абах;;;;;;;;;;;;;x;
c_rourken_adj;Абахск;;;;;;;;;;;;;x;
c_royan_adj;Ройанск;;;;;;;;;;;;;x;
c_saarthal_adj;Саарталск;;;;;;;;;;;;;x;
c_sabatra;Сабатра;;;;;;;;;;;;;x;
c_sabatra_adj;Сабатрск;;;;;;;;;;;;;x;
c_sabirabad;Сабирабад;;;;;;;;;;;;;x;
c_sabirabad_adj;Сабирабадск;;;;;;;;;;;;;x;
c_sadas;Садас;;;;;;;;;;;;;x;
c_sadas_adj;Садаск;;;;;;;;;;;;;x;
c_sagoon;Сагун;;;;;;;;;;;;;x;
c_sagoon_adj;Сагунск;;;;;;;;;;;;;x;
c_sagos;Сагос;;;;;;;;;;;;;x;
c_sagos_adj;Сагосианск;;;;;;;;;;;;;x;
c_saif;Саиф;;;;;;;;;;;;;x;
c_saif_adj;Саифск;;;;;;;;;;;;;x;
c_saimsil;Саймсил;;;;;;;;;;;;;x;
c_saimsil_adj;Саймсилск;;;;;;;;;;;;;x;
c_salenvulgate;Сайлен;;;;;;;;;;;;;x;
c_salenvulgate_adj;Сайленск;;;;;;;;;;;;;x;
c_samagri;Самагри;;;;;;;;;;;;;x;
c_samagri_adj;Самагриск;;;;;;;;;;;;;x;
c_samahya;Самахия;;;;;;;;;;;;;x;
c_samahya_adj;Самахийск;;;;;;;;;;;;;x;
c_samara;Самара;;;;;;;;;;;;;x;
c_samara_adj;Самарск;;;;;;;;;;;;;x;
c_samon;Самон;;;;;;;;;;;;;x;
c_samon_adj;Самонск;;;;;;;;;;;;;x;
c_samorfez;Саморфез;;;;;;;;;;;;;x;
c_samorfez_adj;Саморфезск;;;;;;;;;;;;;x;
c_sananthaburi;Санантабури;;;;;;;;;;;;;x;
c_sananthaburi_adj;Санантабурийск;;;;;;;;;;;;;x;
c_sancretor;Санкр Тор;;;;;;;;;;;;;x;
c_sancretor_adj;Санкр Торск;;;;;;;;;;;;;x;
c_santaki;Сантаки;;;;;;;;;;;;;x;
c_santaki_adj;Сантакийск;;;;;;;;;;;;;x;
c_saray;Сарай;;;;;;;;;;;;;x;
c_saray_adj;Сарайск;;;;;;;;;;;;;x;
c_sarcal;Саркал;;;;;;;;;;;;;x;
c_sarcal_adj;Саркалск;;;;;;;;;;;;;x;
c_sarvanni;Сарванни;;;;;;;;;;;;;x;
c_sarvanni_adj;Сарваннийск;;;;;;;;;;;;;x;
c_scinia;Скиния;;;;;;;;;;;;;x;
c_scinia_adj;Скинийск;;;;;;;;;;;;;x;
c_seafalls;Сифоллс;;;;;;;;;;;;;x;
c_seafalls_adj;Сифоллск;;;;;;;;;;;;;x;
c_seakeep;Морская Крепость;;;;;;;;;;;;;x;
c_seakeep_adj;Морскокрепостьск;;;;;;;;;;;;;x;
c_seamist;Симист;;;;;;;;;;;;;x;
c_seamist_adj;Симистск;;;;;;;;;;;;;x;
c_seaspring;Морской Источник;;;;;;;;;;;;;x;
c_seaspring_adj;Морскоисточникск;;;;;;;;;;;;;x;
c_secula;Секула;;;;;;;;;;;;;x;
c_secula_adj;Секулск;;;;;;;;;;;;;x;
c_sednar;Седнар;;;;;;;;;;;;;x;
c_sednar_adj;Седнарск;;;;;;;;;;;;;x;
c_sedor;Седор;;;;;;;;;;;;;x;
c_sedor_adj;Седорск;;;;;;;;;;;;;x;
c_sehul;Сехул;;;;;;;;;;;;;x;
c_sehul_adj;Сехулск;;;;;;;;;;;;;x;
c_sejanus;Сеянус;;;;;;;;;;;;;x;
c_sejanus_adj;Сеянуск;;;;;;;;;;;;;x;
c_senchal;Сенчал;;;;;;;;;;;;;x;
c_senchal_adj;Сенчалск;;;;;;;;;;;;;x;
c_sentinel;Сентинель;;;;;;;;;;;;;x;
c_sentinel_adj;Сентинельск;;;;;;;;;;;;;x;
c_sercen;Серсен;;;;;;;;;;;;;x;
c_sercen_adj;Серсенск;;;;;;;;;;;;;x;
c_serothan;Серотан;;;;;;;;;;;;;x;
c_serothan_adj;Серотанск;;;;;;;;;;;;;x;
c_severa;Севера;;;;;;;;;;;;;x;
c_severa_adj;Севераск;;;;;;;;;;;;;x;
c_shademarsh;Шейдмарш;;;;;;;;;;;;;x;
c_shademarsh_adj;Шейдмаршск;;;;;;;;;;;;;x;
c_shadowsrest;Приют Теней;;;;;;;;;;;;;x;
c_shadowsrest_adj;Приютотенейск;;;;;;;;;;;;;x;
c_shadymarch;Антифиллос;;;;;;;;;;;;;x;
c_shadymarch_adj;Антифиллосск;;;;;;;;;;;;;x;
c_shadysands;Шейди-Сендс;;;;;;;;;;;;;x;
c_shadysands_adj;Шейди-Сендск;;;;;;;;;;;;;x;
c_shalgora;Шалгора;;;;;;;;;;;;;x;
c_shalgora_adj;Шалгорск;;;;;;;;;;;;;x;
c_shaoue;Шао Юе;;;;;;;;;;;;;x;
c_shaoue_adj;Шао Юеск;;;;;;;;;;;;;x;
c_shansin;Шансин;;;;;;;;;;;;;x;
c_shansin_adj;Шансинск;;;;;;;;;;;;;x;
c_shardrock;Скальные Осколки;;;;;;;;;;;;;x;
c_shardrock_adj;Скальноосколкск;;;;;;;;;;;;;x;
c_sharnhelm;Шорнхельм;;;;;;;;;;;;;x;
c_sharnhelm_adj;Шорнхельмск;;;;;;;;;;;;;x;
c_sharur;Шарур;;;;;;;;;;;;;x;
c_sharur_adj;Шарурск;;;;;;;;;;;;;x;
c_shatterwood;Шаттервуд;;;;;;;;;;;;;x;
c_shatterwood_adj;Шаттервудск;;;;;;;;;;;;;x;
c_shayfan;Шайфан;;;;;;;;;;;;;x;
c_shayfan_adj;Шайфанск;;;;;;;;;;;;;x;
c_shearpoint;Двуглавый Пик;;;;;;;;;;;;;x;
c_shearpoint_adj;Двуглавопикск;;;;;;;;;;;;;x;
c_shearstone;Шерстон;;;;;;;;;;;;;;x
c_sheogorad;Шигорад;;;;;;;;;;;;;x;
c_sheogorad_adj;Шигорадск;;;;;;;;;;;;;x;
c_shieldwall;Шилдвалл;;;;;;;;;;;;;x;
c_shieldwall_adj;Шилдваллск;;;;;;;;;;;;;x;
c_shimmerene;Шиммерин;;;;;;;;;;;;;x;
c_shimmerene_adj;Шиммеринск;;;;;;;;;;;;;x;
c_shorstone;Камень Шора;;;;;;;;;;;;;x;
c_shorstone_adj;Камнешорск;;;;;;;;;;;;;x;
c_shuobi;Шуоби;;;;;;;;;;;;;x;
c_shuobi_adj;Шуобийск;;;;;;;;;;;;;x;
c_shuyurru;Шаурру;;;;;;;;;;;;;x;
c_shuyurru_adj;Шаурруск;;;;;;;;;;;;;x;
c_sigpuan;Сигпуан;;;;;;;;;;;;;x;
c_sigpuan_adj;Сигпуанск;;;;;;;;;;;;;x;
c_silgrad;Силград;;;;;;;;;;;;;x;
c_silgrad_adj;Силградск;;;;;;;;;;;;;x;
c_silnion;Силнион;;;;;;;;;;;;;x;
c_silnion_adj;Силнионск;;;;;;;;;;;;;x;
c_silorn;Силорн;;;;;;;;;;;;;x;
c_silorn_adj;Силорнск;;;;;;;;;;;;;x;
c_silvenar;Сильвенар;;;;;;;;;;;;;x;
c_silvenar_adj;Сильвенарск;;;;;;;;;;;;;x;
c_silverwood;Серебряный Лес;;;;;;;;;;;;;x;
c_silverwood_adj;Серебрянолеск;;;;;;;;;;;;;x;
c_siman;Симан;;;;;;;;;;;;;x;
c_siman_adj;Симанск;;;;;;;;;;;;;x;
c_simia;Симиа;;;;;;;;;;;;;x;
c_simia_adj;Симийск;;;;;;;;;;;;;x;
c_sinak;Синак;;;;;;;;;;;;;x;
c_sinak_adj;Синакск;;;;;;;;;;;;;x;
c_sisao;Сисао;;;;;;;;;;;;;x;
c_sisao_adj;Сисаоск;;;;;;;;;;;;;x;
c_sivabakir;Сивабакир;;;;;;;;;;;;;x;
c_sivabakir_adj;Сивабакирск;;;;;;;;;;;;;x;
c_sivera;Сивера;;;;;;;;;;;;;x;
c_sivera_adj;Сиверск;;;;;;;;;;;;;x;
c_siwesi;Сивеси;;;;;;;;;;;;;x;
c_siwesi_adj;Сивесийск;;;;;;;;;;;;;x;
c_skaal;Скаал;;;;;;;;;;;;;x;
c_skaal_adj;Скаалск;;;;;;;;;;;;;x;
c_skaven;Скавен;;;;;;;;;;;;;x;
c_skaven_adj;Скавенск;;;;;;;;;;;;;x;
c_skingrad;Скинград;;;;;;;;;;;;;x;
c_skingrad_adj;Скинградск;;;;;;;;;;;;;x;
c_skyborn;Скайборн;;;;;;;;;;;;;x;
c_skyborn_adj;Скайборнск;;;;;;;;;;;;;x;
c_skyshroud;Небесный Саван;;;;;;;;;;;;;x;
c_skyshroud_adj;Небесный Саван;;;;;;;;;;;;;x;
c_skywatch;Скайвотч;;;;;;;;;;;;;x;
c_skywatch_adj;Скайвотчск;;;;;;;;;;;;;x;
c_snapvine;Снапвайн;;;;;;;;;;;;;x;
c_snapvine_adj;Снапвайнск;;;;;;;;;;;;;x;
c_snowhawk;Сноухок;;;;;;;;;;;;;x;
c_snowhawk_adj;Сноухокск;;;;;;;;;;;;;x;
c_sodor;Содор;;;;;;;;;;;;;x;
c_sodor_adj;Содорск;;;;;;;;;;;;;x;
c_soggi;Согги;;;;;;;;;;;;;x;
c_soggi_adj;Соггиск;;;;;;;;;;;;;x;
c_solitude;Солитьюд;;;;;;;;;;;;;x;
c_solitude_adj;Солитьюдск;;;;;;;;;;;;;x;
c_soluthis;Солютис;;;;;;;;;;;;;x;
c_soluthis_adj;Солютиск;;;;;;;;;;;;;x;
c_sonnen;Соннен;;;;;;;;;;;;;x;
c_sonnen_adj;Сонненск;;;;;;;;;;;;;x;
c_sora;Сора;;;;;;;;;;;;;x;
c_sora_adj;Сораск;;;;;;;;;;;;;x;
c_sothasil;Сота Сил;;;;;;;;;;;;;x;
c_sothasil_adj;Сота Силск;;;;;;;;;;;;;x;
c_soulasul;Соул-Асул;;;;;;;;;;;;;x;
c_soulasul_adj;Соул-Асулск;;;;;;;;;;;;;x;
c_soulrest;Соулрест;;;;;;;;;;;;;x;
c_soulrest_adj;Соулрестск;;;;;;;;;;;;;x;
c_sourange;Сурейндж;;;;;;;;;;;;;x;
c_sourange_adj;Сурейнджск;;;;;;;;;;;;;x;
c_southisle;Валенпорт;;;;;;;;;;;;;x;
c_southisle_adj;Валенпортск;;;;;;;;;;;;;x;
c_southpoint;Саутпойнт;;;;;;;;;;;;;x;
c_southpoint_adj;Саутпойнтск;;;;;;;;;;;;;x;
c_southsea;Саутси;;;;;;;;;;;;;x;
c_southsea_adj;Саутсийск;;;;;;;;;;;;;x;
c_stirk;Стирк;;;;;;;;;;;;;x;
c_stirk_adj;Стиркск;;;;;;;;;;;;;x;
c_stonedale;Каменная Долина;;;;;;;;;;;;;x;
c_stonedale_adj;Каменнодолинск;;;;;;;;;;;;;x;
c_stonefall;Стоунфолл;;;;;;;;;;;;;x;
c_stonefall_adj;Стоунфолл;;;;;;;;;;;;;x;
c_stonemoor;Стоунмур;;;;;;;;;;;;;x;
c_stonemoor_adj;Стоунмурск;;;;;;;;;;;;;x;
c_stonewastes;Стоунвейстес;;;;;;;;;;;;;x;
c_stonewastes_adj;Стоунвейстеск;;;;;;;;;;;;;x;
c_stormhold;Штормхолд;;;;;;;;;;;;;x;
c_stormhold_adj;Штормхолдск;;;;;;;;;;;;;x;
c_strand;Странд;;;;;;;;;;;;;x;
c_strand_adj;Страндск;;;;;;;;;;;;;x;
c_strosmkai;Строс М'Кай;;;;;;;;;;;;;x;
c_strosmkai_adj;Строс М'Кайск;;;;;;;;;;;;;x;
c_sumyaw;Самуав;;;;;;;;;;;;;x;
c_sumyaw_adj;Самуавск;;;;;;;;;;;;;x;
c_sun;Солнце;;;;;;;;;;;;;x;
c_sundercliff;Расколотый Утёс;;;;;;;;;;;;;x;
c_sundercliff_adj;Расколоутёск;;;;;;;;;;;;;x;
c_sunderstone;Сандерстоун;;;;;;;;;;;;;x;
c_sunderstone_adj;Сандерстоунск;;;;;;;;;;;;;x;
c_sungard;Сангард;;;;;;;;;;;;;x;
c_sungard_adj;Сангардск;;;;;;;;;;;;;x;
c_sunhold;Санхолд;;;;;;;;;;;;;x;
c_sunhold_adj;Санхолдск;;;;;;;;;;;;;x;
c_sunkeep;Солнечная Крепость;;;;;;;;;;;;;x;
c_sunkeep_adj;Солнечнокрепостьск;;;;;;;;;;;;;x;
c_sun_adj;Санск;;;;;;;;;;;;;x;
c_suolasul;Сиуол-Асил Юилир;;;;;;;;;;;;;x;
c_suran;Суран;;;;;;;;;;;;;x;
c_suran_adj;Суранск;;;;;;;;;;;;;x;
c_surakota;Суракота;;;;;;;;;;;;;x;
c_surakota_adj;Суракотск;;;;;;;;;;;;;x;
c_suratra;Суратра;;;;;;;;;;;;;x;
c_suratra_adj;Суратрск;;;;;;;;;;;;;x;
c_surinang;Суринанг;;;;;;;;;;;;;x;
c_surinang_adj;Суринангск;;;;;;;;;;;;;x;
c_surkh;Суркх;;;;;;;;;;;;;x;
c_surkh_adj;Суркхск;;;;;;;;;;;;;x;
c_sutch;Сатч;;;;;;;;;;;;;x;
c_sutch_adj;Сатчск;;;;;;;;;;;;;x;
c_syut;Суат;;;;;;;;;;;;;x;
c_syut_adj;Суатск;;;;;;;;;;;;;x;
c_tadesa;Тадеса;;;;;;;;;;;;;x;
c_tadesa_adj;Тадеск;;;;;;;;;;;;;x;
c_taku;Таку;;;;;;;;;;;;;x;
c_taku_adj;Такуск;;;;;;;;;;;;;x;
c_takuathaburi;Такуатабури;;;;;;;;;;;;;x;
c_takuathaburi_adj;Такуатабурийск;;;;;;;;;;;;;x;
c_talesafan;Талескан;;;;;;;;;;;;;x;
c_talesafan_adj;Талесканск;;;;;;;;;;;;;x;
c_taneth;Танет;;;;;;;;;;;;;x;
c_taneth_adj;Танетск;;;;;;;;;;;;;x;
c_tanghet;Тангхет;;;;;;;;;;;;;x;
c_tanghet_adj;Тангхетск;;;;;;;;;;;;;x;
c_tangmo;Танг Мо;;;;;;;;;;;;;x;
c_tangmo_adj;Танг Моск;;;;;;;;;;;;;x;
c_tangon;Танг Он;;;;;;;;;;;;;x;
c_tangon_adj;Танг Онск;;;;;;;;;;;;;x;
c_tangyala;Танг Яла;;;;;;;;;;;;;x;
c_tangyala_adj;Танг Ялск;;;;;;;;;;;;;x;
c_tardorn_adj;Тардорнск;;;;;;;;;;;;;x;
c_tarlain;Тарлайн;;;;;;;;;;;;;x;
c_tarlain_adj;Тарлайнск;;;;;;;;;;;;;x;
c_tarshehir;Таршехир;;;;;;;;;;;;;x;
c_tarshehir_adj;Таршехирск;;;;;;;;;;;;;x;
c_tasikku;Тасикку;;;;;;;;;;;;;x;
c_tasikku_adj;Тасиккуск;;;;;;;;;;;;;x;
c_tasikwa;Тасиква;;;;;;;;;;;;;x;
c_tasikwa_adj;Тасикваск;;;;;;;;;;;;;x;
c_tear;Тир;;;;;;;;;;;;;x;
c_tear_adj;Тирск;;;;;;;;;;;;;x;
c_tekirzan;Текирзан;;;;;;;;;;;;;x;
c_tekirzan_adj;Текирзанск;;;;;;;;;;;;;x;
c_telansi;Тель Анси;;;;;;;;;;;;;x;
c_telansi_adj;Тельансийск;;;;;;;;;;;;;x;
c_teleman;Телеман;;;;;;;;;;;;;x;
c_teleman_adj;Телеманск;;;;;;;;;;;;;x;
c_telvannis;Телваннис;;;;;;;;;;;;;x;
c_temamir;Темамир;;;;;;;;;;;;;x;
c_temamir_adj;Темамирск;;;;;;;;;;;;;x;
c_tenmar;Тенмар;;;;;;;;;;;;;x;
c_tenmarwall;Тенмарвалл;;;;;;;;;;;;;x;
c_tenmarwall_adj;Тенмарваллск;;;;;;;;;;;;;x;
c_tenmar_adj;Тенмарск;;;;;;;;;;;;;x;
c_teth;Тетх;;;;;;;;;;;;;x;
c_teth_adj;Тетхск;;;;;;;;;;;;;x;
c_thanmo;Тан Мо;;;;;;;;;;;;;x;
c_thanmo_adj;Тан Моск;;;;;;;;;;;;;x;
c_thanyacharan;Таниачаран;;;;;;;;;;;;;x;
c_thanyacharan_adj;Таниачаранск;;;;;;;;;;;;;x;
c_tharong;Таронг;;;;;;;;;;;;;x;
c_tharong_adj;Таронгск;;;;;;;;;;;;;x;
c_thayala;Тхаяала;;;;;;;;;;;;;x;
c_thayala_adj;Тхаяалск;;;;;;;;;;;;;x;
c_thebadlands;Бадлендс;;;;;;;;;;;;;x;
c_thebadlands_adj;Бадлендск;;;;;;;;;;;;;x;
c_thechain_adj;Чейнск;;;;;;;;;;;;;x;
c_thenim;Теним;;;;;;;;;;;;;x;
c_thenim_adj;Тенимск;;;;;;;;;;;;;x;
c_thir;Тайр;;;;;;;;;;;;;x;
c_thir_adj;Тайрск;;;;;;;;;;;;;x;
c_thorheim;Торхейм;;;;;;;;;;;;;x;
c_thorheim_adj;Торхеймск;;;;;;;;;;;;;x;
c_thorkan;Торкан;;;;;;;;;;;;;x;
c_thorkan_adj;Торканск;;;;;;;;;;;;;x;
c_thormar;Тормар;;;;;;;;;;;;;x;
c_thormar_adj;Тормарск;;;;;;;;;;;;;x;
c_thorn;Торн;;;;;;;;;;;;;x;
c_thornwall;Торнвалл;;;;;;;;;;;;;x;
c_thornwall_adj;Торнваллск;;;;;;;;;;;;;x;
c_thorn_adj;Торнск;;;;;;;;;;;;;x;
c_thorstad;Торстад;;;;;;;;;;;;;x;
c_thorstad_adj;Торстадск;;;;;;;;;;;;;x;
c_tilang;Тиланг;;;;;;;;;;;;;x;
c_tilang_adj;Тилангск;;;;;;;;;;;;;x;
c_tilui;Тилуй;;;;;;;;;;;;;x;
c_tilui_adj;Тилуйск;;;;;;;;;;;;;x;
c_tigon;Тагон;;;;;;;;;;;;;x;
c_tigon_adj;Тагонск;;;;;;;;;;;;;x;
c_tigonus;Тигонус;;;;;;;;;;;;;x;
c_tigonus_adj;Тигонуск;;;;;;;;;;;;;x;
c_tiguna;Тигуна;;;;;;;;;;;;;x;
c_tiguna_adj;Тигунаск;;;;;;;;;;;;;x;
c_timberwatch;Тимбервотч;;;;;;;;;;;;;x;
c_timberwatch_adj;Тимбервотчск;;;;;;;;;;;;;x;
c_tisat;Тисат;;;;;;;;;;;;;x;
c_tisat_adj;Тисатск;;;;;;;;;;;;;x;
c_toadstool;Тоадстул;;;;;;;;;;;;;x;
c_toadstool_adj;Тоадстул;;;;;;;;;;;;;;
c_topal;Топал;;;;;;;;;;;;;x;
c_topalbay_adj;Топальск;;;;;;;;;;;;;x;
c_topal_adj;Топальск;;;;;;;;;;;;;x;
c_torval;Торвал;;;;;;;;;;;;;x;
c_torval_adj;Торвалск;;;;;;;;;;;;;x;
c_totambu;Тотамбу;;;;;;;;;;;;;x;
c_totambu_adj;Тотамбск;;;;;;;;;;;;;x;
c_totoshi_adj;Тотошийск;;;;;;;;;;;;;x;
c_towesi;Товеси;;;;;;;;;;;;;x;
c_towesi_adj;Товесийск;;;;;;;;;;;;;x;
c_trumbe;Трамб;;;;;;;;;;;;;x;
c_trumbe_adj;Трамбск;;;;;;;;;;;;;x;
c_tul;Иул;;;;;;;;;;;;;x;
c_tulla;Кронан;;;;;;;;;;;;;x;
c_tulla_adj;Кронанск;;;;;;;;;;;;;x;
c_tulune;Тулун;;;;;;;;;;;;;x;
c_tulune_adj;Тулунск;;;;;;;;;;;;;x;
c_tul_adj;Тулск;;;;;;;;;;;;;x;
c_ubuntu;Убунту;;;;;;;;;;;;;x;
c_ubuntu_adj;Убунтуск;;;;;;;;;;;;;x;
c_udonbueng;Удон Буенг;;;;;;;;;;;;;x;
c_udonbueng_adj;Удон Буенгск;;;;;;;;;;;;;x;
c_udonthani;Удон Тхани;;;;;;;;;;;;;x;
c_udonthani_adj;Удон Тханийск;;;;;;;;;;;;;x;
c_underpall;Андерпалл;;;;;;;;;;;;;x;
c_underpall_adj;Андерпаллск;;;;;;;;;;;;;x;
c_uradas;Урадас;;;;;;;;;;;;;x;
c_uradas_adj;Урадаск;;;;;;;;;;;;;x;
c_urasek;Урасек;;;;;;;;;;;;;x;
c_urasek_adj;Урасекск;;;;;;;;;;;;;x;
c_urvaius;Урваиус;;;;;;;;;;;;;x;
c_urvaius_adj;Урваиуск;;;;;;;;;;;;;x;
c_usabul;Усабул;;;;;;;;;;;;;x;
c_usabul_adj;Усабулск;;;;;;;;;;;;;x;
c_ustungrav;Устенгрев;;;;;;;;;;;;;x;
c_ustungrav_adj;Устенгревск;;;;;;;;;;;;;x;
c_uveran;Уверан;;;;;;;;;;;;;x;
c_uveran_adj;Уверанск;;;;;;;;;;;;;x;
c_vahtacen;Ватакен;;;;;;;;;;;;;x;
c_vahtacen_adj;Ватакенск;;;;;;;;;;;;;x;
c_valental;Валентал;;;;;;;;;;;;;x;
c_valental_adj;Валенталск;;;;;;;;;;;;;x;
c_vulkwasten;Вулквастен;;;;;;;;;;;;;x;
c_vulkwasten_adj;Вулквастенск;;;;;;;;;;;;;x;
c_vallas;Валлас;;;;;;;;;;;;;x;
c_vallas_adj;Валласк;;;;;;;;;;;;;x;
c_valleygard;Валлигард;;;;;;;;;;;;;x;
c_valleygard_adj;Валлигардск;;;;;;;;;;;;;x;
c_valtheim;Валтейм;;;;;;;;;;;;;x;
c_valtheim_adj;Валтеймск;;;;;;;;;;;;;x;
c_valus;Валус;;;;;;;;;;;;;x;
c_valus_adj;Валуск;;;;;;;;;;;;;x;
c_vangra;Вангра;;;;;;;;;;;;;x;
c_vangra_adj;Ванграск;;;;;;;;;;;;;x;
c_vanseri;Вансери;;;;;;;;;;;;;x;
c_vanseri_adj;Вансерийск;;;;;;;;;;;;;x;
c_vanya;Вануя;;;;;;;;;;;;;x;
c_vanya_adj;Вануйск;;;;;;;;;;;;;x;
c_varanis;Варанис;;;;;;;;;;;;;x;
c_varanis_adj;Вараниск;;;;;;;;;;;;;x;
c_variela;Вариэла;;;;;;;;;;;;;x;
c_variela_adj;Вариэлск;;;;;;;;;;;;;x;
c_varondo;Варондо;;;;;;;;;;;;;x;
c_varondo_adj;Варондоск;;;;;;;;;;;;;x;
c_varro;Варро;;;;;;;;;;;;;x;
c_varro_adj;Варроск;;;;;;;;;;;;;x;
c_varus;Варус;;;;;;;;;;;;;x;
c_varus_adj;Варуск;;;;;;;;;;;;;x;
c_vashab;Вашаб;;;;;;;;;;;;;x;
c_vashab_adj;Вашабск;;;;;;;;;;;;;x;
c_vaspung;Васпунг;;;;;;;;;;;;;x;
c_vaspung_adj;Васпунгск;;;;;;;;;;;;;x;
c_vaswa;Васва;;;;;;;;;;;;;x;
c_vaswa_adj;Васва;;;;;;;;;;;;;x;
c_vataek;Ватаек;;;;;;;;;;;;;x;
c_vataek_adj;Ватаекск;;;;;;;;;;;;;x;
c_vatak;Ватак;;;;;;;;;;;;;x;
c_vatak_adj;Ватакск;;;;;;;;;;;;;x;
c_vath;Ватхи;;;;;;;;;;;;;x;
c_vath_adj;Ватхиск;;;;;;;;;;;;;x;
c_veldspar;Велдспар;;;;;;;;;;;;;x;
c_veldspar_adj;Велдспарск;;;;;;;;;;;;;x;
c_velothis;Велотис;;;;;;;;;;;;;x;
c_velothis_adj;Велотисианск;;;;;;;;;;;;;x;
c_vengevine;Венджвайн;;;;;;;;;;;;;x;
c_vengevine_adj;Венджвайнск;;;;;;;;;;;;;x;
c_verkarth;Веркарт;;;;;;;;;;;;;x;
c_verkarthh;Холмы Веркарт;;;;;;;;;;;;;x;
c_verkarthh_adj;Холмовверкартск;;;;;;;;;;;;;x;
c_verkarth_adj;Веркартск;;;;;;;;;;;;;x;
c_vesilon;Весилон;;;;;;;;;;;;;x;
c_vesilon_adj;Весилонск;;;;;;;;;;;;;x;
c_veyond;Вейонд;;;;;;;;;;;;;x;
c_veyond_adj;Вейондск;;;;;;;;;;;;;x;
c_vilverin;Вилверин;;;;;;;;;;;;;x;
c_vilverin_adj;Вилверинск;;;;;;;;;;;;;x;
c_vindasel;Виндасель;;;;;;;;;;;;;x;
c_vindasel_adj;Виндасельск;;;;;;;;;;;;;x;
c_vinewall;Вайнволл;;;;;;;;;;;;;x;
c_vinewall_adj;Вайнволлск;;;;;;;;;;;;;x;
c_viplam;Виплам;;;;;;;;;;;;;x;
c_viplam_adj;Випламск;;;;;;;;;;;;;x;
c_virtue;Добродетель;;;;;;;;;;;;;x;
c_virtue_adj;Добродетельн;;;;;;;;;;;;;x;
c_vlastarus;Властарус;;;;;;;;;;;;;x;
c_vlastarus_adj;Властаруск;;;;;;;;;;;;;x;
c_volatra;Волатра;;;;;;;;;;;;;x;
c_volatra_adj;Волатраск;;;;;;;;;;;;;x;
c_voljung;Вольюнг;;;;;;;;;;;;;x;
c_voljung_adj;Вольюнгск;;;;;;;;;;;;;x;
c_volkihar;Волкихар;;;;;;;;;;;;;x;
c_volkihar_adj;Волкихарск;;;;;;;;;;;;;x;
c_volskygge;Вольскигге;;;;;;;;;;;;;x;
c_volskygge_adj;Вольскиггск;;;;;;;;;;;;;x;
c_volunruud;Волундруд;;;;;;;;;;;;;x;
c_volunruud_adj;Волундрудск;;;;;;;;;;;;;x;
c_vos;Вос;;;;;;;;;;;;;x;
c_vos_adj;Воск;;;;;;;;;;;;;x;
c_vulkhel_adj;Вулхелск;;;;;;;;;;;;;x;
c_vulkneu;Вулкнеу;;;;;;;;;;;;;x;
c_vulkneu_adj;Вулкнеуск;;;;;;;;;;;;;x;x
c_vulnim;Вулним;;;;;;;;;;;;;x;
c_vulnim_adj;Вулнимск;;;;;;;;;;;;;;
c_wadathe;Вадазе;;;;;;;;;;;;;x;
c_wadathe_adj;Вадазеск;;;;;;;;;;;;;x;
c_wangong;Ван Гонг;;;;;;;;;;;;;x;
c_wangong_adj;Ван Гонгск;;;;;;;;;;;;;x;
c_wariel;Вариэль;;;;;;;;;;;;;x;
c_wariel_adj;Вариэльск;;;;;;;;;;;;;x;
c_wastenbrukbrook;Опустошённый Ручей Брук;;;;;;;;;;;;;x;
c_wastenbrukbrook_adj;Брукск;;;;;;;;;;;;;x;
c_wastencoridale;Опустошённый Коридейл;;;;;;;;;;;;;x;
c_wastencoridale_adj;Коридейлск;;;;;;;;;;;;;x;
c_wayrest;Вэйрест;;;;;;;;;;;;;x;
c_wayrest_adj;Вэйрестск;;;;;;;;;;;;;x;
c_weatherleah;Везерлех;;;;;;;;;;;;;x;
c_weatherleah_adj;Везерлехск;;;;;;;;;;;;;x;
c_weatherseed;Везерсид;;;;;;;;;;;;;x;
c_weatherseed_adj;Везерсидск;;;;;;;;;;;;;x;
c_wega;Вега;;;;;;;;;;;;;x;
c_wega_adj;Вегаск;;;;;;;;;;;;;x;
c_wendelbek;Венделбек;;;;;;;;;;;;;x;
c_wendelbek_adj;Венделбекск;;;;;;;;;;;;;x;
c_wendir;Вендир;;;;;;;;;;;;;x;
c_wenyandawik;Веньяндавик;;;;;;;;;;;;;x;
c_wenyandawik_adj;Веньяндавикск;;;;;;;;;;;;;x;
c_westgash;Западное Нагорье;;;;;;;;;;;;;x;
c_westgash_adj;Западнонагорьск;;;;;;;;;;;;;x;
c_westguard_adj;Западнодозорск;;;;;;;;;;;;;x;
c_westjeral;Западный Джерол;;;;;;;;;;;;;x;
c_westjeral_adj;Западноджерольск;;;;;;;;;;;;;x;
c_weye;Вейе;;;;;;;;;;;;;x;
c_weye_adj;Вейеск;;;;;;;;;;;;;x;
c_whiteguard;Белый Дозор;;;;;;;;;;;;;x;
c_whiteguard_adj;Белодозорск;;;;;;;;;;;;;x;
c_whitehaven;Белая Гавань;;;;;;;;;;;;;x;
c_whitehaven_adj;Белогаваньск;;;;;;;;;;;;;x;
c_whiterun;Вайтран;;;;;;;;;;;;;x;
c_whiterun_adj;Вайтранск;;;;;;;;;;;;;x;
c_whitewatch_adj;Вайтвотчск;;;;;;;;;;;;;x;
c_wiali;Виали;;;;;;;;;;;;;x;
c_wiali_adj;Виалиск;;;;;;;;;;;;;x;
c_wildheart;Арчен Кормаунт;;;;;;;;;;;;;x;
c_wildheart_adj;Кормаунтск;;;;;;;;;;;;;x;
c_willowind;Вилллоувинд;;;;;;;;;;;;;x;
c_willowind_adj;Вилллоувиндск;;;;;;;;;;;;;x;
c_winterwind;Галлоурок;;;;;;;;;;;;;x;
c_winterwind_adj;Галлоурокск;;;;;;;;;;;;;x;
c_windhelm;Виндхельм;;;;;;;;;;;;;x;
c_windhelm_adj;Виндхельмск;;;;;;;;;;;;;x;
c_winterhold;Винтерхолд;;;;;;;;;;;;;x;
c_winterhold_adj;Винтерхолдск;;;;;;;;;;;;;x;
c_wirewood;Вайрвуд;;;;;;;;;;;;;x;
c_wirewood_adj;Вайрвудск;;;;;;;;;;;;;x;
c_haynote;Хейнот;;;;;;;;;;;;;x;
c_haynote_adj;Хейнотск;;;;;;;;;;;;;x;
c_woodenhand;Вуденхенд;;;;;;;;;;;;;x;
c_woodenhand_adj;Вуденхендск;;;;;;;;;;;;;x;
c_woodhearth;Вудхарт;;;;;;;;;;;;;x;
c_woodhearth_adj;Вудхартск;;;;;;;;;;;;;x;
c_woodroot;Вудрут;;;;;;;;;;;;;x;
c_woodroot_adj;Вудрутск;;;;;;;;;;;;;x;
c_wrothgarian;Ротгар;;;;;;;;;;;;;x;
c_wrothgarian_adj;Ротгарианск;;;;;;;;;;;;;x;
c_xoumiannodo;Ксоу-Миан-Нодо;;;;;;;;;;;;;x;
c_xoumiannodo_adj;Ксоу-Миан-Нодоск;;;;;;;;;;;;;x;
c_xouwiap;Ксоувиап;;;;;;;;;;;;;x;
c_xouwiap_adj;Ксоувиапск;;;;;;;;;;;;;x;
c_xuopia;Ксуо Пиа;;;;;;;;;;;;;x;
c_xuopia_adj;Ксуо Пиаск;;;;;;;;;;;;;x;
c_yellowtick;Йелллоутик;;;;;;;;;;;;;x;
c_yellowtick_adj;Йелллоутикск;;;;;;;;;;;;;x;
c_ykalon;Йкалон;;;;;;;;;;;;;x;
c_ykalon_adj;Йкалонск;;;;;;;;;;;;;x;
c_ynrah;Инрах;;;;;;;;;;;;;x;
c_ynrah_adj;Инрахск;;;;;;;;;;;;;x;
c_yntao;Интао;;;;;;;;;;;;;x;
c_yntao_adj;Интао;;;;;;;;;;;;;x;
c_zafirbel;Залив Зафирбель;;;;;;;;;;;;;x;
c_zafirbel_adj;Зафирбель;;;;;;;;;;;;;x;
c_zahedann;Захеданн;;;;;;;;;;;;;x;
c_zahedann_adj;Захеданнск;;;;;;;;;;;;;x;
c_zedaya;Зедайя;;;;;;;;;;;;;x;
c_zedaya_adj;Зедайск;;;;;;;;;;;;;x;
c_zekota;Зекота;;;;;;;;;;;;;x;
c_zekota_adj;Зекотск;;;;;;;;;;;;;x;