succ_great_house_selection;Выбор Великого Дома;;;;;;;;;;;;;x
great_house_selection;Великий Дом;;;;;;;;;;;;;x
succ_great_house_selection_desc;Все независимые, имеющие землю члены соответствующего Великого Дома, а также члены Совета Дома, и любые Герцоги могут голосовать среди других членов Совета, обыкновенных членов династии, и близких кровные родственников текущего Грандмастера, чтобы решать, кто будет выбран в качестве нового правителя.;;;;;;;;;;;;;x
succ_nord_moot_elective;Нордский спор;;;;;;;;;;;;;x
nord_moot_elective;Нордский спор;;;;;;;;;;;;;x
succ_nord_moot_elective_desc;Все Ярлы и Таны, а также Хускарлы, Канцлеры и Маршалы текущего правителя могут голосовать, чтобы выбрать, руководствуясь традиционными нордскими ценностями, их нового правителя среди всей нынешней правящей семьи, его вассалов, некоторых из советников, и всех его командиров.;;;;;;;;;;;;;x
sybil_of_dibella;Пророчица Дибеллы;;;;;;;;;;;;;x
divines.2.desc;[From.GetBestName], одна из известных Пророчиц Дибеллы, скончалась. Это печальный день не только для ее родственников или даже для Культа Дибеллы, но и для всех тех, кто ценит Дибелловские искусства.;;;;;;;;;;;;;x
divines.2.opt1;Пусть ее смерть украсит загробную жизнь!;;;;;;;;;;;;;x
divines.4.desc;Группа великолепных жриц, представляющих Культ Дибеллы пришла на наши земли. Они утверждают, что сама Богиня Любви сообщила им, что [From.GetFullName] была избрана, чтобы стать новой пророчицей на Нирне, Пророчицей Дибеллы. Они хотят забрать её, дабы обучить путям культа.;;;;;;;;;;;;;x
divines.4.opt1;Я немедленно организую её отправку, она должна путешествовать по земле;;;;;;;;;;;;;x
divines.4.opt2;Они могут обучать её, но только в пределах наших земель.;;;;;;;;;;;;;x
divines.4.opt3;Пророчица Дибеллы говорите? Я должен жениться на ней!;;;;;;;;;;;;;x
divines.4.opt4;Никуда она не пойдёт!;;;;;;;;;;;;;x
divines.5.desc;Культ Дибеллы заговорил! После выполнения соответствующих ритуалов сама богиня открыла новую пророчицу! Новая Пророчица Дибеллы - это [From.GetFullName] из [From.Realm.GetName].;;;;;;;;;;;;;x
divines.5.opt1;Благословенна!;;;;;;;;;;;;;x
divines.7.desc;Группа великолепных жриц, представляющих Культ Дибеллы пришла на наши земли. Они ведут за собой [FromFrom.GetFullName], новую Пророчицу Дибеллы, и утверждают, что вы должны посвятить один из храмов ваших земель искусствам Дибеллы.;;;;;;;;;;;;;x
divines.7.opt1;У Пророчицы будет свой храм!;;;;;;;;;;;;;x
divines.7.opt2;Вы не можете так просто приказывать правителю, с глаз долой!;;;;;;;;;;;;;x
green_pact_silvenar;Сильвенар;;;;;;;;;;;;;x
green_pact_green_lady;Зеленая Леди;;;;;;;;;;;;;x
green_widow;Зеленая Вдова;;;;;;;;;;;;;x
greenpact.2.desc;Сильвенар [From.GetFullName], воплощение Голоса Босмера, скончался, и его тело было тщательно сохранено для будущего погребения. Вскоре выйдет новый Сильвенар, чтобы представлять всех босмеров.;;;;;;;;;;;;;x
greenpact.9.desc;Зеленая Леди [From.GetFullName], воплощение Голоса Босмера, скончалась, и теперь ее тело питает землю. Без Зеленой Леди, которая уравновесила бы его духовную связь с босмерским народом, нынешний Сильвенар в конце концов потеряет самообладание и здоровье, умирая, чтобы быть замененным новым поколением,;;;;;;;;;;;;;x
greenpact.2.opt1;И с его смертью круг жизни продолжается.;;;;;;;;;;;;;x
greenpact.2.opt2;Пусть он найдет мир в смерти.;;;;;;;;;;;;;x
greenpact.4.desc;Без общения с другими важными людьми, моя духовная связь с босмерским народом ослабевает один день за другим.;;;;;;;;;;;;;x
greenpact.4.opt1;[Root.Religion.GetRandomEvilGodName] может забрать мою душу.;;;;;;;;;;;;;x
greenpact.4.opt2;Это слишком большое бремя для меня, чтобы нести его в одиночку.;;;;;;;;;;;;;x
greenpact.4.opt3;Жизнь не имеет смысла без моего важного друга.;;;;;;;;;;;;;x
greenpact.5.desc;Новый Сильвенар вышел вперед! Чувствуя, что его связь с босмерским народом усиливается с каждым днем, [From.GetBestName] внезапно перестал вести себя, как старый он, и стал воплощением Голоса Босмера. Скоро выйдет Зеленая Леди, чтобы дополнить его духовную связь.;;;;;;;;;;;;;x
greenpact.5.opt1;Благословлен [Root.Religion.GetRandomGodName]!;;;;;;;;;;;;;x
greenpact.5.opt2;Интересное развитие.;;;;;;;;;;;;;x
greenpact.7.desc;[From.GetFullName] вышла вперед, как новая Зеленая Леди. Само воплощение Страсти Босмера, она должна выйти замуж за Сильвенара в традиционной церемонии Хендфастинга, древнем босмерском празднике, который может длиться несколько дней, и духовно связывать новую пару. Согласно традиции мандатов, все последователи Зеленого Пакта должны отправить новой паре корзину подарков.;;;;;;;;;;;;;x
greenpact.7.opt1;Отправьте щедрый подарок новой паре!;;;;;;;;;;;;;x
greenpact.7.opt2;Отправьте хороший подарок новой паре!;;;;;;;;;;;;;x
greenpact.7.opt3;Отправьте знак моего уважения новой паре!;;;;;;;;;;;;;x
greenpact.7.opt4;Мы не можем и не будем отправлять что-либо прямо сейчас.;;;;;;;;;;;;;x
greenpact.9.desc;[From.GetFullName], воплощение Страсти Босмера, скончалась, и ее тело теперь питает землю. Без зеленой Леди, которая уравновесила бы его духовную связь с босмерским народом, нынешний Сильвенар в конечном счете потеряет самообладание и здоровье, умирая, чтобы быть замененным новым поколением.;;;;;;;;;;;;;x
greenpact.9.opt1;И с ее смертью круг жизни продолжается.;;;;;;;;;;;;;x
greenpact.9.opt2;Пусть она найдет мир в смерти.;;;;;;;;;;;;;x
greenpact.10.title;Хендфастинг!;;;;;;;;;;;;;x
greenpact.10.desc;На празднике, который длится три дня и три ночи в величественном Грахт-Lубе, процессия босмеров со всего Тамриэля вышла выпить, поесть и потанцевать в честь своих духовных лидеров. В вершине этой запутанно простой, и сбивающей с толку церемонии, [FromFrom.GetBestName] и [From.GetBestName] взяли каждуюб руку покойного Сильвенара [FromFromFrom.GetFullName] и начали пировать плотью его мертвого тела, в конце концов выпив его благословенную кровь, чтобы укрепить свой священный союз как лидеров всех верующих Зеленого Пакта. Церемония, посвященная [From.Religion.GetRandomGodName], знаменует начало нового духовного поколения для босмерского народа.;;;;;;;;;;;;;x
greenpact.10.opt1;Благословен Зеленый Пакт!;;;;;;;;;;;;;x
greenpact.10.opt2;Ужасный...;;;;;;;;;;;;;x
is_great_house_grandmaster;Является лидером Совета Домов;;;;;;;;;;;;;x
ekgreathouses.title.1;Великие Дома;;;;;;;;;;;;;x
ekgreathouses.desc.1;Великие Дома берут свое начало в древних обычаях кимерских кланов и племен. На сегодняшний день они представляют из себя, скорее политические партии. Вне зависимости от того имеют ли они особое значение для вас, или же они активны в ваших землях, настоятельно рекомендуется стать членом одного из этих домов.;;;;;;;;;;;;;x
ekgreathouses.pledgehouse;Это обычай, я должен присягнуть одному из Домов.;;;;;;;;;;;;;x
ekgreathouses.pledgeancestors;Я присягну Великому Дому моих предков.;;;;;;;;;;;;;x
ekgreathouses.dontpledge;"Я не буду преклоняться перед любым из этих жалких Великих"" Домов!""";;;;;;;;;;;;;x
ekgreathouses.desc.2;Итак, какому из Домов мне присягнуть?;;;;;;;;;;;;;x
ekgreathouses.pledgeother;Больше вариантов...;;;;;;;;;;;;;x
ekgreathouses.pledgeredoran;Я присягну воинственному Великому Дому Редоран!;;;;;;;;;;;;;x
ekgreathouses.pledgehlaalu;Я присягну торговому Великому Дому Хлаалу!;;;;;;;;;;;;;x
ekgreathouses.pledgedres;Я присягну консервативному Великому Дому Дрес!;;;;;;;;;;;;;x
ekgreathouses.pledgeindoril;Я присягну благочестивому Великому Дому Индорил!;;;;;;;;;;;;;x
ekgreathouses.pledgetelvanni;Я присягну магам - Великому Дому Телванни!;;;;;;;;;;;;;x
ekgreathouses.pledgesadras;Я присягну дипломатам - Великому Дому Садрас!;;;;;;;;;;;;;x
ekgreathouses.pledgesul;Я присягну Великому Дому Сул!;;;;;;;;;;;;;x
ekgreathouses.pledgedagoth;Я живу, чтобы служить Шармату! Да здравствует Дагот Ур!;;;;;;;;;;;;;x
ekgreathouses.pledgeveloth;Я присягну древнему Великому Дому Велот!;;;;;;;;;;;;;x
ekgreathouses.title.5;Зов Дома;;;;;;;;;;;;;x
ekgreathouses.desc.5;[From.GetBestName], выдающийся аристократ из вашего Дома, сумел централизовать политику Дома вокруг него и создать Совет для вашего Дома. Ваши вассалы считают, что вы должны поклясться ему в верности, иначе он может претендовать на ваши земли при поддержке своего нового Совета.;;;;;;;;;;;;;x
ekgreathouses.2.desc.5;Благословением [Root.GetRandomGodName], и утверждением [Root.Religion.GetPriestTitle], [From.GetBestName] превратил ваш Дом в действительно Великий Дом и теперь требует, чтобы вы поклялись ему в верности, иначе он попросит Совет Дома сфабриковать претензии на ваши титулы.;;;;;;;;;;;;;x
ekgreathouses.bend;Я живу, чтобы служить своему Дому!;;;;;;;;;;;;;x
ekgreathouses.dontbend;Я не приклоню колено ни перед кем!;;;;;;;;;;;;;x
ekgreathouses.10.d;Список силы Советов Домов:\nДом Дрес: [GetHouseDresStr]\nДом Хлаалу: [GetHouseHlaaluStr]\nДом Редоран: [GetHouseRedoranStr]\nДом Индорил: [GetHouseIndorilStr]\nДом Телванни: [GetHouseTelvanniStr]\nДом Садрас: [GetHouseSadrasStr]\nДом Сул: [GetHouseSulStr]\nДом Велот: [GetHouseVelothStr]\nДом Дагот: [GetHouseDagothStr];;;;;;;;;;;;;x
NON_EXISTING_HOUSE_CT;§RСовет Дома не существует§!;;;;;;;;;;;;;x
HOUSE_DRES_STR_CT;[global_h_dr_str.GetValue];;;;;;;;;;;;;x
HOUSE_HLAALU_STR_CT;[global_h_hl_str.GetValue];;;;;;;;;;;;;x
HOUSE_REDORAN_STR_CT;[global_h_re_str.GetValue];;;;;;;;;;;;;x
HOUSE_INDORIL_STR_CT;[global_h_in_str.GetValue];;;;;;;;;;;;;x
HOUSE_TELVANNI_STR_CT;[global_h_te_str.GetValue];;;;;;;;;;;;;x
HOUSE_SADRAS_STR_CT;[global_h_sa_str.GetValue];;;;;;;;;;;;;x
HOUSE_SUL_STR_CT;[global_h_su_str.GetValue];;;;;;;;;;;;;x
HOUSE_VELOTH_STR_CT;[global_h_ve_str.GetValue];;;;;;;;;;;;;x
HOUSE_DAGOTH_STR_CT;[global_h_da_str.GetValue];;;;;;;;;;;;;x
MODIFIER_STRENGTH_LIST_CT;Модификаторы, влияющие на силу Домов:;;;;;;;;;;;;;x
GREAT_HOUSE_STRENGTH_CT;Великий Дом (титул королевского уровня): §G+10§!;;;;;;;;;;;;;x
TRIBUNAL_HOUSE_STRENGTH_CT;Архиканоник из Дома: §G+10§!;;;;;;;;;;;;;x
ekgreathouses.101.desc;С отставкой ваших покойных Уст, [From.GetFullName], [Root.GetBestName] более не имеет представителя в Совете Дома;;;;;;;;;;;;;x
ekgreathouses.101.opt1;Я лично буду руководить советом.;;;;;;;;;;;;;x
ekgreathouses.101.opt2;Я назначу новые Уста.;;;;;;;;;;;;;x
pledge_great_house;Присягнуть Великому Дому;;;;;;;;;;;;;x
pledge_great_house_desc;Стать членом одного из Великих Домов;;;;;;;;;;;;;x
pledge_house_dagoth;Присягнуть Великому Дому Дагот;;;;;;;;;;;;;x
pledge_house_dagoth_desc;Служить Лорду Ворину из Великого Дома Дагот!;;;;;;;;;;;;;x
renounce_great_house;Отречься от Великого Дома;;;;;;;;;;;;;x
renounce_great_house_desc;Отречься от своего членства в одном их Великих Домов, навсегда запретив себе вмешиваться в политику Домов.;;;;;;;;;;;;;x
ekmaintenance.2.title;Судьба Великого Дома;;;;;;;;;;;;;x
ekmaintenance.2.desc;Похоже, что вы, чужак для этого Дома, сумели приобрести большую часть подчиненных ему земель и вассалов. Это значит, что судьба этого некогда Великого Дома теперь в ваших руках. Вернете ли вы титул тому кому он принадлежит или и раз и на всегда разрушите тысячилетние устои этого Дома?;;;;;;;;;;;;;x
ekmaintenance.2.redistribute;Этот Дом будет жить!;;;;;;;;;;;;;x
ekmaintenance.2.destroy;Этого дома больше нет!;;;;;;;;;;;;;x
ekmaintenance.2.usurp;Ну, думаю, я стану их предводителем.;;;;;;;;;;;;;x
centralize_house_power;Централизировать ваш Дом;;;;;;;;;;;;;x
centralize_house_power_desc;Централизировать аристократию вашего дома под единым стягом.;;;;;;;;;;;;;x
form_great_house;Основать Великий Дом;;;;;;;;;;;;;x
form_great_house_desc;Реформировать ваш Дом в Великий Дом.;;;;;;;;;;;;;x
ekgreathouses.ai;Вы не должны видеть это!;;;;;;;;;;;;;x
ai_dunmer_house_trait;Вы не должны видеть это!;;;;;;;;;;;;;x
ai_dunmer_house_trait_desc;Действительно, пожалуйста, сообщите об этом как об ошибке!;;;;;;;;;;;;;x
ekmaintenance.3.title;Правопреемство Великого Дома;;;;;;;;;;;;;x
ekmaintenance.3.desc;Совет выбрал нового лидера для вашего дома. Как и всегда, новый лидер получает титулы и вассалов предыдущего и указывает вам место в Совете.;;;;;;;;;;;;;x
ekmaintenance.3.grandmaster.desc;[Root.Society.GetName] избрал вас в качестве нового лидера вашего дома! Возрадуйтесь!;;;;;;;;;;;;;x
ekmaintenance.3.usurp;Я буду истинным лидером!;;;;;;;;;;;;;x
ekmaintenance.3.councilor;И пусть он приведет наш Дом к славе!;;;;;;;;;;;;;x
ekmaintenance.3.notcouncilor;Я отказываюсь проводить время в этом Совете...;;;;;;;;;;;;;x
ekmaintenance.3.grandmaster;Я приведу наш Дом к славе!;;;;;;;;;;;;;x
ekmaintenance.4.title;Правопреемство Великого Дома;;;;;;;;;;;;;x
ekmaintenance.4.desc;Вы были избраны [Root.Society.GetName] чтобы  возвыситься и стать их новым лидером. В знак вежливости, наследник предыдущего лидера, [From.GetBestName], займёт ваше прежнее место в Совете.;;;;;;;;;;;;;x
ekmaintenance.4.desc2;Это тяжелые времена для вашего Дома, так как вы потеряли большинство своих вассалов, земель и влияние. Слава [Root.GetRandomGodName], однако, [From.GetBestName] согласился уважить ваши древние традиции и вернул большую часть состояния вашего Дома. После этого [Root.Society.GetName] назвал вас новым лидером Дома.;;;;;;;;;;;;;x
ekmaintenance.4.option;Я приведу наш Дом к славе!;;;;;;;;;;;;;x
ekmaintenance.5.title;Конец Дома;;;;;;;;;;;;;x
ekmaintenance.5.option;Это позор!;;;;;;;;;;;;;x
ekmaintenance.5.desc;"Отдав большую часть земель вассалов и влияния [From.GetBestName], судя по всему, один из Великих Домов Морровинда окончательно умер и больше не существует. Возможно, под руководством [Root.GetRandomGodName], его оставшиеся вассалы смогут его оживить. Однако на данный момент неясно, будет ли этот Дом когда-нибудь снова Великим"".""";;;;;;;;;;;;;x
eso.opt.0;Ты мертв.;;;;;;;;;;;;;x
eso.51.title;Поддельная Кливия Тарн!;;;;;;;;;;;;;x
eso.51.desc;Когда покойная императрица-регент Кливия Тарн умерла, ее похоронная церемония была внезапно прервана, когда открытый гроб начал светиться, и мертвое тело внутри быстро превратилось из обычной ниберийской женщины в ужасную дремору. Известные чародеи смогли отследить личность дреморы, как Молага Кены, известного верного слуги Молага Бала. До сих пор неизвестно, как дремора могла так долго выдавать себя за Кливию, но весь Тамриэль в шоке, так как раскрыт еще один план Молага Бала.;;;;;;;;;;;;;x
eso.51.opt1;Тёмный заговор...;;;;;;;;;;;;;x
eso.51.opt2;Слава Молагу Балу!;;;;;;;;;;;;;x
eso.101.desc;"Ты, [Root.GetBestName], победил узурпаторов Длинного Дома и отвовевал Империю для всех верных Богам. Возможно, однажды ты оденешь Амулет Королей. Теперь, что делать с покойным ""Императором""?";;;;;;;;;;;;;x
eso.101.opt1;Нет покоя для грешников!;;;;;;;;;;;;;x
eso.101.opt2;Он может жить, чтобы видеть следующий день.;;;;;;;;;;;;;x
eso.102.desc1;[From.GetBestName] побежден и казнен, император Длинного Дома короновал себя Императором Сиродила. Это хорошо известный факт, что вы служили личным советником покойного Императора, и новая администрация может вскоре заметить это. Ваши советники, все еще лояльные Империи, рекомендуют предложить что-то новому Императору, но некоторые фигуры говорили о провозглашении независимости Нибенея.;;;;;;;;;;;;;x
eso.102.desc2;[From.GetBestName] побежден и казнен, император Длинного Дома короновал себя Императором Сиродила. Это хорошо известный факт, что вы служили личным советником покойного Императора, и новая администрация может вскоре заметить это. Ваши советники, все еще лояльные Империи, рекомендуют предложить что-то новому Императору, но некоторые фигуры говорили о провозглашении независимости Нибенея.;;;;;;;;;;;;;x
eso.102.opt1;Кливия не замужем, не так ли?;;;;;;;;;;;;;x
eso.102.opt2;Независимость!;;;;;;;;;;;;;x
eso.102.opt3;Нужно просто подождать.;;;;;;;;;;;;;x
eso.103.desc1;[From.GetBestName], верховный канцлер и главный советник покойного Императора Длинного Дома, предложил руку своей дочери, Кливии Тарн, в брак. Его посланники сообщают, что такой брак будет выглядеть, как Коловианско-Нибенейский Альянс, и поможет стабилизировать королевство. Тем не менее, вашим собственным союзникам из Северной Коловии может не понравится эта связь со сторонниками покойного Императора.;;;;;;;;;;;;;x
eso.103.desc2;[From.GetBestName], верховный канцлер и главный советник покойного Императора Длинного Дома, все еще жив. Ваши нордо-коловианские союзники требуют немедленной казни в качестве примера лоялистам Леовика, в то время как ваши свежеиспеченные нибенейские подданные и сторонники Абнура из Совета Старейшин считают неразумным казнить верховного Канцлера.;;;;;;;;;;;;;x
eso.103.desc3;[From.GetBestName], верховный канцлер и главный советник покойного Императора Длинного Дома провозгласил независимость Нибенея в свете вашего успешного восстания. Ваши нордо-коловианские союзники требуют решительных действий, чтобы вернуть Нибеней под власть Империи.;;;;;;;;;;;;;x
eso.103.opt1;Давай поженимся!;;;;;;;;;;;;;x
eso.103.opt2;Казнить этого предателя!;;;;;;;;;;;;;x
eso.103.opt3;Верховный канцлер может жить.;;;;;;;;;;;;;x
eso.103.opt4;Верховный канцлер - глупец.;;;;;;;;;;;;;x
eso.104.desc;К счастью, [From.GetBestName] принял наше предложение и взял руку Кливии в брак! Теперь вопрос только в том, сколько мы должэны потратить на церемонию.;;;;;;;;;;;;;x
eso.104.opt1;Тратить всё;;;;;;;;;;;;;x
eso.104.opt2;Тратить только необходимое;;;;;;;;;;;;;x
eso.111.desc;Ты, [Root.GetBestName], сделал свою команду великой. После многих лет тщательной подготовки и с помощью вашей опытной пиратской команды вы успешно вторглись в Анвил и утвердились в качестве его нового Губернатора. Устраиваясь во дворце, вы нашли послание от Совета Старейшин, уполномочивающее правителя Энвилла аннексировать Кватч, что может оказаться полезным.;;;;;;;;;;;;;x
eso.111.opt1;Требовать аннексии Кватча немедленно!;;;;;;;;;;;;;x
eso.111.opt2;Мы вторглись в Анвил, мы вторгнемся в Кватч!;;;;;;;;;;;;;x
eso.111.opt3;К сожалению, кватч больше не независим.;;;;;;;;;;;;;x
eso.112.desc;[From.GetBestName], новый самозванный губернатор Анвила, потребовал, чтобы вы преклонили колено в обмен на защиту от продолжительной гражданской войны.;;;;;;;;;;;;;x
eso.112.opt1;Это мудрый курс действий.;;;;;;;;;;;;;x
eso.112.opt2;Никогда!;;;;;;;;;;;;;x
eso.121.desc;Ты, [Root.GetBestName], при поддержке самого Совета Старейшин, вторгся и отвоевал Кватч обратно Империи у своего мятежного правителя. Теперь мы должны подчиниться имперской власти?;;;;;;;;;;;;;x
eso.121.opt1;Я верный член империи!;;;;;;;;;;;;;x
eso.121.opt2;Империя больше не может вести свои собственные войны.;;;;;;;;;;;;;x
eso.114.desc;[From.GetBestName] отклонил (а) наше любезное предложения защиты.;;;;;;;;;;;;;x
eso.113.desc;[From.GetBestName] мудро принял наше любезное предложение защиты. К сожалению, расположенные поблизости имперские войска воспользовались возможностью, чтобы вновь захватить все земли к востоку от стены Варена для Империи.;;;;;;;;;;;;;x
eso.114.opt1;Это мало!;;;;;;;;;;;;;x
eso.113.opt1;Я властвую над Золотым Берегом!;;;;;;;;;;;;;x
# Expelling a House from Vvardenfell
temple_expell_house_indoril_vvardenfell;Expell House Indoril от Вварденфелл;;;;;;;;;;;;;x
temple_expell_house_indoril_vvardenfell_desc;Ранее мы позволили Дому Индорил держать части Вварденфелла в обмен на их полное послушание Храму. У нас не было другого выбора, кроме как отлучить их от Церкви из-за их нечестия и их неуважения к Храму и Трое, и поэтому они больше не приветствуются на Вварденфелле.;;;;;;;;;;;;;x
temple_expell_house_hlaalu_vvardenfell;Expell House Hlaalu от Вварденфелл;;;;;;;;;;;;;x
temple_expell_house_hlaalu_vvardenfell_desc;Ранее мы позволили Дому Хлаалу держать части Вварденфелла в обмен на их полное послушание Храму. У нас не было другого выбора, кроме как отлучить их от Церкви из-за их нечестия и их неуважения к Храму и Трое, и поэтому они больше не приветствуются на Вварденфелле.;;;;;;;;;;;;;x
temple_expell_house_dres_vvardenfell;Expell House Dres от Вварденфелл;;;;;;;;;;;;;x
temple_expell_house_dres_vvardenfell_desc;Ранее мы позволили Дому Дрес держать части Вварденфелла в обмен на их полное послушание Храму. У нас не было другого выбора, кроме как отлучить их от Церкви из-за их нечестия и их неуважения к Храму и Трое, и поэтому они больше не приветствуются на Вварденфелле.;;;;;;;;;;;;;x
temple_expell_house_redoran_vvardenfell;Expell House Redoran от Вварденфелл;;;;;;;;;;;;;x
temple_expell_house_redoran_vvardenfell_desc;Ранее мы позволили Дому Редоран держать части Вварденфелла в обмен на их полное послушание Храму. У нас не было другого выбора, кроме как отлучить их от Церкви из-за их нечестия и их неуважения к Храму и Трое, и поэтому они больше не приветствуются на Вварденфелле.;;;;;;;;;;;;;x
temple_expell_house_telvanni_vvardenfell;Expell House Telvanni от Вварденфелл;;;;;;;;;;;;;x
temple_expell_house_telvanni_vvardenfell_desc;Ранее мы позволили Дому Телванни держать части Вварденфелла в обмен на их полное послушание Храму. У нас не было другого выбора, кроме как отлучить их от Церкви из-за их нечестия и их неуважения к Храму и Трое, и поэтому они больше не приветствуются на Вварденфелле.;;;;;;;;;;;;;x
temple_expell_house_sul_vvardenfell;Expell House Sul от Вварденфелл;;;;;;;;;;;;;x
temple_expell_house_sul_vvardenfell_desc;Ранее мы позволили Хаусу Сулу держать части Вварденфелла в обмен на их полное послушание Храму. У нас не было другого выбора, кроме как отлучить их от Церкви из-за их нечестия и их неуважения к Храму и Трое, и поэтому они больше не приветствуются на Вварденфелле.;;;;;;;;;;;;;x
temple_expell_house_sadras_vvardenfell;Expell House Sadras из Вварденфелла;;;;;;;;;;;;;x
temple_expell_house_sadras_vvardenfell_desc;Ранее мы позволили Дому Садрасу держать части Вварденфелла в обмен на их полное послушание Храму. У нас не было другого выбора, кроме как отлучить их от Церкви из-за их нечестия и их неуважения к Храму и Трое, и поэтому они больше не приветствуются на Вварденфелле.;;;;;;;;;;;;;x
temple_expell_house_dagoth_vvardenfell;Expell House Dagoth от Вварденфелл;;;;;;;;;;;;;x
temple_expell_house_dagoth_vvardenfell_desc;Ранее мы позволили Даготу Дома держать части Вварденфелла в обмен на их полное послушание Храму. У нас не было другого выбора, кроме как отлучить их от Церкви из-за их нечестия и их неуважения к Храму и Трое, и поэтому они больше не приветствуются на Вварденфелле.;;;;;;;;;;;;;x
temple_expell_house_veloth_vvardenfell;Expell House Veloth от Вварденфелл;;;;;;;;;;;;;x
temple_expell_house_veloth_vvardenfell_desc;Ранее мы позволили Дому Велоту держать части Вварденфелла в обмен на их полное послушание Храму. У нас не было другого выбора, кроме как отлучить их от Церкви из-за их нечестия и их неуважения к Храму и Трое, и поэтому они больше не приветствуются на Вварденфелле.;;;;;;;;;;;;;x
EXPELL_HOUSE_NO_LONGER_EXCOMMUNICATED_CT;Мы выгоним Дом из Вварденфелла, захватив все их владения на острове. В обмен мы снимаем их отлучение.;;;;;;;;;;;;;x
ekgreathouses.260.d;Храм Трибунала издал вчера официальный приказ об аресте наших владений в Вварденфелле. Их представитель заявляет, что взамен Архиканоник снова встретит нас среди верующих Альмсиви, сняв наше отлучение от церкви.;;;;;;;;;;;;;x
ekgreathouses.260.optA;Я не думаю, что у нас есть большой выбор.;;;;;;;;;;;;;x
### Great House triumphant
unite_morrowind_gh;Объединить Морровинд;;;;;;;;;;;;;x
unite_morrowind_gh_desc;Наш Дом занял доминирующее положение в политике Морровинда. Никто не может оспорить наше влияние, другие великие Дома стали нашими марионетками, либы были распущены. Пришло время навеки объединить Морровинд и народ данмеров вне зависимости от принадлежности к Домам.;;;;;;;;;;;;;x
GREAT_HOUSES_DESTROYED_CT;Советы Великих Домов будут распущены. Великие Дома будут уничтожены, а бывшие грандмастеры станут вашими вассалами. Члены Домов смогут свободно присоединяться к прочим гильдиям.;;;;;;;;;;;;;x
### Spending Clout
# Force someone to join the House
convince_to_join_house;Убедить присоединиться к нашему Великому Дому;;;;;;;;;;;;;x
convince_to_join_house_desc;[Root.GetFirstName] разделяет нашу кровь, но решил посвятить [Root.GetHerHim] другому Великому Дому. Достаточно убедить и, возможно, удастся вернуть [Root.GetHerHim] обратно к нам...;;;;;;;;;;;;;x
ekgreathouses.200.d;[From.GetBestName] вызвал нас сегодня. В течение многих лет было известно, что я посвятил себе другому Великому Дому, бросив вызов тому, чего от меня ожидали. Как я и опосался, тема моего союза была поднята, и [From.GetSheHe] попросил меня официально отказаться от моего нынешнего Дома и присягнуть [From.GetHerHis]...;;;;;;;;;;;;;x
ekgreathouses.200.optA;Хорошо...;;;;;;;;;;;;;x
ekgreathouses.200.optB;Никогда!;;;;;;;;;;;;;x
ekgreathouses.201.d;Кажется, я успешно убедил [From.GetFirstName] присоединиться к моему дому. [From.GetSheHe] официально откажется от прежнего дома и перейдет в мой Дом.;;;;;;;;;;;;;x
ekgreathouses.201.optA;Как и ожидалось.;;;;;;;;;;;;;x
ekgreathouses.202.d;Даже после нескольких часов споров, [From.GetFirstName] все еще отказывался покинуть [From.GetHerHis] нынешний Дом и присоединиться к нашему. Кажется бесполезным снова поднимать тему...;;;;;;;;;;;;;x
ekgreathouses.202.optA;*вздох*;;;;;;;;;;;;;x
# Colonize Vvardenfell
ekgreathouses.210.d;[colonizer.GetTitledName] попросил меня разрешить [colonize.GetHerHim] спонсировать усилия по колонизации в Вварденфелле, в округе [county_to_colonize.GetName]. Хотя это позволило бы острову процветать со временем, это также заставило бы жителей Эшленда, живущих на холмах и равнинах, найти другое место для жизни...;;;;;;;;;;;;;x
ekgreathouses.210.optA;Скажите [colonizer.GetFirstName], что запрос [colonize.GetHerHis] принят;;;;;;;;;;;;;x
ekgreathouses.210.optB;Мы не позволим [colonizer.GetFirstName] колонизировать Вварденфелл.;;;;;;;;;;;;;x
vvardenfell_colonize_county;Колонизировать округ;;;;;;;;;;;;;x
vvardenfell_colonize_county_desc;Вварденфелл в основном остался один, как исключительная собственность Храма. Однако в последние годы Храм принимает все больше поселений, спонсируемых Великими Домами, которые он построил. Это было бы отличным способом укрепить наш Дом, так как весь Морровинд уже был разделен много веков назад.;;;;;;;;;;;;;x
GREAT_HOUSE_NO_COLONIZATION_5_YEARS_CT;Грандмастер Дома может попросить колонизировать округ только каждые §Y5 лет§!.;;;;;;;;;;;;;x
grandmaster_recently_asked_colonisation_vvardenfell;Недавняя попытка колонизации;;;;;;;;;;;;;x
grandmaster_recently_asked_colonisation_vvardenfell_desc;[Root.GetFirstName] недавно попытался спонсировать новое поселение в Вварденфелле.;;;;;;;;;;;;;x
ARCHCANON_HAS_ALLOWED_COLONIZATION_CT;Архиканоник позволяет Вварденфеллу быть колонизированным.;;;;;;;;;;;;;x
ekgreathouses.211.d;Наш запрос на колонизацию [county_to_colonize.GetName] был принят Архиканоником. Часть графства была официально передана нам, и теперь мы должны решить, какое поселение мы хотим там увидеть.;;;;;;;;;;;;;x
ekgreathouses.211.optA;Замок.;;;;;;;;;;;;;x
ekgreathouses.211.optB;Город.;;;;;;;;;;;;;x
ekgreathouses.211.optC;Храм;;;;;;;;;;;;;x
SPEND_CLOUT_REMOVE_NEW_HOUSE_SETTLEMENT_CT;Можно будет отправить §Yдополнительные ресурсы§! в новую колонию, чтобы сделать ее самодостаточной;;;;;;;;;;;;;x
recent_colonization_vvardenfell;Новая колония;;;;;;;;;;;;;x
recent_colonization_vvardenfell_desc;В этом округе наблюдался недавний приток Данмеров, спонсируемый Великим Домом и одобренный Храмом. Это заставило местных эшлендеров покинуть провинцию и разозлило их.;;;;;;;;;;;;;x
new_house_settlement_vvardenfell;Новый жилой поселок на Вварденфелле;;;;;;;;;;;;;x
new_house_settlement_vvardenfell_desc;Это поселение недавно было спонсировано Великим Домом, но необходимы время и ресурсы, если указанный Дом хочет сделать его самодостаточным владением.;;;;;;;;;;;;;x
vvardenfell_colonization_effort;Усилия колонизации на [Root.GetName];;;;;;;;;;;;;x
vvardenfell_colonization_effort_desc;Недавно мы спонсировали новое поселение в [Root.GetName], но ему все еще нужны некоторые ресурсы и время, чтобы быть самодостаточным.;;;;;;;;;;;;;x
new_house_settlement_vvardenfell_1;Растущий поселение Дома в Вварденфелле;;;;;;;;;;;;;x
new_house_settlement_vvardenfell_1_desc;Это новое поселение получило большую поддержку со стороны Дома, спонсирующего его, и вскоре должно стать самостоятельным.;;;;;;;;;;;;;x
ekgreathouses.212.d;[From.GetTitledName] отказался позволить нам колонизировать [county_to_colonize.GetName]. Хотя через несколько лет мы могли бы снова подать петицию [From.GetHerHim], это серьезно замедлит наши усилия по колонизации острова.;;;;;;;;;;;;;x
ekgreathouses.212.optA;Всего лишь незначительная неудача.;;;;;;;;;;;;;x
# Get a Favor
use_clout_to_get_favor;Попробуйте получить одолжение от [Root.GetFirstName];;;;;;;;;;;;;x
use_clout_to_get_favor_desc;Поскольку мы являемся частью одного и того же Совета Дома, мы можем попытаться убедить [Root.GetFirstName] оказать нам услугу. Это может иметь неприятные последствия, если мы потерпим неудачу, но одолжение может иметь большое значение...;;;;;;;;;;;;;x
CANNOT_GET_FAVOR_CLOUT_CT;не удается получить одолжение от [Root.GetFirstName];;;;;;;;;;;;;x
ekgreathouses.230.d;После того, что казалось простым заседанием Совета Дома, [FromFrom.GetFirstName] попросил меня встретиться наедине, чтобы обсудить некоторые поздние дела. Всего за несколько минут [FromFrom.GetSheHe] молчаливо пригрозил использовать свое влияние в Совете Дома против меня, если только я не соглашусь на [FromFrom.GetHerHim] условия. У меня нет выбора, кроме как принять.;;;;;;;;;;;;;x
ekgreathouses.230.optA;Хорошо ...;;;;;;;;;;;;;x
ekgreathouses.231.d;Спустя всего несколько минут кажется, что [From.GetFirstName] сдался и согласился оказать мне услугу в обмен на то, что я не выставляю Совет Дома против [From.GetHerHim].;;;;;;;;;;;;;x
ekgreathouses.231.optA;Хороший поворот событий.;;;;;;;;;;;;;x
ekgreathouses.232.d;На недавнем домашнем собрании [FromFrom.GetFirstName] попросил меня немного остаться с [FromFrom.GetHerHim], потому что были важные вещи, которые нужно обсудить наедине. [FromFrom.GetSheHe] быстро попытался мне угрожать, если я не поддержу [FromFrom.GetHerHim] в этом Совете и за его пределами. Я не мог удержаться от смеха над [FromFrom.GetHerHis] жалкими угрозами и дал понять, чтобы больше никогда не угрожал мне.;;;;;;;;;;;;;x
ekgreathouses.232.optA;Теперь иди прочь.;;;;;;;;;;;;;x
ekgreathouses.233.d;[From.GetFirstName] спокойно слушал меня в течение нескольких минут, прежде чем начал смеяться мне в лицо. Я был озадачен, но [From.GetSheHe] дал мне понять, чтобы я больше никогда не угрожал [From.GetHerHim].;;;;;;;;;;;;;x
ekgreathouses.233.optA;Я... Что?;;;;;;;;;;;;;x
# Claim a county
house_claim_county;Использовать Влияние, чтобы потребовать [Root.GetName];;;;;;;;;;;;;x
house_claim_county_desc;Мы можем использовать влияние и ресурсы нашего Совета Дома, чтобы претендовать на соседнюю провинцию, принадлежащую другому Великому Дому. Они могут использовать свое собственное влияние, чтобы опровергнуть нашу претензию, но если они этого не сделают, у нас будет законное требование в отношении их округа.;;;;;;;;;;;;;x
CLAIM_GREAT_HOUSE_TERRITORY_OPINION_HIT_CT;Мнение о нас ухудшится на §R-5§! со всеми остальными Великими Домами, их вассалами и Храмом на §Y5 лет§!.;;;;;;;;;;;;;x
ekgreathouses.240.d;Еще один Великий Дом делает ход! [FromFrom.GetTitledName] утверждает, что жители [county_claimed.GetName] лояльны к [FromFrom.GetHerHis] Дому, и что как таковые они должны находиться под защитой [FromFrom.GetHerHis]. Для подтверждения заявления потребуется значительное количество Влияния, но это необходимо, если мы хотим сохранить наше царство вместе...;;;;;;;;;;;;;x
ekgreathouses.240.optA;Конечно, нет!;;;;;;;;;;;;;x
ekgreathouses.240.optB;У нас нет выбора, кроме как позволить этому случиться ...;;;;;;;;;;;;;x
ekgreathouses.241.d;Используя собственное Влияние, [From.GetTitledName] опроверг наше утверждение, заявив, что [county_claimed.GetName] полностью принадлежит [From.GetHerHis] Дому и что это никогда не изменится.;;;;;;;;;;;;;x
ekgreathouses.241.optA;Проклятие.;;;;;;;;;;;;;x
ekgreathouses.242.d;Похоже, мы сделали наш шаг в нужное время, поскольку [From.GetTitledName] не смог опровергнуть нашу претензию. Большинство других Великих Домов теперь согласны с тем, что [county_claimed.GetName] следует поставить под защиту нашего Дома.;;;;;;;;;;;;;x
ekgreathouses.242.optA;Замечательно.;;;;;;;;;;;;;x
# Annex a county
house_annex_county;Использовать Влияние для аннексии [Root.GetName];;;;;;;;;;;;;x
house_annex_county_desc;Большинство домов согласны с тем, что [Root.GetName] является законной частью нашего дома. А тем, кто не согласен, должно быть достаточно наших взяток и одолжений, чтобы они поддержали наше требование.;;;;;;;;;;;;;x
ANNEX_GREAT_HOUSE_TERRITORY_OPINION_HIT_CT;Мнение о нас ухудшится на §R-25§! со всеми остальными Великими Домами, их вассалами и Храмом на §Y25 лет§!.;;;;;;;;;;;;;x
ekgreathouses.250.d;Измена! Небольшая армия, посланная [county_annexer.GetTitledName], пришла в [county_annexed.GetName] сегодня утром и захватила главное поселение! Если мы хотим сохранить нашу землю, нам нужно будет действовать быстро!\nОтказ от аннексии потребует значительного количества Влияния, но это необходимо, если мы хотим сохранить наше царство вместе...;;;;;;;;;;;;;x
ekgreathouses.250.optA;Конечно, нет!;;;;;;;;;;;;;x
ekgreathouses.250.optB;У нас нет выбора, кроме как позволить этому случиться...;;;;;;;;;;;;;x
ekgreathouses.251.d;Когда наши войска вошли в главный зал [county_annexed.GetName], [From.GetTitledName] [From.GetHerHim] самостоятельно прорвался через [From.GetHerHis], силами [From.GetHerHis]. [From.GetSheHe], похоже, получил официальное заявление от других Домов, приказывающее нам немедленно покинуть город.;;;;;;;;;;;;;x
ekgreathouses.251.optA;Проклятие!;;;;;;;;;;;;;x
ekgreathouses.252.d;Наши войска вступили в [county_annexed.GetName] в основном без сопротивления, так как большинство местных охранников сдались, когда поняли, что [From.GetFirstName] не спасет их. Переход был в основном мирным, но другие Великие Дома наверняка попытаются отомстить...;;;;;;;;;;;;;x
ekgreathouses.252.optA;[county_annexed.GetName] принадлежит нам!;;;;;;;;;;;;;x
# Destroy Tower
deactivate_tower;Деактивировать Башню;;;;;;;;;;;;;x
tower_timer;Таймер Башни;;;;;;;;;;;;;x
detract_grace_massive;Потеряет §R1000§! §MБлагосклонности§!;;;;;;;;;;;;;x
has_grace_massive_daedra;Имеет 1000 §MБлагосклонности§!;;;;;;;;;;;;;x
is_daedra_herald_text;Возглавляет даэдрическое вторжение;;;;;;;;;;;;;x
deactivate_tower_desc;Ты можешь сдать одну из легендарных башен Мундуса своему Даэдрическому Принцу.;;;;;;;;;;;;;x
destroy_mundus;Уничтожить Мундус!;;;;;;;;;;;;;x
destroy_mundus_desc;Без достаточного количества башен, чтобы стабилизировать Мундус, мы можем предать всю планету Обливиону.;;;;;;;;;;;;;x
ektowers.1.desc;Похоже, что ваше последнее смешение с тканью Мундуса вызвало настоящий переполох среди ваших вассалов, склоняющихся к Аэдра. [From.GetTitledNameWithNick] объявил о своей независимости от вашего королевства.;;;;;;;;;;;;;x
ektowers.1.soitis;Так оно и есть.;;;;;;;;;;;;;x
ektowers.10.title;Ада-Мантия рушится!;;;;;;;;;;;;;x
ektowers.10.desc;[From.GetTitledNameWithNick] захватил Ур-Башню, так же известную как Нулевая Башня или Адамантиновая Башня, для Даэдра [From.Religion.GetName]. Мифической башни, где произошел Конвенант и был создан Мундус, расположенной в Балфиере, острове посреди залива Иллиак, больше нет. Все диреннийские мудрецы, обычно присматривающие за башней, были либо порабощены, либо убиты. Кровь павших теперь стекает по главной лестнице, ведущей ко входу в здание. The Daedra, commanded by [From.Religion.GetHighGodName], не остановился, пока вся Башня не опустилась на землю. Это темный день для всего Мундуса.;;;;;;;;;;;;;x
ektowers.11.title;Ада-Мантия восстановлена!;;;;;;;;;;;;;x
ektowers.11.desc;С неоценимой помощью нескольких мудрецов Диренни, [From.GetTitledNameWithNick] смог восстановить Ур-Башню, так же известную как Нулевая Башня или Адамантиновая Башня, к ее былой славе. Будем надеяться, что это достижение восстановит предельные барьеры и удержит земные кости на месте, подобно Ада-Мантии в древности.;;;;;;;;;;;;;x
ektowers.15.title;Башня Белого Золота рушится!;;;;;;;;;;;;;x
ektowers.15.desc;[From.GetTitledNameWithNick] захватил Башню Белого Золота, так же известную как Императорский дворец, для Даэдра [From.Religion.GetName]. Великолепная Башня, расположенная посреди огромного Имперского Города, была тем местом, где Алессия создала Соглашение с Божествами и создала легендарный Амулет Королей. После привязывания нескольких граждан к стенам Башни и уничтожения их заживо для развлечения, Даэдра, которыми командует непосредственно [From.Religion.GetHighGodName], опрокинул Башню Белого Золота с помощью массивного механизма, охватывающего весь Имперский Город. Это темный день для всего Мундуса.;;;;;;;;;;;;;x
ektowers.16.title;Башня Белого Золота восстановлена!;;;;;;;;;;;;;x
ektowers.16.desc;После общения со старыми айлейдскими духами, [From.GetTitledNameWithNick] смог восстановить Башню Белого Золота, так же известную как Императорский дворец, к ее былой славе. Будем надеяться, что это достижение восстановит предельные барьеры и удержит земные кости на месте, подобно Башне Белого Золота в древности.;;;;;;;;;;;;;x
ektowers.20.title;Глотка Мира рушится;;;;;;;;;;;;;x
ektowers.20.desc;Каждая душа в Скайриме слышала чудовищный звук огромной лавины, катящейся с горы Глотки Мира, священного места, где человечество обучалось Ту'уму у самой [Root.GetKynareth]. На Семи Тысячах Ступеней можно найти сожженые трупы каждого из Серобородых. Возглавляя зов [From.GetTitledNameWithNick], [From.Religion.GetHighGodName] лично командовал разрушением Башни, запечатанной в горах. Это темный день для всего Мундуса.;;;;;;;;;;;;;x
ektowers.25.title;Башня Зеленого Сока рушится!;;;;;;;;;;;;;x
ektowers.25.desc;Валенвуд пылает, когда несколько членов [From.Religion.GetName] поджигают дубы-грахты. Отряд, возглавляемый лично [From.Religion.GetHighGodName] и [From.GetTitledNameWithNick], сжег великие дубы-грахты Фалинести и Элденгроува, самых священных представлителей Башни Зеленого Сока, чтобы гарантировать, что ни один грат-дуб не может вырасти в те земли больше. Это темный день для всего Мундуса.;;;;;;;;;;;;;x
ektowers.26.title;Башня Зеленого Сока восстановлена!;;;;;;;;;;;;;x
ektowers.26.desc;Благодаря тому, что местный босмерский жрец сохранил «Желудь журавля» и обнаружил, что айлейдский архимаг Анумариль задумал планы возведения башен, считая его потерянным во времени, [From.GetTitledNameWithNick] смог посадить и вырастить новый грахт-дуб, чтобы представить присутствие Башни Зеленого сока в Валенвуде. Будем надеяться, что это достижение восстановит предельные барьеры и удержит земные кости на месте, как Зеленый Сок в прошлом.;;;;;;;;;;;;;x
ektowers.30.title;Кристальная-Как-Закон рушится!;;;;;;;;;;;;;x
ektowers.30.desc;[From.GetTitledNameWithNick] захватил Кристальную-Как-Закон, так же известную как Кристальную Башню, для Даэдра [From.Religion.GetName]. Башня, построенная древними альтмерами, чтобы подражать первоначальной Адамантиновой башне Богов, была взращена старшими Сапиархами, обладавшими несомненной мудростью. Вторгшаяся армия Даэдра, которой командовал непосредственно [From.Religion.GetHighGodName], не останавливала свою атаку на Кристальную башню, пока ее последний камень не был раскрошен в черепе последнего Сапиарха. Это темный день для всего Мундуса.;;;;;;;;;;;;;x
ektowers.31.title;Кристальная-Как-Закон восстановлена!;;;;;;;;;;;;;x
ektowers.31.desc;[From.GetTitledNameWithNick] удалось привлечь нескольких Альтмерских Сапиархов и диреннийских мудрецов к своему проекту реконструкции Кристальной башни. По прошествии неизвестного периода времени, как ни странно утраченного смысла для всех участников проекта, Башня снова стала идеальным подражанием Ур-Башне Балфиеры. Будем надеяться, что это достижение восстановит предельные барьеры и удержит земные кости на месте, как Кристальная Башня в прошлом.;;;;;;;;;;;;;x
ektowers.35.title;Красная Башня рушится!;;;;;;;;;;;;;x
ektowers.35.desc;С помощью неизвестных инструментов, сделанных древними двемерами, [From.GetTitledNameWithNick] смог лично помочь [From.Religion.GetHighGodName] в демонтаже очага Красной Горы, лишив его всех сил, которые у него когда-то были как у Красной Башни. Ослабленное сопротивление Трибунала оказалось бесполезным против [From.Religion.GetName]. Это темный день для всего Мундуса.;;;;;;;;;;;;;x
ektowers.10.welldone;Отлично сработано!;;;;;;;;;;;;;x
ektowers.10.angry;[GetFromRootInsultNoun]!;;;;;;;;;;;;;x
ektowers.10.revolt;Хватит с меня этой бессмыслицы!;;;;;;;;;;;;;x
ektowers.35.angryrenounce;[GetFromRootInsultNoun]! Альмсиви больше нет.;;;;;;;;;;;;;x
ektowers.35.revoltrenounce;Мне хватило этого бессмысленного Альмсиви!;;;;;;;;;;;;;x
ektowers.101.title;Конец Мундусу!;;;;;;;;;;;;;x
ektowers.101.desc;Из-за коварных усилий [From.GetTitledNameWithNick] по демонтажу Башен Тамриэля, предельных барьеров, отделяющих Мундус от Обливиона, больше нет. Орды Даэдра [Root.Religion.GetName] наводняют каждый город, город, ферму, храм и замок, убивая и порабощая любого, кого можно увидеть. В конце концов, без какой-либо Башни, которая могла бы их удерживать, сами ткани реальности начинают разлагаться, смешивая Мундус и Обливион в непрерывном психоделическом адском пейзаже. [From.Religion.GetHighGodName] безраздельно властвует в течение коротких секунд, поскольку вся концепция существования начинает исчезать. Вы чувствуете, что ваше тело расслабляется все больше и больше, пока вы вообще ничего не чувствуете. Ты мертв или свободен?;;;;;;;;;;;;;x
ektowers.101.soitwas;Так оно и было.;;;;;;;;;;;;;x
ektowers.101.nwah;[From.GetName], ваш [GetFromRootInsult]!;;;;;;;;;;;;;x
ektowers.102.title;Конец Мундусу!;;;;;;;;;;;;;x
ektowers.102.desc;Из-за ваших коварных усилий по устранению большинства Башен Тамриэля, предельные барьеры, отделяющие Мундус от Обливиона, больше не существуют. Самих земных костей больше нет. Орды Даэдра [Root.Religion.GetName] наводняют каждый город, город, ферму, храм и замок, убивая и порабощая любого, кого можно увидеть. В конце концов, без какой-либо Башни, которая могла бы их удерживать, сами ткани реальности начинают разлагаться, смешивая Мундус и Обливион в непрерывном психоделическом адском пейзаже. Когда вы чувствуете, что ваши кости и плоть начинают исчезать, рассеиваясь в воздухе, наполненном дымом, [From.Religion.GetHighGodName] появляется в его истинной форме, чтобы поздравить вас: «На этот раз мы все свободны». Когда слова принца теряют смысл в вашем мозгу, ваше зрение исчезает, и вы больше ничего не чувствуете.;;;;;;;;;;;;;x
ektowers.102.glory;Во славу [From.Religion.GetRandomGodName]!;;;;;;;;;;;;;x
activate_tower;Активировать Башню.;;;;;;;;;;;;;x
activate_tower_tower;Вы можете восстановить одну из легендарных Башен Мундуса до ее первоначального великолепия;;;;;;;;;;;;;x
AzuraLastWords;Не беспокойся, дитя мое, потому что, как предсказало Пророчество, этот день настанет. Эта Кальпа закончилась, и начинается новая Эра, посвященная мне и вечной любви моих последователей.;;;;;;;;;;;;;x
BoethiahLastWords;Извините, мой благочестивый солдат, ваша смерть - всего лишь случайность в большой схеме вещей. Эта Кальпа была свергнута, и под моим руководством должна начаться новая Эра.;;;;;;;;;;;;;x
MephalaLastWords;Ты можешь это почувствовать? Паук прекратил плести паутину существования, этой Кальпы больше нет. Наступила новая Эра, и я буду править каждой нитью.;;;;;;;;;;;;;x
MeridiaLastWords;Спасибо за службу, мой дорогой последователь. Эта Кальпа была темна и предопределена до конца. Пусть мой свет засияет всю новую эру, которая скоро начнется, не останется ни одной тени.;;;;;;;;;;;;;x
NamiraLastWords;Когда закончится эта кальпа и начнется новая эра, будьте уверены, что ваша разлагающаяся плоть станет деликатесом, предназначенным для самых изысканных банкетов. Паразиты унаследовали Мундус.;;;;;;;;;;;;;x
NocturnalLastWords;Нет больше света, больше нет белого, больше нет несправедливости, эта иллюстрированная Кальпа закончилась. Новая темная Эра, посвященная моим бесконечным теням, будет господствовать.;;;;;;;;;;;;;x
VaerminaLastWords;Это не мечта, мой последователь. Эта Кальпа закончилась, и пришло время для новой Эры подняться из ее великолепного ложе. Эра бесконечных кошмаров...;;;;;;;;;;;;;x
ClavicusLastWords;Эта Кальпа закончилась, и начинается новая Эра. Я прошел через все это испытание и оказался на вершине, как мило с моей стороны и как неудачно для вас. Давай, Барбас, пошли.;;;;;;;;;;;;;x
HermaeusLastWords;Все знания в существовании ушли. Все книги, свитки и письма исчезли. Эта Кальпа была наделена невежеством, но я все еще учился у нее. Предстоящая новая Эра будет моей для обучения.;;;;;;;;;;;;;x
HircineLastWords;Ах! Величайшая охота только что закончилась. Когда эта Кальпа умирает, начинается новая Эра. Эра, посвященная игре жизни, будет сильной добычей слабых, а я буду добычей всех.;;;;;;;;;;;;;x
MehrunesLastWords;Революция. Изменения. Разрушение. Эта приставшая Кальпа наконец закончилась, так что может начаться новая Эра, Эра, которой я управляю, Эра без застоя, Эра вечного хаоса.;;;;;;;;;;;;;x
MolagLastWords;Планемельд завершен. Эта зрелая кальпа закончилась, и началась новая эра вампира. Все должны служить Молаг Балу, «жизнь» и «рабство» будут одним и тем же, одним неразделимым понятием.;;;;;;;;;;;;;x
PeryiteLastWords;Не волнуйтесь, последователь, эта Кальпа была больна, и ее смерть - естественный путь. Начнется новая Эра, Эра чумы и инфекции, где все происходит согласно великому плану.;;;;;;;;;;;;;x
SanguineLastWords;Я буду скучать по разврату этой последней Кальпы. Полагаю, что это я должен организовать торжества новой эры, поскольку вы совершенно разложились в ничто. Может быть, я даже посвящу это событие тебе!;;;;;;;;;;;;;x
SheogorathLastWords;Само существование потеряло свой смысл. Абсурд победил! Эта Кальпа закончилась. Наверное, лучше поздно, чем потом жалеть. Будем надеяться, что сыру этой новой эры тоже суждено умереть, потому что вы, кажется, уже совсем умерли, мой дорогой.;;;;;;;;;;;;;x
JyggalagLastWords;Эта Кальпа не способствовала ничему, кроме хаоса и несчастий. Хорошо, что он исчез. Начнется новая эра, и я планирую организовать каждый ее аспект, давайте не будем впадать в те же ошибки вчерашнего дня.;;;;;;;;;;;;;x
MalacathLastWords;Такая слабая Кальпа, чтобы так умереть от неуклюжих нескольких Башен. Начинается новая Эра, правят угнетенные, правит остракизм, и правят побежденные. Надеюсь, слабые погибнут.;;;;;;;;;;;;;x
eso.91.title;Протест Варена;;;;;;;;;;;;;x
eso.91.desc;Спустя пять лет после провалившегося государственного визита на Золотой Берег, который привел к волнениям в Корроле в середине 569 года, Леовик, последний из императоров так называемого Длинного Дома, которые правили Сиродилом железной рукой, отбросил все притязания на умиротворение и решил узаконить поклонение даэдра в Империи. Закон был принят невзирая на протесты Совета Старейшин, возглавляемого Абнуром Тарном, тестем императора. В настоящее время вы, [Root.GetTitledNameWithNick], поддерживаете императора, но ваша коловианская кровь вскипает при одном упоминании еретических законов Леовика. Местное духовенство и представители коловианской аристократии призывают вас направить ультиматум императору с требованием отречения и ухода в изгнание в Предел. В то же время таинственный посланник из Нибенея, несущий на себе знак Тарнов, просит вас не разрывать и без того настрадавшуюся Империю.;;;;;;;;;;;;;x
eso.91.opt1;Леовик должен отречься!;;;;;;;;;;;;;x
eso.91.opt2;Сиродилу нужен мир.;;;;;;;;;;;;;x
eso.92.title;Ультиматум Варена;;;;;;;;;;;;;x
eso.92.desc;Варен Аквилариос, сын покойного герцога Коррола и предводитель коловианских владений, направил посланника в Имперский Город, чтобы доставить Совету Старейшин ультиматум, составленный им. Направленный против вас, [Root.GetTitledNameWithNick], ультиматум Варена гласит, что вы утратили право владеть Рубиновым Троном после того, как узаконили поклонение даэдра в Империи. Он призывает вас по своей воле отказаться от имперских титулов и удалиться в изгнание в Маркарт, в котором вы можете стать правителем независимого Предела. Совет Старейшин, возмущенный вашими экцентричными законами, призывает вас принять милосердное предложение Варена. В противоположность им, ваша жена, Кливия Тарн, дочь верховного канцлера Абнура Тарна требует воспротивиться этой жалкой попытке государственного переворота и заверяет, что ни один истинный нибенеец не поддержит мятеж Варена.;;;;;;;;;;;;;x
eso.92.opt2;И так пришел конец Империи Длинного Дома.;;;;;;;;;;;;;x
eso.92.opt1;Варен должен быть уничтожен.;;;;;;;;;;;;;x
eso.93.desc;Восстание Варена против императора Леовика может быть единственной возможностью освободить Сиродиил из лап дикаря с Предела.;;;;;;;;;;;;;x
eso.93.opt1;Я должен поддержать Варена!;;;;;;;;;;;;;x
eso.93.opt2;Это не мои заботы.;;;;;;;;;;;;;x
eso.desc.95;Прошел месяц после того, как император Леовик узаконил поклонение даэдра в Империи. Варен Аквилариос, герцог Коррола и предводитель коловианской знати, направил императору ультиматум с требованием отречения и добровольного изгнания в Предел. Воспротивившись призывам Совета Старейшин, Леовик отверг предложение Варена и начал готовится к войне. К большой неудаче для мятежников, в то время как племянник Варена, правитель Кватча Каролус, возвел стену Варена, отрезав большую часть Коловии, имперский префект Анвила Бенирусa получил мандат на возвращение Кватча под власть Империи, что на некоторое время удержит Каролуса от восстания.;;;;;;;;;;;;;x
eso.95.opt1;Леовик безумен!;;;;;;;;;;;;;x
eso.95.opt2;Варен - мерзкий мятежник!;;;;;;;;;;;;;x
eso.desc.96;Прошел месяц после того, как император Леовик узаконил поклонение даэдра в Империи. Варен Аквилариос, герцог Коррола и предводитель коловианской знати, направил императору ультиматум с требованием отречения и добровольного изгнания в Предел. Вопреки призывам своей жены из рода Тарнов, Леовик удовлетворил требования Варена и удалился со своими сторонниками в добровольное изгнание в Предел. К несчастью для Варена, имперский префект Анвила Бенирус, ярый сторонник Леовика, отказался признать власть нового император и поклялся исполнить свой мандат и вернуть Кватч истинному императору. В то же время дерзкая пиратская Королева готовит вторжение в незащищенный Золотой Берег.;;;;;;;;;;;;;x
eso.96.opt1;Наконец-то кому-то удалось свергнуть Леовика!;;;;;;;;;;;;;x
eso.96.opt2;Варен - мерзкий узурпатор!;;;;;;;;;;;;;x
eso.94.desc;[From.GetTitledNameWithNick] обещал[From.GetEndA] поддержать восстание Варена!;;;;;;;;;;;;;x
eso.94.opt1;[GetRootFromInsultCap]!;;;;;;;;;;;;;x