upgrade_plating_ebony;Эбонитовое покрытие;;;;;;;;;;;;;x
upgrade_plating_ebony_desc;Насыщенная темнота эбонитового дерева, покрывающего эту статую, усиливает линии и детали предполагаемого предмета..;;;;;;;;;;;;;x
upgrade_statues_ancestors;Статуи Предков;;;;;;;;;;;;;x
upgrade_statues_ancestors_desc;Набор подробных статуй, которые, как говорят, представляют предков [Root.GetTitledName].;;;;;;;;;;;;;x
upgrade_standingstones_decision_tt;Разблокирует решение §YПерепись Звезд§!, позволяя персонажу менять свой знак рождения один раз в год.;;;;;;;;;;;;;x
skyforge_master_modifier_tt;Открывает §YНебесную Кузницу§!, минорный титул.;;;;;;;;;;;;;x
upgrade_skyforge_master;Небесная Кузница;;;;;;;;;;;;;x
title_skyforge_master_desc;Почетный титул - мастера кузнечного дела. Он будет работать в Небесной Кузнице, чтобы обеспечить творения самого высокого качества.;;;;;;;;;;;;;x
title_skyforge_master;Мастер Небесной Кузницы;;;;;;;;;;;;;x
upgrade_execution_chamber;Тигель;;;;;;;;;;;;;x
upgrade_execution_chamber_desc;В закрытом состоянии тигель внешне выглядит ничем не примечательным, однако эта камера, расположенная под великой кузницей, вызывает страх у тех, кто недоволен его хозяином. Тигель представляет собой коварное исполнительное устройство, в котором предназначенный материал запечатан внутри и залит расплавленный металл из кузницы сверху. Окончательный результат, когда Тигель открывается, - металлическая статуя жертвы, запертая в ужасной позе смерти на вечность.;;;;;;;;;;;;;x
wonder_skyforge;Йоррваскр;;;;;;;;;;;;;x
wonder_skyforge_desc;Согласно местной легенде, Йоррваскр является старейшим зданием в Вайтране. Когда-то он существовал один на горе, а остальной город возник вокруг него на протяжении веков. Сам Йоррваскр изначально был длинной ладьей, созданным для возвращения пятисот компаньонов Исграмора. Его капитаном был Джик из Реки, а его экипаж состоял из двадцати двух человек.;;;;;;;;;;;;;x
skyforge_smithing_enabled_tt;Разблокирует решение §GИспользовать Небесную Кузницу§!.\nМожно привлечь известных кузнецов и инженеров к вам.;;;;;;;;;;;;;x
use_skyforge_decision;Использовать Небесную Кузницу;;;;;;;;;;;;;x
use_skyforge_decision_desc;Используйте Небесную Кузницу для создания чудо-предмета.;;;;;;;;;;;;;x
rewrite_stars_decision;Переписать звезды;;;;;;;;;;;;;x
rewrite_stars_decision_desc;Измените свои судьбы, перепишите звезды и выберите новый знак рождения, прокладывая собственный путь в истории.;;;;;;;;;;;;;x
has_not_used_skyforge_recently;§YНЕ§! использовал недавно Небесную Кузницу.;;;;;;;;;;;;;x
skyforge_is_not_damaged;Небесная Кузница §YНЕ§! повреждена.;;;;;;;;;;;;;x
has_not_changed_birthsign_recently;§YНЕ§! изменял недавно знак рождения.;;;;;;;;;;;;;x
upgrade_port_master;Дом начальника порта;;;;;;;;;;;;;x
upgrade_port_master_desc;Подходящий дом для начальника порта, прибыльная должность, ответственный за управление всем портом и всеми его жителями.;;;;;;;;;;;;;x
wonder_senchal;Большой порт Сенчал;;;;;;;;;;;;;x
wonder_senchal_desc;Печально известный, но влиятельный порт на оконечности полуострова Куин'роул. Доки затмевают даже порты Имперского города, а берега и улицы прилегающих поселков до краев заполнены переполненными базарами и рынками под открытым небом. В густонаселенных гаванях обитают всевозможные пираты, контрабандисты и законные торговцы, которые действуют через южные моря, и Порт почти размером с город сам по себе.;;;;;;;;;;;;;x
upgrade_warehouse_senchal;Расширенные Склады;;;;;;;;;;;;;x
upgrade_warehouse_senchal_desc;Огромные здания, здесь достаточно места для хранения и обеспечения огромного количества товаров, которые ежедневно проходят через порт Сенчал.;;;;;;;;;;;;;x
port_master_custom_modifier_tt;Открывает §YНачальник порта Сейнчал§! второстепенный титул.;;;;;;;;;;;;;x
title_portmaster_senchal;Начальник порта Сейнчал;;;;;;;;;;;;;x
title_portmaster_senchal_desc;Начальник порта Сенчал - является весьма прибыльной должностью и является лицом непосредственно отвечающим за управление Великим портом, в том числе надзор за всеми пошлинами и десятинами за товары и лиц, перемещающихся через указанный порт.;;;;;;;;;;;;;x
wonder_mane_palace;Дворец Гривы;;;;;;;;;;;;;x
wonder_mane_palace_desc;Священное место, которое служит обителью Гривы и его народа. Грандиозные сооружения построены из дуба, вырезанного из лесов Валенвуда.;;;;;;;;;;;;;x
upgrade_moonsugar_gardens;Лунный сад;;;;;;;;;;;;;x
upgrade_moonsugar_gardens_desc;Совершенно симметричные, ухоженные сады священного лунного сахарного тростника, которые окружают дворец.;;;;;;;;;;;;;x
upgrade_statue_mane;Галерея Гривы;;;;;;;;;;;;;x
upgrade_statue_mane_desc;Длинная галерея скульптурных бюстов, на которых изображены прошлые Гривы;;;;;;;;;;;;;x
upgrade_retinue_mane;Казарма воина;;;;;;;;;;;;;x
upgrade_retinue_mane_desc;Казармы для размещения элитной гвардии воинов и их верховых монстров черного льва.;;;;;;;;;;;;;x
upgrade_retinue_jylkurfyk;Казарма Щитоносниц;;;;;;;;;;;;;x
upgrade_retinue_jylkurfyk_desc;Казармы для размещения элитных Щитоносниц Джилкурфика.;;;;;;;;;;;;;x
upgrade_lunar_lattice;Зал Лунной Фаз;;;;;;;;;;;;;x
upgrade_lunar_lattice_desc;Длинный Зал, ведущий к личным комнатам Гривы с панелями из гравированного черного дерева на стенах. Черные гравюры инкрустированы медью, серебром и золотом, изображая фазы двух лун и созвездий, поднятые гравюрами исторических персонажей хаджиитов, грив, героев и даже злодеев.;;;;;;;;;;;;;x
upgrade_inner_sanctuary_mane;Внутреннее Святилище;;;;;;;;;;;;;x
upgrade_inner_sanctuary_mane_desc;Священное и заповедное пространство внутри Дворца, куда могут войти только Грива и его самые высокопоставленные посетители.;;;;;;;;;;;;;x
upgrade_moonsugar_distillery;Лунный завод Лунного Сахара;;;;;;;;;;;;;x
upgrade_moonsugar_distillery_desc;Ликеро-водочный завод для производства очищенного экстракта лунного сахара, также известного как Скума, вещество, которое для каджитов может расширить их кругозор, но для других вызывает сильную зависимость и подрывает здровье.;;;;;;;;;;;;;x
produces_skooma_modifier_tt;Включает §YОтправить подарок - Скума§! Решение;;;;;;;;;;;;;x
unlock_meditative_retreat_tt;Разблокирует §YМедитационный отход§! Решение;;;;;;;;;;;;;x
not_recently_sent_skooma_tooltip;[From.GetTitledFirstName] недавно отправил подарок - Скума.;[From.Get_Le_TitledFirstName] недавно не отправил алкоголь в подарок;[From.GetTitledFirstName] hat nicht kьrzlich bereits Alkohol verschenkt.;;[From.GetTitledFirstName] no ha enviado recientemente ningъn regalo de alcohol.;;;;;;;;;x
opinion_gifted_skooma_addict;Была подарена Скума;;;;;;;;;;;;;x
opinion_gifted_skooma;Была подарена Скума;;;;;;;;;;;;;x
skooma_gift_decision;Отправить подарок - Скума;;;;;;;;;;;;;x
skooma_gift_decision_desc;Как у вас есть §YЛунный ликеро-водочный завод§!, вы можете отправить [Root.GetTitledFirstName] флакон самой чистой скумы;;;;;;;;;;;;;x
upgrade_retinue_senchal;Сторожевой порт;;;;;;;;;;;;;x
upgrade_retinue_senchal_desc;Кадровому стражу поручено поддерживать хоть немного вежливости и законности вдоль набережной.;;;;;;;;;;;;;x
upgrade_retinue_skyforge;Воины орла Небесной Кузни;;;;;;;;;;;;;x
upgrade_retinue_skyforge_desc;Постоянно размещенный отряд элитной тяжелой пехоты, посвященный защите Небесной Кузницы.;;;;;;;;;;;;;x
no_other_throne_tt;Не имеет трона.;;;;;;;;;;;;;x
upgrade_bloodworks;Яма;;;;;;;;;;;;;x
upgrade_bloodworks_desc;Яма, также известная как Кровавый завод, является основной боевой ареной в недрах Дворца, где заключенные борются за свою свободу и развлечение людей, которых они обидели.;;;;;;;;;;;;;x
upgrade_barracks_pok;Дворцовые казармы;;;;;;;;;;;;;x
upgrade_barracks_pok_desc;Комнаты Дворца расширились, чтобы вмещать в себя закаленных телохранителей и вельмож.;;;;;;;;;;;;;x
unlock_force_duel_decision_tt;Разблокирует §YДуэлянта§! Решение для §YБезжалостного§!, §YЖестокого§! и §YСамодур§! Персонажи. ;;;;;;;;;;;;;x
unlock_trial_by_combat_tt;Разблокирует §YИспытание в бою§! Решение о заключенном.;;;;;;;;;;;;;x
upgrade_war_room;Военная комната;;;;;;;;;;;;;x
upgrade_war_room_desc;Большая комната, посвященная планированию войны и разработке стратегии.;;;;;;;;;;;;;x
wonder_palace_of_kings;Дворец Королей;;;;;;;;;;;;;x
wonder_palace_of_kings_desc;Дворец королей был возведен династией Исграморов во времена Первой Империи Нордов. Это служило их местом власти, пока Империя не пришла к концу, и с тех пор служило резиденцией Верховных Королей Скайрима и Ярлов Истмарка.;;;;;;;;;;;;;x
not_recently_retreated_for_meditation_tooltip;Недавно НЕ медитировал.;;;;;;;;;;;;;x
recent_meditation;Недавно Медитировал;;;;;;;;;;;;;x
go_into_meditative_retreat_info_tooltip;Вы изолируете себя в своем внутреннем святилище.;;;;;;;;;;;;;x
unlocks_black_market_decision_tt;Открывает §YЧерный рынок§! Решение.\nИ Любое лицо из той же области, что и держатель чуда, может использовать это решение, кроме того, любое лицо, физически присутствующее в провинции, может также использовать это решение.;;;;;;;;;;;;;x
upgrade_pok_castellan;Хранитель дворца;;;;;;;;;;;;;x
upgrade_pok_castellan_desc;Хранитель Дворца Королей отвечает за управление и поддержание древнего дворца.;;;;;;;;;;;;;x
pok_castellan_custom_modifier_tt;Открывает §YХранитель Дворца§! второстепенный титул.;;;;;;;;;;;;;x
title_pok_custodian;Хранитель дворца;;;;;;;;;;;;;x
title_pok_custodian_desc;Хранитель Дворца Королей отвечает за управление и поддержание древнего дворца.;;;;;;;;;;;;;x
gladiator_opinion;Мнение Гладиаторов;;;;;;;;;;;;;x
upgrade_black_market;Черный Рынок;;;;;;;;;;;;;x
upgrade_black_market_desc;Иногда закрытие глаза на незаконный обмен товарами и услугами может принести правителю больше пользы, чем соблюдение буквы закона.;;;;;;;;;;;;;x
upgrade_siege_engine_workshop_sf;Мастерская осадных машин;;;;;;;;;;;;;x
upgrade_siege_engine_workshop_sf_desc;Отличная мастерская, посвященная разработке и созданию новых военных машин.;;;;;;;;;;;;;x
meditative_retreat_trait;Медитировать;;;;;;;;;;;;;x
meditative_retreat_trait_desc;[GetTitledFirstName] отступил к своему §YВнутреннему Святилищу§! на период медитативного уединения.;;;;;;;;;;;;;x
end_meditative_retreat_tt;Вы возвращаетесь из своего уединения.;;;;;;;;;;;;;x
stop_meditative_retreat_decision;Конец медитативного уединения;;;;;;;;;;;;;x
stop_meditative_retreat_decision_desc;Ваше время уединения и медитации должно закончиться в какой-то момент. Почему не сейчас?;;;;;;;;;;;;;x
enlightened_meditation;Недавно Медитировал;;;;;;;;;;;;;x
ekwonder.25.d;Вы провели несколько месяцев в уединении в своем внутреннем святилище. Как бы вы ни тратили это время, вы, должно быть, потратили его хорошо, ваши придворные и сопровождающие комментируют, насколько вы спокойны и решительны сейчас.;;;;;;;;;;;;;x
ekwonder.25.opt;Мое уединение было очень созерцательным.;;;;;;;;;;;;;x
ekwonder.1.d;[generated_forgemaster.GetFullName] прибыл в ваше царство.\n[generated_forgemaster.GetFirstName] личность довольно известная среди торгового класса благодаря своему мастерству в металлургии. Они предложили свои услуги в обмен на возможность отработать свои навыки в качестве нового мастера Небесной Кузницы.;;;;;;;;;;;;;x
ekwonder.1.opt3;Мне не нужно [generated_forgemaster.GetFirstName].;;;;;;;;;;;;;x
ekwonder.1.opt2;Предлагает [generated_forgemaster.GetFirstName] позиция во дворе.;;;;;;;;;;;;;x
ekwonder.1.opt1;Добро пожаловать [generated_forgemaster.GetFirstName]!;;;;;;;;;;;;;x
# Skyforge crafting
SKYFORGE_CRAFTING_LOWER_QUALITY_CT;Качество вашей работы будет §RНиже§!.;;;;;;;;;;;;;x
SKYFORGE_CRAFTING_RAISE_QUALITY_CT;Качество вашей работы будет §GВыше§!.;;;;;;;;;;;;;x
ekwonder.5.d;Как владелец Небесной Кузницы, у вас есть доступ к лучшим кузнецам и материалам, которые можно найти в Скайриме. Они готовы помочь вам в изготовлении лучших клинков и доспехов, которые может получить любой гордый Норд.;;;;;;;;;;;;;x
ekwonder.5.optA;Мне нужно сильное оружие.;;;;;;;;;;;;;x
skyforge_forge_sword_axe_ct;Вы попытаетесь выковать §YНордский клинок§! или §YНордский топор§!.;;;;;;;;;;;;;x
ekwonder.5.optB;Нужно также защитить себя...;;;;;;;;;;;;;x
skyforge_forge_armor_shield_ct;Вы попробуете сделать §YНордский щит§! или §YНордская резная броня§!.;;;;;;;;;;;;;x
ekwonder.5.optC;Небесная Кузница также может быть использована для изготовления ювелирных украшений.;;;;;;;;;;;;;x
skyforge_forge_amulet_ct;Вы попробуете сделать §YНордский амулет§!.;;;;;;;;;;;;;x
ekwonder.5.optD;Я передумал.;;;;;;;;;;;;;x
ekwonder.6.d;Мощное оружие, изготовленное из тончайшей стали, всегда было и остается лучшим другом Норда. Лезвия, булавы, топоры, кинжалы, луки, эта кузница создала их всех...;;;;;;;;;;;;;x
ekwonder.6.optA;Мне нужен меч.;;;;;;;;;;;;;x
skyforge_forge_sword_ct;Вы попытаетесь сделать §YНордский Меч§!. Меч, как правило, дает более высокий §YВоенный§! навык, чем другое оружие.;;;;;;;;;;;;;x
ekwonder.6.optB;Топор - это то, что мне нужно.;;;;;;;;;;;;;x
skyforge_forge_axe_ct;Вы попытаетесь сделать §YНордский топор§!. Топоры, как правило, улучшают качество вашей пехоты и имеют более высокий бонус к §YЛичным боевым навыкам§!.;;;;;;;;;;;;;x
ekwonder.7.d;Любой дурак может владеть оружием. Но способность быстро перемещаться в доспехах, уклоняться или поглощать то, что в противном случае было бы смертельным ударом, - это искусство, которое многие люди не могут претендовать на освоение. И конечно, качество доспехов играет очень важную роль в бою.;;;;;;;;;;;;;x
ekwonder.7.optA;Я создам полную броню.;;;;;;;;;;;;;x
skyforge_forge_armor_ct;Вы попытаетесь сделать §YНордскую резную броню§!.;;;;;;;;;;;;;x
ekwonder.7.optB;Одноручное оружие наиболее эффективно при использовании со щитом.;;;;;;;;;;;;;x
skyforge_forge_shield_ct;Вы попытаетесь сделать §YНордский Щит§!. Щиты можно носить только по крайней мере одной свободной рукой.;;;;;;;;;;;;;x
ekwonder.8.d;У нордов, скаалов или атморцев всегда были сильные традиции в ювелирном деле. На протяжении тысячелетий он использовался для представления божеств и духов и чтит наше славное прошлое, поэтому мы никогда не забываем, откуда мы пришли.;;;;;;;;;;;;;x
ekwonder.8.optA;Я тщательно изготовлю Нордский Амулет.;;;;;;;;;;;;;x
ekwonder.8.optB;Я тщательно изготовлю Амулет Скаала.;;;;;;;;;;;;;x
ekwonder.9.d;Одним из наиболее важных элементов ковки является выбор правильных материалов для работы. В Скайриме, как известно, есть несколько богатых шахт, с некоторыми из самой прекрасной стали всего Тамриэля. В Вайтране есть несколько шахт поблизости с более низким качеством, но более дешевой рудой. В качестве альтернативы, мы могли бы также использовать любые отходы, оставленные вокруг кузницы, хотя это повредит качеству конечного результата.;;;;;;;;;;;;;x
ekwonder.9.optA;Мне нужна самая лучшая руда, которую есть в Скайриме!;;;;;;;;;;;;;x
ekwonder.9.optB;Покупайте руду у местных торговцев и шахтеров.;;;;;;;;;;;;;x
ekwonder.9.optC;Используйте все, что мы можем найти, пока это дешево.;;;;;;;;;;;;;x
ekwonder.9.optD;Я точно знаю, с кем связаться...;;;;;;;;;;;;;x
is_trader_tooltip_info;Эта опция доступна, потому что вы §YТорговец§!.;;;;;;;;;;;;;x
ekwonder.10.d;Известно, что работа в течение нескольких дней возле кузницы наносит ущерб чьему-либо телу. И наш случай не исключение. Но если бы мы просто продвигались вперед за счет потенциально опасной раны, наше ремесло, безусловно, было бы гораздо более высокого качества.;;;;;;;;;;;;;x
ekwonder.10.optA;Это будет маленький синяк, не более того.;;;;;;;;;;;;;x
ekwonder.10.optB;Может быть, мне стоит какое-то время не торопиться.;;;;;;;;;;;;;x
ekwonder.10.optC;Не волнуйся, я могу взять это.;;;;;;;;;;;;;x
is_strong_tooltip_info;Эта опция доступна, потому что вы §YСильный§!.;;;;;;;;;;;;;x
ekwonder.11.d;Последние несколько дней были просто потрачены впустую! Почти вся наша работа должна быть выброшена, а также руда и большая часть нашего кузнечного оборудования. Мы могли бы также попытаться собрать вместе то, что может быть, но это, безусловно, приведет к более низкому качеству конечного результата.;;;;;;;;;;;;;x
ekwonder.11.optA;Мы начнем снова.;;;;;;;;;;;;;x
ekwonder.11.optB;Получить то, что можно сохранить и начать снова.;;;;;;;;;;;;;x
ekwonder.11.optC;Хм, я не думаю, что это такая большая проблема, как некоторые утверждают...;;;;;;;;;;;;;x
is_blacksmith_tooltip_info;Эта опция доступна, потому что вы §YКузнец§!.;;;;;;;;;;;;;x
ekwonder.12.d;Вайтран, благодаря многочисленным торговым маршрутам, которые проходят поблизости, каждый день видит бесчисленное количество посетителей. Один из них, молодой маг, заинтересовался Небесной Кузницей и работой, которую мы здесь делаем. Он предложил помочь нам в нашем ремесле. Магические благословения, безусловно, повысят качество нашего ремесла...;;;;;;;;;;;;;x
ekwonder.12.optA;Хорошо, твори свою магию.;;;;;;;;;;;;;x
ekwonder.12.optB;Нам не нужна твоя магия, маг.;;;;;;;;;;;;;x
ekwonder.12.optC;Я могу сделать это сам.;;;;;;;;;;;;;x
ekwonder.13.d;Стихийное бедствие! Сама Небесная Кузница была повреждена. Хотя это не должно мешать нашим текущим усилиям, когда мы закончим, о Небесной Кузнице нужно будет позаботиться.;;;;;;;;;;;;;x
ekwonder.13.optA;Что, пять лет?!;;;;;;;;;;;;;x
ekwonder.14.d;Даже самый опытный кузнец не всегда может полагаться только на свое воображение или память для изготовления высококачественного оборудования. Мы и наши помощники, возможно, переоценили свои возможности, и нам потребуется либо нанять кого-то из-за пределов провинции, чтобы помочь, либо снизить наши ожидания.;;;;;;;;;;;;;x
ekwonder.14.optA;Приведите кого-нибудь из Акавира, если нужно!;;;;;;;;;;;;;x
ekwonder.14.optB;Давайте снизим наши ожидания.;;;;;;;;;;;;;x
ekwonder.14.optC;Конечно, кто-то из гильдии может помочь...;;;;;;;;;;;;;x
is_part_warrior_guild_tooltip_info;Эта опция доступна, потому что вы являетесь частью §YВоенного общества§!.;;;;;;;;;;;;;x
ekwonder.19.d;Сделано. Артефакт, на который вы потратили столько времени и ресурсов, был создан. Его качество зависит от того, сколько ресурсов было потрачено на него, и как вы действовали во время его создания...;;;;;;;;;;;;;x
ekwonder.19.optA;Это катастрофа!;;;;;;;;;;;;;x
skyforge_no_artifact_ct;К сожалению, артефакт будет настолько низкого качества, что его нельзя будет использовать... Его нужно было выбросить, ради вашей же безопасности.;;;;;;;;;;;;;x
ekwonder.19.optB;Ничего особенного, но он сделает свою работу.;;;;;;;;;;;;;x
ekwonder.19.optC;Очень хорошее мастерство. Мы можем гордиться нашей работой.;;;;;;;;;;;;;x
ekwonder.19.optD;Это почти идеально...;;;;;;;;;;;;;x
ekwonder.19.optE;Даже древние герои Скайрима позавидовали бы такому прекрасному произведению!;;;;;;;;;;;;;x
# Imperial City
wonder_imperial_city;Имперский Город;;;;;;;;;;;;;x
wonder_imperial_city_desc;Самый большой город в Нирне место прошлых и будущих империй.;;;;;;;;;;;;;x
title_ic_custodian;Хранитель Имперского Города;;;;;;;;;;;;;x
title_ic_custodian_desc;Очень желаемая должность, Хранитель Имперского Города отвечает за управление великим Имперским городом и его жителями.;;;;;;;;;;;;;x
title_ic_custodian_custom_modifier_tt;Открывает §YХранителя Имперского Города§! второстепенный титул.;;;;;;;;;;;;;x
upgrade_ic_custodian;Дом Хранителя;;;;;;;;;;;;;x
upgrade_ic_custodian_desc;Подходящий дом для Хранителя Имперского Города, Совершенный, ответственный за администрацию и управление Имперским Городом и его жителями.;;;;;;;;;;;;;x
upgrade_temple_of_the_one;Храм Единого;;;;;;;;;;;;;x
upgrade_temple_of_the_one_desc;Храм Единого является крупнейшим религиозным сооружением в Сиродиле, расположенном в Храмовом районе Имперского города. Это великое сооружение, основа церемонии и официального богослужения со времен Римана I и традиционого ритуала «Драконих Огней», посвящено невыразимому божеству Ордена Алессиан - Единого. Хотя не было известно, что Римане следовали учениям Алессии, они регулярно использовали храм для поклонения.;;;;;;;;;;;;;x
upgrade_imperial_arboretum;Дендрарий;;;;;;;;;;;;;x
upgrade_imperial_arboretum_desc;Императорский дендрарий - один из крупнейших ботанических садов Тамриэля с редкими растениями и образцами со всего Нирна. Жители и путишественики со всего Тамриэля едут в город, чтобы посетить этот чудесный парк.;;;;;;;;;;;;;x
upgrade_imperial_arena;Имперская Арена;;;;;;;;;;;;;x
upgrade_imperial_arena_desc;;;;;;;;;;;;;;x
upgrade_office_of_commerce;Дом Имперской Торговли;;;;;;;;;;;;;x
upgrade_office_of_commerce_desc;;;;;;;;;;;;;;x
upgrade_imperial_prison;Императорская Городская тюрьма;;;;;;;;;;;;;x
upgrade_imperial_prison_desc;Расширение Легионерской Крепости для размещения заключенных гарантирует, что верные солдаты смогут удержать любого преступника.;;;;;;;;;;;;;x
upgrade_ip_bastion;Бастион;;;;;;;;;;;;;x
upgrade_ip_bastion_desc;Большая башня, уступающая только Белому Золоту, которая находится в центре города. Бастион доминирует над крепостью на северо-восточной окраине города и служит штаб-квартирой Имперского легиона.;;;;;;;;;;;;;x
upgrade_imperial_chapel;Императорская Часовня Божеств;;;;;;;;;;;;;x
upgrade_imperial_chapel_desc;Часовня, посвященная Божествам, является более подходящим местом поклонения для последователей Аэдр, чем Храм, посвященный одному божеству.;;;;;;;;;;;;;x
fight_to_death_execution_tt;Жестокие, Безрассудные или Безжалостные персонажи могут осуждать сражаться до смерти на арене.;;;;;;;;;;;;;x
send_to_imperial_prison_modifier_tt;Сюда могут быть отправлены заключенные, что делает их бегство почти невозможным.;;;;;;;;;;;;;x
upgrade_noble_manors;Благородные усадьбы;;;;;;;;;;;;;x
upgrade_noble_manors_desc;Поместья, построенные в более богатых районах города, предназначены исключительно для посещения дворян и высокопоставленных лиц, поэтому они могут уединиться, когда это необходимо, от суеты Двора.;;;;;;;;;;;;;x
gambler_opinion;Мнение Игроков;;;;;;;;;;;;;x
upgrade_imperial_sewers;Отремонтированная канализационная система;;;;;;;;;;;;;x
upgrade_imperial_sewers_desc;Имперский Город расположен на обширной сети лабиринтных пещер, туннелей и айлейдских руин, которые также являются канализационными сетями города. Ремонт, расширение и обеспечение безопасности этих туннелей обеспечат более здоровый и чистый город.;;;;;;;;;;;;;x
upgrade_great_aqueduct;Большой Акведук;;;;;;;;;;;;;x
upgrade_imperial_hospital;Императорский госпиталь;;;;;;;;;;;;;x
upgrade_imperial_hospital_desc;Место, где больные и умирающие могут найти утешение и возможно лекарство.;;;;;;;;;;;;;x
upgrade_great_aqueduct_desc;Огромный акведук снабжает чистой водой сеть фонтанов вокруг Имперского Города.;;;;;;;;;;;;;x
can_recruit_physician_custom_tt;Разблокирует §YХирург§! Решение.;;;;;;;;;;;;;x
recruit_chirurgeon_decision;Рекрут Хирург;;;;;;;;;;;;;x
recruit_chirurgeon_decision_desc;Наберите Главного Целителя из Императорского Госпиталя.;;;;;;;;;;;;;x
upgrade_imperial_guard;Казармы Имперской Гвардии;;;;;;;;;;;;;x
nick_the_sawbones;Костоправ;;;;;;;;;;;;;x
nick_the_barber;Цирюльник;;;;;;;;;;;;;x
nick_the_phylogenist;Филогенист;;;;;;;;;;;;;x
upgrade_imperial_guard_desc;Жилье для Имперской Гвардии, элитного подразделения Легиона, посвященного защите Имперского Города и его правителя.;;;;;;;;;;;;;x
ekwonder.26.d;Как и требовалось, [event_target:invited_character.GetFullName] из Императорского госпиталя явился в суд для рассмотрения вопроса о назначении.;;;;;;;;;;;;;x
ekwonder.26.d.alienist;Как и требовалось, Императорский госпиталь прислал одного из лучших практиков для рассмотрения в качестве вашего нового придворного врача. Добрый, терпеливый человек по имени [event_target:invited_character.GetFullName] стоит перед вами, его называют Психиатром. [event_target:invited_character.GetSheHe] специализируется на вопросах разума и духа, полагая, что все беды проистекают из наших страхов, эмоций и так называемого подсознания.;;;;;;;;;;;;;x
ekwonder.26.d.sawbones;Как и требовалось, Императорский госпиталь прислал одного из лучших практиков для рассмотрения в качестве вашего нового придворного врача. Стоящий перед тобой - это [event_target:invited_character.GetFullName], довольно грубого вида [event_target:invited_character.GetManWoman] с осанкой солдата. [event_target:invited_character.GetFirstName] замечает, что ты смотришь на деревянный колышек, который служит ему ногой, "Я ее сам отпилил, маг разрушения сделал из нее культяпку.". [event_target:invited_character.GetFirstName] это тот, кого солдаты ласково называют Костоправ, хирург поля битвы.;;;;;;;;;;;;;x
ekwonder.26.d.barber;Как и требовалось, Императорский госпиталь прислал одного из лучших практиков для рассмотрения в качестве вашего нового придворного врача. Изящно украшенный, очень хорошо одетый [event_target:invited_character.GetFullName] стоит перед вами. "Я могу исполнить любое ваше желание, милорд, будь то лечение от любой болезни, которая вас одолевает, или придание вашим волосам модного стиля.". [event_target:invited_character.GetFirstName] Хирург-Парикмахер, странное, но удивительно распространенное сочетание врача, портного и парикмахера.;;;;;;;;;;;;;x
ekwonder.26.d.phylogenist;Как и требовалось, Императорский госпиталь прислал одного из лучших практиков для рассмотрения в качестве вашего нового придворного врача. [event_target:invited_character.GetFullName] Филогенист, тот, кто изучает историю и развитие различных видов и "организмов". Очень эрудированный человек сжимает в руках большой грубый том, бумаги торчат во все стороны: "Для меня было бы честью служить вашим врачом, [Root.GetTitledName]. Я посвятил свою жизнь изучению биологии всех вещей, и это знание дало мне особое понимание внутренней и внешней работы естественного тела.".;;;;;;;;;;;;;x
ekwonder.26.d.chemist;Как и требовалось, Императорский госпиталь прислал одного из лучших практиков для рассмотрения в качестве вашего нового придворного врача. Перед вами стоит довольно обычный на вид человек, если не считать предметов, висящих у него на поясе. Различные флаконы и сушеные травы украшают талию, и запах камфары разносится по двору. [event_target:invited_character.GetFullName] Алхимик, хотя сами они предпочитают коротко называться Химиками.;;;;;;;;;;;;;x
ekwonder.26.opt1;[event_target:invited_character.GetFullName] является приемлемым придворным врачом.;;;;;;;;;;;;;x
ekwonder.26.opt2;[event_target:invited_character.GetFullName] желанный гость при моем дворе.;;;;;;;;;;;;;x
leaves_court_tt;[event_target:invited_character.GetFullName] покидает ваш двор.;;;;;;;;;;;;;x
title_master_shipwright_jyl;Корабельный мастер Йолкурфика;;;;;;;;;;;;;x
title_master_shipwright_jyl_desc;Руководитель огромных верфей Йолкурфика, Мастер Судостроитель отвечает за надзор и проектирование судов и верфей.;;;;;;;;;;;;;x
upgrade_skyforge_master_desc;Легенда гласит, что Небесная Кузница существовала еще до того, как эта область была заселена. Согласно «Песням о возвращении», местные эльфы считали, что это реликвия богов, и, следовательно, дали этому району широкое место. Однако Исграмор и его Соратники поспешили заявить, что Небесная Кузница стал их собственностью, когда они его обнаружили.;;;;;;;;;;;;;x
upgrade_siege_engine_workshop;Мастерская осадных машин;;;;;;;;;;;;;x
upgrade_siege_engine_workshop_desc;Отличная мастерская, посвященная разработке и созданию новых двигателей войны.;;;;;;;;;;;;;x
upgrade_meadery;Медоварня;;;;;;;;;;;;;x
upgrade_meadery_desc;Место для производства Меда, алкогольного напитка из меда, популярного среди северных регионов Тамриэля. Хотя это, вероятно, не принесет вам никакой прибыли, это может сделать вас популярным.;;;;;;;;;;;;;x
upgrade_necromancer_retinue;Скелеты-Стражи;;;;;;;;;;;;;x
upgrade_necromancer_retinue_desc;Использование костей мертвых является второй натурой Некроманта, но привязать их к месту и сохранить их живыми, не требуя мгновенного использования, требует пожертвовать частью собственной жизни Некроманта. Это, однако, обеспечит улыбающиеся лица этих давно убитых солдат, которые будут всегда следить [FromFrom.GetWonderTypeShortCap].;;;;;;;;;;;;;x
raise_skeletal_guardians_custom_modifier_tt;Позволяет набирать §YСкелеты-Стражи§!.;;;;;;;;;;;;;x
upgrade_retinue_understone;Подкаменная гвардия;;;;;;;;;;;;;x
upgrade_retinue_understone_desc;Кадры элитных гвардейцев защищают залы и стены этой древней крепости.;;;;;;;;;;;;;x
upgrade_retinue_motalion;Моталионская Стража;;;;;;;;;;;;;x
upgrade_retinue_motalion_desc;Временами даже покойным мертвецам нужна защита.;;;;;;;;;;;;;x
upgrade_motalion_overseer;Надгробный надзиратель;;;;;;;;;;;;;x
upgrade_motalion_overseer_desc;Заслуженный чести и уважения, Смотритель гарантирует, что мертвые остаются спокойными, и все надлежащие ритуалы и обряды проводятся.;;;;;;;;;;;;;x
title_motalion_overseer;Надгробный надзиратель;;;;;;;;;;;;;x
title_motalion_overseer_desc;Смотритель Моталиона, обладающий большой честью и уважением, обеспечивает соблюдение всех ритуалов и всех обрядов, совершаемых мертвым, и что их покой остается одним из мира.;;;;;;;;;;;;;x
motalion_overseer_custom_modifier_tt;Открывает §YПохоронный Надзиратель§! второстепенный титул.;;;;;;;;;;;;;x
master_shipwright_custom_modifier_tt;Открывает §YМастер Кораблестроитель§! второстепенный титул.;;;;;;;;;;;;;x
wonder_motalion;Моталионский Некрополь;;;;;;;;;;;;;x
wonder_motalion_desc;Огромный Город Мёртвых, где живут сотни гробниц предков, склепы и места паломничества многих Ра-Гада.;;;;;;;;;;;;;x
wonder_understone;Подкаменная крепость;;;;;;;;;;;;;x
wonder_understone_desc;Подкаменная крепость - это всего лишь ворота в обширные пещеры, которые когда-то служили главной крепостью для двемерского населения Предела , а также большой, сильно укрепленный бастион, господствующий над городом Маркартом.;;;;;;;;;;;;;x
upgrade_rice_field;Рисовые поля;;;;;;;;;;;;;x
upgrade_rice_field_desc;Место для выращивания отборных, культивируемых сортов риса для ферментации.;;;;;;;;;;;;;x
upgrade_coconut_orchard;Кокосовый Сад;;;;;;;;;;;;;x
upgrade_coconut_orchard_desc;Это место, где можно выращивать высокие кокосовые пальмы и варить нектар их цветов в алкогольные напитки.;;;;;;;;;;;;;x
upgrade_dairy_brewer;Молочный пивовар;;;;;;;;;;;;;x
upgrade_dairy_brewer_desc;Место, где можно хранить молочное стадо и варить из него молоко в крепкие алкогольные напитки.;;;;;;;;;;;;;x
no_other_alcohol_tt;Не имеет другой алкогольной продукции.;;;;;;;;;;;;;x
wonder_jylkurfyk;Верфи Йолкурфик;;;;;;;;;;;;;x
wonder_jylkurfyk_desc;Массивные Верфи Йолкурфика, где атморы строили свои длинные корабли, на которых они совершали набеги на северные побережья Тамриэля. Именно здесь Исграмор и Пятьсот Соратников построили свой флот, который отплыл в Тамриэль.;;;;;;;;;;;;;x
upgrade_siege_engine_workshop_understone;Двемерская осадная мастерская;;;;;;;;;;;;;x
upgrade_siege_engine_workshop_understone_desc;Раскопки двемерских руин обнаружили запасы их старых машин, в то время как нефункциональный металл и его компоненты перерабатываются в этой мастерской в новые двигатели войны.;;;;;;;;;;;;;x
upgrade_dwemer_walls;Двемерские стены;;;;;;;;;;;;;x
upgrade_dwemer_walls_desc;Сильные стены двемеров окружают и защищают [From.GetWonderTypeShortCap] от потенциальных злоумышленников.;;;;;;;;;;;;;x
upgrade_dwemer_cannon;Двемерская артиллерия;;;;;;;;;;;;;x
upgrade_dwemer_cannon_desc;Несколько Двемерских пушек были найдены при раскопках руин в [FromFrom.GetWonderTypeShortCap].;;;;;;;;;;;;;x
gives_dwemer_cannon_artifact_tt;Дает §FДвемерские Пушки§! Артефакт.;;;;;;;;;;;;;x
upgrade_tomb_blessed_interment;Могила Благословенного Погребения;;;;;;;;;;;;;x
upgrade_tomb_blessed_interment_desc;Самая запутанная из Гробниц в Городе Мертвых, Гробница Благословенного Погребения предназначена только для самых набожных и благочестивых в Ра Гаде, часто первосвященников и бывших надзирателей Моталиона.;;;;;;;;;;;;;x
upgrade_crypt_virtuous_maidens;Склеп Добродетельных Дев;;;;;;;;;;;;;x
upgrade_crypt_virtuous_maidens_desc;Божественный склеп для погребения жриц, молодых незамужних женщин без потомства и избранных добродетельных матрон, которые прожили долгую, благочестивую жизнь.;;;;;;;;;;;;;x
upgrade_temple_tuwhacca;Храм Ту'вакки;;;;;;;;;;;;;x
upgrade_temple_tuwhacca_desc;Бог душ и далеких берегов. Именно с благословения Ту'Вакки начинаются обряды мумификации, и именно под этим Храмом совершаются обряды.;;;;;;;;;;;;;x
upgrade_crypt_of_the_forgotten;Гробница Забытых;;;;;;;;;;;;;x
upgrade_crypt_of_the_forgotten_desc;Даже преступники, бродяги, обездоленные и прочие отбросы общества заслуживают погребения и соблюдения обрядов, альбиет их вечная обитель-это не более чем грубо высеченная катакомба, набитая завернутыми трупами. Любой, кто попытается посетить предка или любимого человека, похороненного здесь, будет очень трудно найти их.;;;;;;;;;;;;;x
upgrade_ancestral_crypt_motalion;[Root.GetDynName] Родовой Мавзолей;;;;;;;;;;;;;x
upgrade_ancestral_crypt_motalion_desc;Экстравагантный, богато украшенный мавзолейный комплекс для размещения мертвых Дома [Root.GetLastWordInDynastyName].;;;;;;;;;;;;;x
ancestral_burial_motalion_text;Члены [Root.GetDynName] могутпохоронены здесь после смерти.;;;;;;;;;;;;;x
DEATH_EXECUTION_SKYFORGE_CHAMBER;был заключен в тигель, осыпан расплавленным металлом и превращен в гримасничающую статую на все времена $KILLER$.;;;;;;;;;;;;;x
DEATH_EXECUTION_SKYFORGE_CHAMBER_NO_KILLER;был заключен в тигель, осыпан расплавленным металлом и превращен в гримасничающую статую на все времена.;;;;;;;;;;;;;x
physician;Имперский Хирург;;;;;;;;;;;;;x
physician_desc;[Root.GetFirstName] является известным и высококвалифицированным хирургом Императорского госпиталя, главного медицинского учреждения Тамриэля.;;;;;;;;;;;;;x
ekwonder.20.opt.1;Подарить [GetAlcoholContainerTypeCap] [GetBeerType].;;;;;;;;;;;;;x
ekwonder.20.opt.2;Подарить [GetAlcoholContainerTypeCap] [GetWineType].;;;;;;;;;;;;;x
ekwonder.20.opt.3;Подарить [GetAlcoholContainerTypeCap] [GetMeadType].;;;;;;;;;;;;;x
ekwonder.20.opt.4;Подарить [GetAlcoholContainerTypeCap] [GetSakeType].;;;;;;;;;;;;;x
ekwonder.20.opt.5;Подарить [GetAlcoholContainerTypeCap] [GetArrackType].;;;;;;;;;;;;;x
ekwonder.20.opt.6;Подарить [GetAlcoholContainerTypeCap] [GetKumisType].;;;;;;;;;;;;;x
ekwonder.20.opt.7;Но я передумал. Сегодня никаких подарков.;;;;;;;;;;;;;x
String_Stout;Стаут;;;;;;;;;;;;;x
String_Lager;Светлое пиво;;;;;;;;;;;;;x
String_WhiteWine;Белое вино;;;;;;;;;;;;;x
String_RedWine;Красное вино;;;;;;;;;;;;;x
String_RoseWine;Роза;;;;;;;;;;;;;x
String_PortWine;Порт;;;;;;;;;;;;;x
String_SparklingWine;Игристое вино;;;;;;;;;;;;;x
String_Mead;Мёд;;;;;;;;;;;;;x
String_Chuak;;;;;;;;;;;;;x
String_Mirin;;;;;;;;;;;;;x
String_Choujiu;;;;;;;;;;;;;x
String_Mijiu;;;;;;;;;;;;;x
String_Sake;;;;;;;;;;;;;x
String_Berrymead;Ягодный мед;;;;;;;;;;;;;x
String_Blackmead;Черный мед;;;;;;;;;;;;;x
String_Braggot;Брага;;;;;;;;;;;;;x
String_Melomel;Меломель;;;;;;;;;;;;;x
String_Metheglin;Метеглин;;;;;;;;;;;;;x
String_Morat;Морат;;;;;;;;;;;;;x
String_Redmead;Красный мед;;;;;;;;;;;;;x
String_Kumis;Кумыс;;;;;;;;;;;;;x
String_Airag;Айран;;;;;;;;;;;;;x
String_Blaand;Блаэнд;;;;;;;;;;;;;x
String_Kephir;Кефир;;;;;;;;;;;;;x
String_Mursik;Морс;;;;;;;;;;;;;x
String_Arrack;Арак;;;;;;;;;;;;;x
String_Tembo;Тембо;;;;;;;;;;;;;x
String_Rotmeth;Ротмет;;;;;;;;;;;;;x
String_Jagga;Джагга;;;;;;;;;;;;;x
upgrade_investment_logging;Лесозаготовительные Лагеря;;;;;;;;;;;;;x
upgrade_investment_logging_desc;Огромные лесные массивы окружают [From.GetWonderTypeShortCap], который можно использовать, создав сеть лагерей для лесозаготовок.;;;;;;;;;;;;;x
upgrade_investment_quarry;Карьер;;;;;;;;;;;;;x
upgrade_investment_quarry_desc;Большой карьер, чтобы использовать прекрасный камень в [FromFromFrom.GetName].;;;;;;;;;;;;;x
upgrade_sewers;Коллекторы;;;;;;;;;;;;;x
upgrade_sewers_desc;Разветвленная сеть туннелей и трубопроводов проходит под основными поселениями этой провинции.;;;;;;;;;;;;;x
upgrade_freshwater_fountains;Фонтаны;;;;;;;;;;;;;x
upgrade_freshwater_fountains_desc;Декоративные фонтаны, обеспечивающие свежую, прохладную воду вокруг [FromFromFrom.GetName].;;;;;;;;;;;;;x
upgrade_aqueduct_system;Акведук;;;;;;;;;;;;;x
upgrade_aqueduct_system_desc;Сеть акведуков доставляет пресную воду во многие районы [FromFromFrom.GetName] ,которые в противном случае потребовали бы длительных поездок или караванов для этой самой основной животворящей жидкости.;;;;;;;;;;;;;x
upgrade_drainage_channels;Дренажные каналы;;;;;;;;;;;;;x
upgrade_drainage_channels_desc;Серия дренажных каналов высечена в болотистой местности, окружающей [FromFrom.GetWonderTypeShortCap].;;;;;;;;;;;;;x
upgrade_tree_plantation;Плантации деревьев;;;;;;;;;;;;;x
upgrade_tree_plantation_desc;Несколько больших областей ранее заболоченного [FromFromFrom.GetName] были засажены деревьями со всего Нирна, которые ценят за их способность поглощать влагу из земли, что значительно сокращает среду обитания насекомых, распространяющих болезни.;;;;;;;;;;;;;x
has_not_blackmarket_timer;Недавно не посещал черный рынок.;;;;;;;;;;;;;x
visit_blackmarket_tt;Вы посещаете черный рынок.;;;;;;;;;;;;;x
seduce_compatible_species_only_no_yiffing;Эта совместимая раса.;;;;;;;;;;;;;x
orgnum_temple_destroy_throne_decision;Разрушить трон во дворце Оргнума;;;;;;;;;;;;;x
orgnum_temple_destroy_throne_decision_desc;Узурпатор до сих пор имеет свой трон во дворце Оргнума. Мы должны снести его и построить новый, соответствующий нашим потребностям.;;;;;;;;;;;;;x
ORGNUM_THRONE_DESTROYED_CT;Трон ложного бога Оргнума будет разрушен, и вместо него будет построен один в честь убийцы богов.;;;;;;;;;;;;;x
GODSLAYER_THRONE_DESTROYED_CT;Трон Убийцы Богов будет разрушен, и вместо него будет построен один в честь нашего Бога Оргнума.;;;;;;;;;;;;;x
wonder_temple_orgnum;Храм Оргнума;;;;;;;;;;;;;x
wonder_temple_orgnum_desc;[GetTempleOrgnumDesc];;;;;;;;;;;;;x
wonder_temple_orgnum_orgnum_repaired;Гигантский храм, посвященный богу-королю Оргнуму. Это место его власти, и легенды говорят, что любое действие, предпринимаемое в его залах, оказывает влияние на весь остров.;;;;;;;;;;;;;x
wonder_temple_orgnum_orgnum_destroyed;Гигантский храм, посвященный богу-королю Оргнуму. Десятилетия языческой оккупации повредили храм за пределы того, что большинство смертных сочло бы спасительным. К счастью, Оргнум не просто смертный.;;;;;;;;;;;;;x
wonder_temple_orgnum_heathen_destroyed;Гигантский храм, ранее посвященный так называемому «Богу-Королю» Оргнуму. Пока мы сохраняем его, его вера и авторитет подорваны.;;;;;;;;;;;;;x
wonder_temple_orgnum_godslayer_destroyed;Гигантский храм, где проживает "Бог-Король" Оргнум. Теперь, когда мы убили его, возможно, пришло время изменить его.;;;;;;;;;;;;;x
wonder_temple_orgnum_godslayer_repaired;Гигантский храм, посвященный подвигам убийцы богов. Артефакты, ранее принадлежавшие Оргнуму, обнажаются как демонстрация силы Убийцы Богов и их родословной.;;;;;;;;;;;;;x
upgrade_orgnum_throne;Трон Оргнума;;;;;;;;;;;;;x
upgrade_orgnum_throne_desc;Гигантский трон, сделанный из самых редких материалов на Нирне. Говорят, что тот, кто прикоснется к нему, умирает, поскольку достойны этого только те, кто обладает божественной силой Оргнума.;;;;;;;;;;;;;x
upgrade_godkiller_throne;Трон Богаубийцы;;;;;;;;;;;;;x
upgrade_godkiller_throne_desc;Символ Победителя Богов над ложным Богом Оргнумом, этот огромный трон служит напоминанием и угрозой для любого, кто бросит вызов воле его владельца.;;;;;;;;;;;;;x
upgrade_divine_statues;Божественные Статуи;;;;;;;;;;;;;x
upgrade_divine_statues_desc;Набор статуй, посвященных всем богам, святым и важным предкам веры Пиандонеи.;;;;;;;;;;;;;x
upgrade_great_serpent_hall;Великий Змеиный зал;;;;;;;;;;;;;x
upgrade_great_serpent_hall_desc;Уединенная часть Храма, где разводят сотни гигантских морских змей, готовых к бою.;;;;;;;;;;;;;x
upgrade_heralds;Вестники;;;;;;;;;;;;;x
upgrade_heralds_desc;Десятки Вестников обучены и получают свои заказы здесь. Они несут волю Оргнума и являются его представителями во внешних провинциях.;;;;;;;;;;;;;x
upgrade_divine_guard;Божественная охрана;;;;;;;;;;;;;x
upgrade_divine_guard_desc;Специальный полк элитных войск, отвечающих только перед нами, будет иметь решающее значение, если мы хотим сохранить контроль над островом и за его пределами.;;;;;;;;;;;;;x
upgrade_sacristan_orgnum;Священый Дом;;;;;;;;;;;;;x
upgrade_sacristan_orgnum_desc;Дом жрецов Храма, маормер, выбранный самим Оргнумом в качестве своего делегата на Пиандонею.;;;;;;;;;;;;;x
title_sacristan_orgnum;Жрецы храма Оргнум;;;;;;;;;;;;;x
title_sacristan_orgnum_desc;Смотритель Храма Оргнума, когда Царя-Бога нет на его острове.;;;;;;;;;;;;;x
sacristan_orgnum_custom_modifier_tt;Открывает §YСмотритель Храма Оргнума§! второстепенный титул;;;;;;;;;;;;;x
wonder_cath_bedraud;Кладбище Кэт Бедро;;;;;;;;;;;;;x
wonder_cath_bedraud_desc;Величайшее кладбище из всех в Хай Роке, там похоронены бесчисленные дворяне. Среди могил можно найти целые династии, большинство из которых давно исчезли...;;;;;;;;;;;;;x
upgrade_sexton_cath_bedraud;Дом могильщика Кэт Бедро;;;;;;;;;;;;;x
upgrade_sexton_cath_bedraud_desc;Дом могильщика Кладбища, отвечающий за уход за могилами, маленькими церквями и теми, кто хочет их посетить...;;;;;;;;;;;;;x
title_sacristan_orgnum;Пономарь Кэт Бедрауд;;;;;;;;;;;;;x
title_sacristan_orgnum_desc;Пономарь Кэт Бедрауд, отвечает за все кладбище.;;;;;;;;;;;;;x
sexton_cath_bedraud_custom_modifier_tt;Открывает §YПономарь Кэт Бедрауд§! второстепенный титул.;;;;;;;;;;;;;x
wonder_volwesi;Волвеси-Ши;;;;;;;;;;;;;x
wonder_volwesi_desc;Великий-Ши стоит как один из выдающихся городов как в Акавире, так и во всем Нирне. Хотя большую часть своего существования город находился под властью Цаэски, следы его Акавирских основателей - людей, все еще могут быть найдены теми, кто знает, где искать.;;;;;;;;;;;;;x
upgrade_volwesi_canals;Великие Каналы;;;;;;;;;;;;;x
upgrade_volwesi_canals_desc;Обширные системы каналов Волвеси позволяют быстро перемещать товары и людей по всему городу и прилегающим территориям.;;;;;;;;;;;;;x
upgrade_dragonguard;Казармы Драконьей Гвардии;;;;;;;;;;;;;x
upgrade_dragonguard_desc;Хотя драконья гвардия официально не связана с городом, она уже давно работает над защитой Волвеси-Ши от угроз, крылатых и прочих.;;;;;;;;;;;;;x
upgrade_volwesi_governor;Великое министерство;;;;;;;;;;;;;x
upgrade_volwesi_governor_desc;Великое министерство является домом для губернатора Волвеси и их небольшой армии государственных служащих.;;;;;;;;;;;;;x
title_volwesi_governor_custom_modifier_tt;Открывает §YГубернатор Волвеси§! второстепенный титул;;;;;;;;;;;;;x
title_volwesi_governor;Губернатор Волвеси;;;;;;;;;;;;;x
title_volwesi_governor_desc;Губернатор Волвеси отвечает за обеспечение безопасности и стабильности в префектуре Волвеси.;;;;;;;;;;;;;x
upgrade_high_commissioners_bureau;Бюро Уполномоченного по правам человека;;;;;;;;;;;;;x
upgrade_high_commissioners_bureau_desc;Комиссия, назначенная для наблюдения как за развитием Волвеси-Ши, так и за его торговыми путями с остальной частью королевства.;;;;;;;;;;;;;x
upgrade_haematic_temple;Гематический Храм;;;;;;;;;;;;;x
upgrade_haematic_temple_desc;Большой храм, используемый для всех видов хаэтических ритуалов. Известковый раствор окружающих булыжников уже давно был окрашен в красный цвет .;;;;;;;;;;;;;x
tsaesci_drink_blood_bonus_tt;Дарует дополнительное благочестие при принятии решения §YДобыть кровь для жертвоприношения§!.;;;;;;;;;;;;;x
tsaesci_blood_ritual_haematic_temple_tt;Эта опция доступна, потому что вы построили §YГематический Храм§!;;;;;;;;;;;;;x
upgrade_akaviri_memorial;Сад памяти;;;;;;;;;;;;;x
upgrade_akaviri_memorial_desc;Сад, посвященный памяти бесчисленных Акавирцев, убитых Цаэски. Он служит торжественным напоминанием о том, как далеко продвинулся наш народ, и о нашей решимости никогда больше не падать.;;;;;;;;;;;;;x
upgrade_serpentine_palace;Змеиный Дворец;;;;;;;;;;;;;x
upgrade_serpentine_palace_desc;Дворец исторических Цаесских правителей Волвеси. Он возвышается над великим городом как постоянное напоминание об их узурпации Акавирцами.;;;;;;;;;;;;;x
upgrade_ginyeom_palace;Дворец Гиньем;;;;;;;;;;;;;x
upgrade_ginyeom_palace_desc;Построенный на разрушенном фундаменте змеевидного дворца, Гиниом является домом для восстановленной акавирской знати города.;;;;;;;;;;;;;x
upgrade_volwesi_palace_generic;Дворец Волвеси;;;;;;;;;;;;;x
upgrade_volwesi_palace_generic_desc;Великолепный дворец для правителя Вольвеси, в котором он будет проживать и удерживать двор во время пребывания в городе.;;;;;;;;;;;;;x
volwesi_palace_destroyed_tt;Нынешний Дворец в Волвеси-Ши будет сравнен с землей;;;;;;;;;;;;;x
volwesi_destroy_palace_decision;Разрушить Дворец Волвеси;;;;;;;;;;;;;x
volwesi_destroy_palace_decision_desc;Нынешний Дворец в Волвеси-Ши- это неизгладимый шрам от тех времен, когда городом правили наши враги. Он должен быть уничтожен, прежде чем мы сможем начать восстанавливать его.;;;;;;;;;;;;;x
upgrade_scaled_wales;Чешуйчатый Уэльс;;;;;;;;;;;;;x
upgrade_scaled_wales_desc;Высокие стены, покрытые чешуей, создавали вокруг города огромную змеевидную полосу. Они столь же стойкие, сколь и ошеломляющие.;;;;;;;;;;;;;x
ekwonder.101.desc1;[From.GetFullName] мертв. Они вели благочестиво благочестивую жизнь не испорченную прикосновением человека и среди всех кандидатов на погребение в Склепе Добродетельных Дев, [From.GetFullName] это, пожалуй, самое достойное.;;;;;;;;;;;;;x
ekwonder.101.desc1a;[From.GetFullName] мертв. Они вели благочестиво благочестивую жизнь, и хотя они испорчены прикосновением человека, их преданность и благочестие не имеют себе равных. Из-за этого жрицы, которые ухаживают за криптой, позволят [From.GetFullName] быть погребенном внутри.;;;;;;;;;;;;;x
ekwonder.101.desc2;[From.GetFullName] мертв. Поскольку они умерли незамужними и без наследника, они имеют право на погребение в Склепе Добродетельных Дев, священном месте, где несколько истинно добродетельных женщин нашего народа мирно дремлют.;;;;;;;;;;;;;x
ekwonder.101.desc3;[From.GetFullName] мертв. Как Благочестивая Жрица [From.GetReligion.GetName] они имеют право на погребение в Склепе Добродетельных Дев.;;;;;;;;;;;;;x
ekwonder.101.opt0;[From.GetFirstName] будет устроена пышная церемония, чтобы проводить их в загробную жизнь.;;;;;;;;;;;;;x
ekwonder.101.opt0_tt;Вы приглашаете все царство пройти погребение [From.GetFirstName].;;;;;;;;;;;;;x
ekwonder.101.opt1;[From.GetFullName] будет похоронен в склепе, как того требуют обряды.;;;;;;;;;;;;;x
ekwonder.101.opt1_tt;Вы приказали жрицам Моталиона похоронить [From.GetFirstName] со всеми подобающими обрядами в небольшой, почтительной церемонии.;;;;;;;;;;;;;x
ekwonder.101.opt2;Я отказываю [From.GetFirstName] в привелегии, бросьте их вместе с нищими.;;;;;;;;;;;;;x
ekwonder.101.opt2_tt;[From.GetFirstName] хоронят с небольшими фанфарами в склепе забытых, месте для отбросов общества.;;;;;;;;;;;;;x
ekwonder.101.opt3;[From.GetFirstName] недостоин погребения в Священном некрополе.;;;;;;;;;;;;;x
ekwonder.101.opt3_tt;Останки [From.GetTitledFirstName] будут переданы ее семье для захоронения.;;;;;;;;;;;;;x
ekwonder.102.descA;Когда солнце поднялось над Моталионом, начался первый из обрядов, и под его лучами умерший был освящен благословением Ту'Вакки. [FromFrom.GetFirstName] отправили в тихое место для мумификации, ее органы и мозг удалили, чтобы предотвратить появление некрасивых пятен, а ее тело обернули сотнями шагов из тончайшего белья и можжевеловой смолы. Затем, когда садилось солнце, грандиозная похоронная процессия привела ее к ее последнему месту отдыха, хотя только ее семья и Жрицы вошли в ее личную комнату с ней. Как только ее тело было положено в ее саркофаг, оно было украшено амулетами, браслетами и другими безделушками, подходящими ее месту в жизни. Наконец, присутствовавшие воспевали последние обряды, и ее богато украшенный саркофаг был запечатан оберегами от нарушителей. После того, как похоронная церемония была закончена, участники пировали и праздновали [FROMFROM.GetFirstName] до поздней ночи. Сказки о ее жизни и делах пели и рассказывали, проливали много слез радости и грусти.;;;;;;;;;;;;;x
ekwonder.102.descB;Освященное тело [FromFrom.GetFullName] было погребено в Склепе Добродетельных Дев на небольшой почтительной церемонии, на которой присутствовали ее семья, ближайшие друзья и Жрицы Склепа. Те, кто уважал [FromFrom.GetFirstName], будут помнить то уважение, которое ей оказали в ее последнем путешествии, а также тех, кто ее не любил.;;;;;;;;;;;;;x
ekwonder.102.opt1;Долго еще будут помнить, как я чту мертвых...;;;;;;;;;;;;;x
ekwonder.102.opt1_tt;...и возможно, когда-нибудь я тоже буду удостоен такой чести.;;;;;;;;;;;;;x
knahaten_immunity_modifier;Иммунитет к Болезням: §GКнахатенский Грипп§!;;;;;;;;;;;;;x
motalion_burial;Погребен в Моталионе;;;;;;;;;;;;;x
motalion_burial;[Root.GetFirstName] был погребен с надлежащими обрядами в некрополе Моталион.;;;;;;;;;;;;;x
view_the_dead_of_motalion_decision;Посмотреть погребенных Моталиона;;;;;;;;;;;;;x
view_the_dead_of_motalion_decision_desc;Посмотрите список лиц, погребенных с обрядами в некрополе Моталиона;;;;;;;;;;;;;x
ekwonder.103.opt;Покойся с миром.;;;;;;;;;;;;;x
ekwonder.103.desc;Вы получаете длинный толстый пергамент со списком всех захороненных в некрополе Моталиона.\n(См. Всплывающую Подсказку);;;;;;;;;;;;;x
upgrade_master_shipwright;Мастер Кораблестроитель;;;;;;;;;;;;;x
upgrade_master_shipwright_desc;Главный корабельный мастер Джилкурфика - главный смотритель больших верфей.;;;;;;;;;;;;;x
DEATH_EXECUTION_SKYFORGE_CHAMBER;был казнен в горниле Небесного Кузнице руками $KILLER$.;;;;;;;;;;;;;x
dwemer_carronade_artifact;Двемерская артиллерия;;;;;;;;;;;;;x
dwemer_carronade_artifact_desc;Форма легкой двемерской артиллерии способна в короткие сроки превратить обычные укрепления в руины.;;;;;;;;;;;;;x
knotify288d;Среди Двемеров артиллерия восстановилась в [event_target:upgrade_province.GetName] это была редкая Двемерская Карронада. В отличие от более крупной пушки, карронада может быть легко перемещена с армией, не значительно замедляя ее. Это разрушительное осадное орудие было восстановлено вашими самыми опытными инженерами и представлено вам их мастером.;;;;;;;;;;;;;x
DEATH_EXECUTION_SKYFORGE_CHAMBER;был казнен в горниле Небесного Кузнице руками $KILLER$.;;;;;;;;;;;;;x
wonder_menagerie_silvarwoad;Зверинец Сил-Вар-Вуд;;;;;;;;;;;;;x
wonder_menagerie_silvarwoad_desc;Гигантский зверинец, вмещающий сотни экзотических животных и растений... Гости со всего Тамриэля приезжают сюда, чтобы полюбоваться фантастическими животными и цветами, хранящимися здесь.;;;;;;;;;;;;;x
upgrade_senche_pen;Сенче Пен;;;;;;;;;;;;;x
upgrade_senche_pen_desc;Здесь содержатся огромные существа, используемые каджитами в качестве боевых зверей. Несмотря на невероятное величие, некоторые из наших подданных - каджитов утверждают, что это оскорбление их расы...;;;;;;;;;;;;;x
upgrade_mammoth_paddock;Мамонт Паддок;;;;;;;;;;;;;x
upgrade_senche_pen_desc;Существа, родом из замерзших равнин Скайрима и за его пределами, хранятся здесь. ;;;;;;;;;;;;;x
upgrade_jungle_enclosure;Вложение джунглей;;;;;;;;;;;;;x
upgrade_jungle_enclosure_desc;Регулярно срубая деревья , чтобы посадить то, что могло перейти в естественную флору джунглей. Странных животных и красивые цветы можно найти здесь.;;;;;;;;;;;;;x
upgrade_zookeeper_silvarwoad;Дом работник зоопарка;;;;;;;;;;;;;x
upgrade_zookeeper_silvarwoad_desc;Зверинец, такой большой, как этот, не может быть оставлен в руках первого, кого мы увидим.;;;;;;;;;;;;;x
zookeeper_silvarwoad_custom_modifier_tt;Открывает §YРаботник зоопарка Сил-Вар-Вуд§! второстепенный титул;;;;;;;;;;;;;x
ekwonder.50.d;Черный рынок - это не совсем то, что вы ожидали. Он напоминает довольно обычный рынок, находящийся внутри явно заброшенного здания и торгующий всевозможными обычными и незаконными товарами. Ваша маскировка, кажется, работает, никто вас не узнал, и вы можете свободно бродить по рынку.;;;;;;;;;;;;;x
ekwonder.50.opt1.tt;Торговец экзотическим оружием и доспехами.;;;;;;;;;;;;;x
ekwonder.50.opt1;Посетить торговца оружием.;;;;;;;;;;;;;x
ekwonder.50.opt2.tt;Место, где можно купить запрещенные книги и магические принадлежности, запрещенные Гильдией Магов.
ekwonder.50.opt2;Посетить рынок колдунов.;;;;;;;;;;;;;x
ekwonder.50.opt3.tt;Оградка, за которой продаются случайные предметы по сниженным ценам.;;;;;;;;;;;;;x
ekwonder.50.opt3;Посетить логово воров.;;;;;;;;;;;;;x
ekwonder.50.opt4.tt;Дружелюбный болтун с товарами для продажи...;;;;;;;;;;;;;x
ekwonder.50.opt4;Посетить торговца грязых крабов.;;;;;;;;;;;;;x
ekwonder.85.d.1;Вас окружает кучка маленьких болтающих детей. "Пожалуйста, [Root.GetLordLady], не пожалеете монетки для нас, бедных сирот?" девочка протягивает руки.;;;;;;;;;;;;;x
ekwonder.85.d.2;На вас натыкается гибкая молодая женщина, и никто не обращает внимания на то, куда вы идете. "Ой! Мне ужасно жаль, [Root.GetLordLady]!" Она улыбается, кратко кланяется и исчезает в толпе покупателей.;;;;;;;;;;;;;x
ekwonder.85.d.3;Большой, толстый мужчина ударяется об вас, сбивая с ног. К счастью довольно проворный каджит ловит вас прежде чем вы упадете на землю, "Будьте осторожны на своем пути, [Root.GetMasterMistress], это место может быть опасным для непосвященных." Он помогает тебе встать на ноги и расправить плащ, его лапы ловко разглаживают все складки и морщины. Он подмигивает тебе, кланяется и снова исчезает в толпе.;;;;;;;;;;;;;x
ekwonder.85.d.4;Сначала вы замечаете Альфика только тогда, когда он извивается и задевает ваши ноги. Он смотрит на вас снизу вверх и мурлычет. Вы смотрите в его глаза, которые, кажется, вращаются и светятся. Рынок вокруг вас затихает, и ваш ум затуманивается. Внезапно вы возвращаетесь к реальности и оказываетесь в тихом, темном уголке рынка. Самого Альфика нигде нет.;;;;;;;;;;;;;x
ekwonder.85.opt1;Я должен смотреть, куда иду.;;;;;;;;;;;;;x
ekwonder.85.opt5;Что за несносный тип! Хотя дружелюбный кот...;;;;;;;;;;;;;x
ekwonder.85.opt2;Бросить ребенку монетку.;;;;;;;;;;;;;x
ekwonder.85.opt3;Проталкиваться сквозь толпу детей, не обращая внимания на их мольбы.;;;;;;;;;;;;;x
ekwonder.85.opt4;Это было...странно.;;;;;;;;;;;;;x
ekwonder.86.d.1;Вы не можете не заметить, как дети разбегаются в толпе и что ваш кошелек чувствует себя легче, чем должен. Эти беспризорники, кажется, украли у вас больше, чем одну монету...;;;;;;;;;;;;;x
ekwonder.86.d.2;Когда вы отворачиваетесь от женщины, вес вашего кошелька с монетами неожиданно становится легче на вашем поясе. Она была всего лишь карманницей!;;;;;;;;;;;;;x
ekwonder.86.d.3;Наблюдая за тем, как каджит исчезает в толпе, вы замечаете, что ваш кошелек становится на несколько монет легче...;;;;;;;;;;;;;x
ekwonder.86.d.4;Когда ваши чувства возвращаются к вам, вы замечаете, что ваш кошелек для монет не висит так тяжело, как раньше. Похоже, что Альфик сбежал с хорошим куском ваших денег.;;;;;;;;;;;;;x
ekwonder.86.d;Вы готовитесь вновь войти в толпу рынка только для того, чтобы почувствовать пульсирующую боль, которая охватила вашу шею. Вы протягиваете руку и растираете область, чувствуя две крошечные порезы и, как ни странно, никакой крови, поскольку они уже начали заживать. Этот Альфик, должно быть, напал на вас!;;;;;;;;;;;;;x
ekwonder.86.opt1;Эти маленькие говнюки!;;;;;;;;;;;;;x
ekwonder.86.opt2;Вот же шлюха!;;;;;;;;;;;;;x
ekwonder.86.opt3;Вот негодяй!;;;;;;;;;;;;;x
ekwonder.86.opt4;Это... Это... Блошиный мешок!;;;;;;;;;;;;;x
ekwonder.87.opt;Странное место для кошки, чтобы укусить меня...;;;;;;;;;;;;;x
ekwonder.90.d;Придворный передает вам наспех нацарапанную грязную записку. "[event_target:black_market_rival.GetFirstName], твой ненавистный соперник, [event_target:bm_shopper.GetFirstName] в настоящее время посещает местную тусовку банды, рынок некоторых... плохой репутации. ээ... можно сказать Черный рынок. За несколько монет мы с моими соотечественниками можем раздобыть для вас этого человека, а еще за несколько монет мы можем даже избавиться от него здесь и сейчас. Вы должны реагировать быстро, [event_target:bm_shopper.GetFirstName], я здесь надолго не задержусь!".;;;;;;;;;;;;;x
ekwonder.90.opt1.tt;Я срочно отправляюсь к [event_target:black_market_kidnapper.GetFirstName], лидеру банды. Всё, что вы можете сделать сейчас, это ждать...;;;;;;;;;;;;;x
ekwonder.90.opt1.tt;Никакой посылки не было отправлено.;;;;;;;;;;;;;x
ekwonder.90.opt1;Там всегда есть камера, которая ждет [event_target:bm_shopper.GetFirstName].;;;;;;;;;;;;;x
ekwonder.90.opt2;Пришло время избавиться от [event_target:bm_shopper.GetFirstName]!;;;;;;;;;;;;;x
ekwonder.90.opt3;У меня есть другие планы на [event_target:bm_shopper.GetFirstName].;;;;;;;;;;;;;x
##
wonder_divine_cathedral;Собор Божествам;;;;;;;;;;;;;x
wonder_divine_cathedral_desc;Этот огромный собор является одним из самых важных мест поклонения для тех, кто следует за Божествами. Каждый из них представлен святыней или витражом.;;;;;;;;;;;;;x
wonder_divine_cathedral_construction_desc;Место поклонения, где самые верные из [Root.Religion.GetName] могут поклоняться Божествам. Его владелец будет вознагражден большим количеством §YБлагочестия§!, и возможностью хранить свои артефакты ...;;;;;;;;;;;;;x
upgrade_shrines_divines;Святыни Божествам;;;;;;;;;;;;;x
upgrade_shrines_divines_desc;В то время как небольшие места поклонения, как правило, посвящены одному Божеству, этот Собор будет представлять их всех.;;;;;;;;;;;;;x
constructed_imperial_chapel;Построена Императорская Часовня;;;;;;;;;;;;;x
constructed_divine_shrine;Построен Храм Божеств (Great Work Upgrade);;;;;;;;;;;;;x
### Recruit Gladiator from the Imperial City
recruit_gladiator_ic_arena;Рекрутировать Гладиатора с Арены;;;;;;;;;;;;;x
recruit_gladiator_ic_arena_desc;На арену Имперского Города съезжаются воины со всего Тамриэля, готовые отдать свои жизни за славу, острые ощущения боя и немного с трудом заработанных денег. В то время как большинство из них живут и умирают на арене, Императоры или другие правители Имперского города приглашают одного из них и дают им возможность заработать славу и землю в своих новых завоеваниях и кампаниях.;;;;;;;;;;;;;x
ekwonder.150.d.bretonKnight;С рассветом на Арене стояли десятки воинов. Когда наступили сумерки, остался только один.\n\n[gladiator_recruited.GetFirstName], Последний ребенок маленького бретонского лорда решил покинуть Хай Рок и заполучить свое собственное наследие на Имперской Арене. Обученный с детства искусству рыцарства, он стал компетентным командиром и тем, кто сможет понять и выжить среди знати Тамриэля и их интриг.\n\n[gladiator_recruited.GetSheHeCap] теперь готов и даже горит желанием присоединиться к вам.;;;;;;;;;;;;;x
ekwonder.150.d.khajiitCaravaner;С рассветом на Арене стояли десятки воинов. Когда наступили сумерки, остался только один.\n\n[gladiator_recruited.GetFirstName] сделал себе имя разведчика успешного, хотя и немного сомнительного, каравана Каджитов.. Однажды, сопровождая свой караван в специальной доставке к избранной группе джентльменов в Имперском городе,он глубоко заинтересовался прибылью, которую можно было бы извлечь из Арены. После потери всего своего золота на слишком многих неудачных ставках, у [gladiator_recruited.GetFirstName] не было другого выбора, кроме как самому драться на Арене, чтобы выплатить свои долги.\n\n[gladiator_recruited.GetSheHeCap] теперь стоит перед вами и желает присоединиться к вашему двору.;;;;;;;;;;;;;x
ekwonder.150.d.altmerOutcast;С рассветом на Арене стояли десятки воинов. Когда наступили сумерки, остался только один.\n\nИстория [gladiator_recruited.GetFirstName] началась в Алиноре. Непослушные дети воспринимаются как позор, и зачастую таких детей бросают родители. Этот умудрился прибыть в Сиродил еще ребенком, после того как его оставили выживать на улицах Алинора в течение многих лет. Здесь, [gladiator_recruited.GetSheHe] Он был взят под крыло другого Альтмера, который научил его сражаться как мечом, так и магией.\n[gladiator_recruited.GetSheHeCap] теперь стоит перед вами и желает присоединиться к вашему двору.;;;;;;;;;;;;;x
ekwonder.150.d.dunmerHouseless;С рассветом на Арене стояли десятки воинов. Когда наступили сумерки, остался только один.\n\n[gladiator_recruited.GetFirstName] верный слуга Дома Забот. В то время как некоторые великие дома Морровинда, особенно Телванни, могут терпеть членов, которые имеют дело с плохими Даэдрами, ни один не примет того, кто открыто и горячо поклоняется им. Когда-то выступая в качестве послушника [gladiator_recruited.Religion.GetName], он был изгнан из своего Дома и решил переехать в Сиродил. Следуя указаниям своего нечестивого учителя, он нашел новый способ быть полезным: распространять свое влияние через кровь и шоу на арене.\n\n[gladiator_recruited.GetSheHeCap] теперь стоит перед вами и желает присоединиться к вашему двору.;;;;;;;;;;;;;x
ekwonder.150.d.argonianPirate;С рассветом на Арене стояли десятки воинов. Когда наступили сумерки, остался только один.\n\nГрозный пират, он уклонялся от имперского флота в течение многих лет, но в один роковой день его флот попал в засаду и был атакован. Большая часть экипажа погибла, но [gladiator_recruited.GetFirstName] заключил сделку с капитаном флота и был отправлен на арену. С каждой победой [gladiator_recruited.GetFirstName] в матчах, бывший капитан становился все богаче и богаче. Стремясь вернуть себе свободу, он и его ворон Бранан решили ответить на ваш зов.\n\n[gladiator_recruited.GetSheHeCap] теперь стоит перед вами и желает присоединиться к вашему двору.;;;;;;;;;;;;;x
ekwonder.150.d.bosmerBlind;С рассветом на Арене стояли десятки воинов. Когда наступили сумерки, остался только один.\n\nНевысокий мер, [gladiator_recruited.GetFirstName] был найден едва живым караваном Каджитов около ритуального места Имга на границе между Валенвудом и Сиродилом. Его отвезли в Имперский Город на лечение, [gladiator_recruited.GetFirstName] проснулся c амнезией и ослепленный, обиженный на своих таинственных нападавших, но неспособный вспомнить свое собственное происхождение. Первоначально, [gladiator_recruited.GetFirstName] тренировал меткость как форму терапии, развивая свои другие чувства, а также устанавливал связь со своим босмерским наследием. В конце концов, [gladiator_recruited.GetFirstName] понял, что ослепленный, но удивительно опытный лучник мог бы легко заработать на арене.\n\n[gladiator_recruited.GetSheHeCap] теперь стоит перед вами и желает присоединиться к вашему двору.;;;;;;;;;;;;;x
ekwonder.150.d.nordBerserker;С рассветом на Арене стояли десятки воинов. Когда наступили сумерки, остался только один.\n\n[gladiator_recruited.GetFirstName], покрытый шрамами воин, родом из замерзших земель Скайрима, прибыл в Сиродил после победы над всеми чемпионами и большинством зверей в северной провинции. Стая волков, разбойников, великанов, древняя нежить и бесчисленные легенды противники - никто не мог сравниться с ним в мастерстве и ярости. Только проклятый клинок старой легенды о Ричмене добрался до него и оставил видимую отметину на его лице... Но когда Скайрим не смог принести никакого нового вызова, Имперская Арена позвала.. И пока что никто и ничто не смогло превзойти его.\n\n[gladiator_recruited.GetSheHeCap] теперь стоит перед вами и желает присоединиться к вашему двору.;;;;;;;;;;;;;x
ekwonder.150.d.genericHeretic;С рассветом на Арене стояли десятки воинов. Когда наступили сумерки, остался только один.\n\nВы помните имя [gladiator_recruited.GetFirstName]. Известный еретик, предположительно оскверненный [Root.Religion.GetRandomEvilGodName], [gladiator_recruited.GetFirstName] недавно попросил у местного проповедника обращения в нашу веру. Решив испытать своего новообретенного религиозного праведника, местное духовенство приговорило [gladiator_recruited.GetFirstName], почти без сопротивления со стороны [Root.RelHead.GetTitledFirstNameWithNick], к спорному гладиаторскому покаянию. Они объяснили это тем, что [gladiator_recruited.GetFirstName] ранее утверждал, что он был "защитником" своей старой веры, [gladiator_recruited.GetSheHe] хотел доказать [gladiator_recruited.GetHerHis] свое покаяние, став чемпионом нового типа: чемпионом арены, вознесенным к благодати благословением [Root.Religion.GetRandomGodName]. Похоже, что [gladiator_recruited.GetFirstName] выполнил свое испытание.\n\n[gladiator_recruited.GetSheHeCap] теперь стоит перед вами и желает присоединиться к вашему двору.;;;;;;;;;;;;;x
ekwonder.150.d.genericGuildsworn;С рассветом на Арене стояли десятки воинов. Когда наступили сумерки, остался только один.\n\nПеред вами гордо стоит воин в центре гладиаторской ямы, броня [gladiator_recruited.GetFirstName] окрашена в традиционные цвета гильдии [gladiator_recruited.Society.GetName]. Вступив в гильдию в раннем возрасте, вся его личность вращается вокруг его участия в ней. Неудивительно, что когда [gladiator_recruited.Society.GetTitledGrandMasterName] попросил добровольца показать доблесть гильдии на арене, [gladiator_recruited.GetFirstName] был первым, кто ответил, настаивая на том, что только он должен иметь честь. К счастью для него, способности, приобретенные в [gladiator_recruited.Society.GetName] были чрезвычайно полезны на быстро меняющихся полях сражений Арены.\n\n[gladiator_recruited.GetSheHeCap] теперь стоит перед вами и желает присоединиться к вашему двору.;;;;;;;;;;;;;x
ekwonder.150.d.genericCriminal;С рассветом на Арене стояли десятки воинов. Когда наступили сумерки, остался только один.\n\nВаши советники мало что знают о прошлом [gladiator_recruited.GetFirstName].Он выглядел как обычный заключенный из местной тюрьмы, сражающийся на арене так же, как и любой другой заключенный, он выглядит неприметно. Даже не смотря на то, что [gladiator_recruited.GetFirstName] был осужден за мелкое малозначимое преступление, которое не требовало никакого гладиаторского наказания, он сам настоял на этом. Судя по его безжалостности, ходили слухи, что его прошлое связано с каким-то тайным преступным синдикатом. Что бы он ни делал в прошлом, правда заключается в том, что его победа на Арене была настоящим уроком в скрытной тактике, ударе в спину и перехитрении противников. Прошлая жизнь [gladiator_recruited.GetFirstName] может быть загадочной, но его боевые способности теперь широко известны.\n\n[gladiator_recruited.GetSheHeCap] теперь стоит перед вами и желает присоединиться к вашему двору.;;;;;;;;;;;;;x
ekwonder.150.d.orsimerRenegadeF;С рассветом на Арене стояли десятки воинов. Когда наступили сумерки, остался только один.\n\n[gladiator_recruited.GetFirstName] предпочла забыть ту захолустную крепость на холме, где родилась. Будучи дочерью традиционного орсимерского вождя, она с юных лет узнала, что согласно Кодексу Малаката она должна была выйти замуж за союзного вождя и служить ему в качестве жены-кузницы или жены-охотницы, обеспечивая крепость своего отца важным союзом против чужаков. К несчастью для оркского патриархата, [gladiator_recruited.GetFirstName] сбежала из крепости под покровом ночи, оставив всё позади. Отвергнутая своей семьей, она предпочитала быть бедной и свободной, чем быть женой старого орка, которого даже не любила. Ей не потребовалось много времени, чтобы понять, что такой сильный и независимый Орсимер, как она, может легко найти себе новый дом и новую профессию на арене.\n\n[gladiator_recruited.GetSheHeCap] теперь стоит перед вами и желает присоединиться к вашему двору.;;;;;;;;;;;;;x
ekwonder.150.d.orsimerRenegadeM;С рассветом на Арене стояли десятки воинов. Когда наступили сумерки, остался только один.\n\n[gladiator_recruited.GetFirstName] предпочел забыть ту захолустную крепость на холме, где родился. Будучи сыном традиционного вождя орсимеров, он с юных лет узнал, что согласно Кодексу Малаката ему в конце концов придется бросить вызов своим братьям и собственному отцу за право управлять их землями. К несчастью для оркского патриархата, [gladiator_recruited.GetFirstName] не мог решиться на такую участь и бежал из крепости под покровом ночи, оставив все эти ожидания позади. Отвергнутый своей семьей, он предпочитал быть бедным и свободным, чем быть вынужденным участвовать в древних традициях, которые он даже не полностью понимал. Ему не потребовалось много времени, чтобы понять, что такой сильный и независимый орсимер, как он, может легко найти себе новый дом и новую профессию на арене.\n\n[gladiator_recruited.GetSheHeCap] теперь стоит перед вами и желает присоединиться к вашему двору.;;;;;;;;;;;;;x
ekwonder.150.d.imperialMonk;С рассветом на Арене стояли десятки воинов. Когда наступили сумерки, остался только один.\n\nПосвятив большую часть своей жизни служению Культу Мотылька Предка, [gladiator_recruited.GetFirstName] решил взять судьбу в свои руки. Только так случилось, что самый быстрый способ сделать это - присоединиться к Арене. Похоже, что годы тяжелых тренировок [gladiator_recruited.GetFirstName] позволили ему полностью контролировать свои мышцы и наносить превосходный удар крюком. Без сомнения можно сказать, что показ его рукопашного боя шокировал вас и всю арену. Даже если [gladiator_recruited.GetFirstName] в конечном итоге потребуется вернуться в свою обитель, сейчас он позволил себе радоваться этому блаженному моменту.\n\n[gladiator_recruited.GetSheHeCap] теперь стоит перед вами и желает присоединиться к вашему двору.;;;;;;;;;;;;;x
ekwonder.150.d.yokudanSwordsinger;С рассветом на Арене стояли десятки воинов. Когда наступили сумерки, остался только один.\n\n[gladiator_recruited.GetFirstName] едва виден в центре арены. Его серия быстрых и точных ударов заставляет думать, что в гладиаторской яме произошел небольшой торнадо. Вам сообщили, что этот таинственный чемпион прибыл в город на днях. [gladiator_recruited.GetFirstName] прибыл на торговом корабле, который приплыл из Херна, через Строс М'кай, чтобы договориться о торговой сделке с местным торговцем. Некоторые довольно внимательные зрители арены даже утверждают, что его явное отсутствие языка, а также самоизъявление в изгнании являются известным традиционным наказанием йокудан за то, что они делятся секретными техниками меча с простыми людьми. Неизвестно, есть ли в этих слухах хоть капля правды, поскольку он никогда об этом сам сказать не сможет. Ваша единственная уверенность заключается в том, что сверхъестественное проявление фехтовального искусства [gladiator_recruited.GetFirstName] на арене имеют жуткое сходство с деяниями, приписываемыми Певцам Мечей Йокуды. \n\n[gladiator_recruited.GetSheHeCap] теперь стоит перед вами и желает присоединиться к вашему двору.;;;;;;;;;;;;;x
ekwonder.150.d.atmoranChampion;С рассветом на Арене стояли десятки воинов. Когда наступили сумерки, остался только один.\n\nКогда вы подошли поздороваться с [gladiator_recruited.GetFirstName], он смог ответить только шепотом. Он рассказал вам историю молодого человека, который родом из замерзшей пустоши далеко отсюда. Много лет назад он прибыл в Скайрим и отправился учиться к Седобородым. Казалось, он обладал природным даром голоса, но вскоре был исключен из ордена. В поисках дальнейшего жизненного пути, [gladiator_recruited.GetFirstName] прибыл в Сиродил и решил попробовать свою удачу на Имперской Арене...\n\n[gladiator_recruited.GetSheHeCap] теперь стоит перед вами и желает присоединиться к вашему двору.;;;;;;;;;;;;;x
ekwonder.150.d.akaviriRefugee;С рассветом на Арене стояли десятки воинов. Когда наступили сумерки, остался только один.\n\nСтранно выглядящий мечник родом из далекого Акавира, земли, раздираемой войной и завоеваниями. Незадолго до того, как он покинул свою родину, цаэски напали и разрушили его маленькую деревню, оставив лишь несколько рассеянных и напуганных жителей деревни. Они покинули свою землю, присоединившись к другому кораблю выживших, которые попытали счастья в Катноквей, а некоторые даже решили присоединиться к мифической "Драконьей страже". [gladiator_recruited.GetFirstName] не нашел легендарных воинов Акавира, но нашел свое призвание на Имперской Арене.\n\n[gladiator_recruited.GetSheHeCap] теперь стоит перед вами и желает присоединиться к вашему двору.;;;;;;;;;;;;;x
ekwonder.150.d.redguardGladiator;С рассветом на Арене стояли десятки воинов. Когда наступили сумерки, остался только один.\n\nПо очевидному выбора зрителей арены, [gladiator_recruited.GetFirstName] является знаменитостью на арене. Будучи ребенком, оставленным на попечение широко известной команды гладиаторов, [gladiator_recruited.GetSheHe] не знает никакой другой жизни, кроме жизни профессионального гладиатора. Пока его сверстники занимались болтовней, он был занят изучением клинка. К счастью для [gladiator_recruited.GetFirstName], его команда никогда не испытывала недостатка в коллегах редгардах, спасающихся от политических преследований в Хаммерфелле, так что у него был шанс изучить традиционную [gladiator_recruited.Culture.GetName] технику меча с подросткового возраста. Все это обучение окупилось и [gladiator_recruited.GetFirstName] в конце концов стал довольно известным, побив несколько рекордов как один из самых продолжительных чемпионов Арены, не проигравшего ни одного боя и не использовавшего никакой магии.\n\n[gladiator_recruited.GetSheHeCap] теперь стоит перед вами и желает присоединиться к вашему двору.;;;;;;;;;;;;;x
ekwonder.150.optA;Настоящий воин! Присоединяйся ко мне!;;;;;;;;;;;;;x
ekwonder.150.optB;Ты будешь моим Чемпионом!;;;;;;;;;;;;;x
ekwonder.150.optC;Я не впечатлен, казните его!;;;;;;;;;;;;;x
ekwonder.150.optD;И это все? Вы свободны...;;;;;;;;;;;;;x